human,bot
"Federal law supersedes state law, and cannabis, for medical or recreational use, is still prohibited by federal law. The reasons they give for keeping it illegal never hold water, though. So here we've consolidated all the arguments on both sides of the legality debate into one comprehensive list. Prohibitionists argue that marijuana (and other drugs) should be banned because if you can buy them legally in your town then there's no way to stop people from using them illegally - which means there would be more criminals out there with a wider range of dangerous substances at their disposal than ever before. (That's why almost every country bans alcohol: Once it's available it's hard to keep track.) But some opponents have different opinions. They don't believe prohibition solves any problems; instead, they think it causes more harm than good by creating an unscrupulous black market where drug users are forced to pay high prices for high-quality products.",Bloom-7B,0,967,157
"Miles feels restless after working all day. He decides to go to the park and walk by the flowers. When he sees a couple there it reminds him of how they once started their relationship, then what happened in between. He misses her so much that he says ""I love you"" but she does not understand his feelings just saying ""No no...I didn't say anything! "" Then suddenly she gets up from the seat on which she's sitting. She turns around towards him and smiles at him. Then she bends down over him embracing him passionately. A few minutes later Ames is seated again with a glass full of wine drink. He's looks old outside while inside he's got an erection! Turns out it's as simple as this - The first thing we need to do when sleeping in a hotel room is to check our bag for any single-use items (e.g., toothbrushes). These are usually placed next to the bed or underneath the mattress if you're travelling solo, and should be left behind before anyone else enters the premises. The second step involves checking your suitcase yourself - make sure nothing's missing including shoes, luggage tags, passports etc. If you're traveling alone, unplug phones laptops too. If you have money lying about somewhere its best to keep it hidden or put in one of those long box type bags attached to your trunkback of car. That way it's easy to keep close control of whether it can see light. Please remember that hotels get paid big bucks for letting people stay here; therefore most places will let you leave valuables behind without charging them extra fee, especially if they're being checked regularly instead of every night:) Experience Paradisus Playa del Carmen's privileged location right along Paseo Kukulkan where fine dining restaurants, shopping malls and other attractions abound. Enjoy two pools, gymnastics studio, business center, meeting facilities and more! Relax in our spacious guest rooms featuring air conditioning, safe deposit boxes, mini-fridge and complimentary WiFi access. All rooms feature king-sized beds, white marble bathrooms, LCD TV's, cable television, telephone, hairdryer and coffee maker. For work convenience enjoy free printing services and faxing available 24 hours a day. Overlooking the beachfront pool area, this fully-equipped contemporary property features 42 comfortable guestrooms each fitted with air-condicioning, minibar, fridge, safe deposit-box, iPod dock, hair dryers and 26-inch flat-screen HDTVs. Each spacious suite offers private balconies overlooking idyllic Spanish Riviera beaches. Just steps away from the luxury hotel amenities include an indoor heated swimming pool, fitness centre, spa, sauna, beauty salon, medical clinic, mini-market, gift shop, restaurant, bar, lounge, panoramic terrace and children's playground. In addition, guests receive unlimited Wi-Fi access throughout the hotel. Parking garage available upon prior arrangement. Paradise Villas 2 Bedroom Pool Villa - Lagunamar Beach Resort, Mexico has been welcoming Booking.world travelers since Dec 4, 2014. This Paradise Villas 2 Bedroom Pool Villa - Lagunamar Beach Resort, Mexico hotel welcomes groups. According to ratings and reviews from users, this accommodation has excellent value for: food, location, pool, price-per-night, cleanliness and comfort. It has good distance from nearby landmark: Acuario de Cancun (0 km), Antiguo Palacio Municipal (1 km) and Museo Casa Estudio Diego Rivera y Frida Kahlo (2 km). The nearest airport is Cancun International Airport, 9.5 mi from Paradise Villas 2 Bedroom Pool Villa - Lagunamar Beach Resort, Mexico. Other options within reach include: Maya Palace Hotel (15-min drive) and Dreams La Quinta Inn Cancun Paraiso Del Mar (16-min drive). This 1 bedroom villa consists of: Living Room Kitchenette: sofa-bed, electric stove, microwave oven, refrigerator, kitchenware, dishes, cutlery and silverware; Double bed, twin bed with either double bed sofa or futon flat, armchairs; Balcony; bathroom... Located 3km from the Haitian border town of Jimani, the Dominican Republic is blessed with rich cultural history deeply embedded into many aspects of the landscape. One such example of these distinct national characteristics lies on the beautiful island of Saona, home to some incredibly powerful and interesting stone formations called Cabo Haitiano Rock Art. Cabo Haitiano contains three different rock art sites: Piedra Alta, Piedra Baja and El Cacao. Their unique locations offer visitors breathtaking views and an opportunity to learn something new about the culture surrounding these islands. Despite their relative remoteness, Cabo Haitiano remains accessible during peak season thanks to commercial flights departing from Santo Domingo. Amongst Cape Verde Islands' pristine beaches lie massive fossilized sandstone rocks known locally as ""pedras da Fita."" Formations like these were discovered in 2005, however only recently have local communities begun recognizing their significance and protecting them from erosion. As part of the effort to protect these rare specimens, they've even received celebr",Bloom-7B,0,5068,778
"So first of I am danish. That means that I follow american politics, much in the same way I follow german politics. Somethings are importent for me and my situation, but it also makes some things hard to understand. I was not born here, so there is obviously something about this country which I don't know or understand yet (and maybe even won't ever). Well....It's a bit weird playing with different languages all at once...but what can you do? The main thing is that it's fun:) The problem, as usual - people need a clear grounding on Danish values before they start discussing them because often times we just jump into talking without being very careful how many things are truefalse. Actually, I'm sorry if I'm too harsh; I've been reading some threads from your homeland lately where disagreements abound. (That's why I wasn't replying earlier.) But this time I'll be more gentle. As already said above: the whole discussion has nothing to do with whether it would be possible to translate a certain work of literature or art. It's entirely irrelevant whether only Danes in Denmark could have read that work of literary fiction or have seen that particular film. It doesn't matter who was responsible for producing these things either. Does anybody really believe, at least to their own minds, that those two works were created solely by Danish artists working exclusively in Denmark? Even though there's no direct correlation between having an ""original creation"" and its provenance, one still sees quite a few unfounded claims made against foreign authors based upon such superficial criteria.",Bloom-7B,0,1602,267
"In this paper we present a novel rule-based approach for Runtime Verification of FLTL properties over finite but expanding traces. Our system exploits Horn clauses in implication form and relies on the use of saturation [3] as an approximating technique to reduce checking time. Contributions The main contribution is that, unlike previous approaches [3, 8], our rules are not necessarily context-sensitive; i.e., they do not depend upon which locations have been visited by the run-time thread at any given point during verification. Consequently, our rules can be applied across different execution contexts without requiring modification of their structure or behaviour patterns 3. Furthermore, our method applies easily to both single-threaded programs (in which all control flows within one program instance belong only to the same location) and multi-threaded executions (where each control flow belongs either to just one location associated with some specific thread or to multiple locations). In addition, because the proposed rules rely solely on logic operators, the ability to soundly represent a wide range of temporal logics in the underlying constraint language allows us to achieve significant performance advantages when compared to existing methods [8]. Modeling techniques such as [7] where actions may execute concurrently along two branching paths must consider all possible combinations of these actions, thus resulting in inefficient computation times even if several alternative models exist. On the other hand, saturations provide efficient approximation algorithms for many property validation tasks [2]; however, there has been no work previously applying them directly to model-checking problems involving temporal-logic constraints. This gap was filled recently by [4] who exploited a similar notion of implicit saturation into context-free grammars. Here we extend the idea to handle arbitrary first-order theories expressed using the so-called LCF logic [6]. We also introduce an extension to the original definition from [4], adding flexibility through allowing LCF formulas to contain free variables whose types (i.e., the set of values assigned to those variables) will be computed by the corresponding model checker. As shown later in Section 4, this capability enables us to apply the saturated inference to solve more complex problems than were addressed in earlier works [4, 7]. Finally, while mechanisms based on symmetry breaking [20] may increase efficiency [19] for certain types of systems [19, 21] -which are often used to divide up large instances to be solved independently-but cannot guarantee complete accuracy [12], our semantics make it easy to automatically check whether any detected symmetries affect results obtained by the application of our SAT solver. The applicability of our algorithm to larger specifications is demonstrated by running experiments on the case study discussed below. We would like to remark here that although our approach does not perform very well when considering infinite traces, its most important advantage lies in its ease-of-use: since information about variable assignments matters little for our purpose, setting aside unsound assumptions regarding how history affects future events seems unnecessary. Moreover, as mentioned above, straightforward improvements could further enhance scalability in terms of exponential reduction of search space size [21]. It is worth noting though that, in practice, solving satisfiability queries for general fragments of linear arithmetic [11] requires significantly less computational effort and memory consumption than standard state-of-the-art SAT solvers due specifically to the simplified encoding used in conjunction with specialized heuristics [15]. Our Techniques Preliminaries A labeled transition system consists of: 1) A set of states S {s 0,..., s n } representing concrete objects under investigation; 2) Labels (S), a set of labels associated with transitions between them; and 3) Transition relation R s 0), label) (s 1) s m1), label) (s m). The notation R denotes the subset of S consisting of sequences starting with state s: ,..., (s m) (see e.g., [9] for details). Definition 1: Given a tuple of nodes s (s 0, l o..., l p), l o Labels (S), l j1 l k means that the node labelled l j1 is reachable from node s via a sequence of transitions labelled l k: (1) Given a literal x then x represents its negation and vice versa. If t is a term containing literals then t[x: v] denotes replacing occurrences of the variable x in t by value v, whereas tx refers to the result after removing all occurrences of x: ,...... Definition 2: Let c be a clause defined as: c:: head body; let X denote the set of variables occurring freely inside c; T Z refer respectively to set of type-related and numeric operands of c; C (X) denote the set of unique sub-clauses of c generated by excluding the variables appearing outside of terms. Rules To enforce locality restrictions on formula , namely disallowing interference among threads, we integrate the concept of priorities with respect to sets of particular atoms introduced in [14]. This leads to: Definition 3: With every atom l occurring in associate a priority P (l) Range[0.. 1] denoting the lowest index wrt which the occurrence of l should be considered; moreover, suppose C n, the largest number assumed by 's connected components. Then define the precedence operator by: Notice that: ...",Bloom-7B,0,5469,848
"Most social progressives, love democracy, and so it is of relatively little surprise to me that as they have achieved a majority (in Reddit and the West), that they want more. More power for them, greater control over society's resources, and all things in between. Unfortunately this trend towards increasing authoritarianism does not appear limited to political movements: I've often wondered why my parents were never anti-socialist or pro-business but are now. I'm curious if you can give us some insight into their thinking process or what might be going on with our country? For years I had only seen people like my mom talking about social justice issues but I've recently realized how much has changed since then also around here. My dad didn't like politicians at first either-his concern was government spending. He once told me: ""If we could cut taxes and still afford everything we needed...then I'd believe there really was anything worth saving!"" But I've learned he always thought governments should take care of basic necessities such as health insurance, schools etc., rather than focus too heavily on non-essential programs... He had to work hard after college because he wanted good education for his kids - even though he never earned any money doing that, he believed strongly enough in schooling to make sacrifices. It seems your father understood many principles of capitalism well before it became mainstream. And buying lottery tickets wasn't out of line with those ideas. (Even though no one ever said he won something big.) Both sides seem very passionate about making America bigger again and pulling away from globalization quite a bit in terms of trade policies. How do you think these will play out? What a perfect example of paternalism driven by fear. Most folks don't know where and when taxation actually ends and social welfare begins. It's laughable that anyone would argue otherwise; it's just plain ignorant. No doubt most Americans who support Trump wish for higher levels of government intervention similar to those proposed by Bernie Sanders, Donald Rumsfeld, Dick Cheney, Ronald Reagan, Margaret Thatcher, Bill Clinton, George Bush Jr, John McCain Barack Obama. They're looking forward to earning back lost rights while simultaneously rewarded with new ones via progressive legislation introduced under the guise of alleviating poverty.",Bloom-7B,0,2379,380
"finally gets the fish up onto the ice and he sees that it is a really big catch. The man's face lights with pride as he takes out his cell phone to show off the amazing catch. Just then, someone approaches them from behind. ""Excuse me!"" the man exclaims excitedly as they run over. He turns around quickly but can't see who has come so close to him before smashing into him.",Bloom-7B,0,374,72
"BSkyB utilises the VideoGuard pay-TV scrambling system owned by NDS, a Cisco Systems company. There are tight controls over use of VideoGuard decoders; they are not available as stand-alone DVB receivers and access to Internet TV services is tightly controlled. Sky B has also introduced ISDN (Integrated Services Digital Network) -capable modems for its broadband customers so that users can receive signals from foreign video service providers such as Sky Movies or ITV Player. These ""ISDN boxes"" have limited functionality; installation requires going through a special procedure with Sky's customer support team. Internet Sky offers some content via their internet portal Sky Online which allows users to download films on demand but none are standardised broadcasts. In 2008 it was announced that Sky would be supporting digital rights management with DRM technology using Blu-ray discs in future releases. The first stage involved suppliers including Sony releasing DVD versions of certain titles without this protection, allowing them a period within which Sky could acquire international licence agreements before unionising these into an official disc format. However the project finally failed because domestic distribution companies refused to use any form of copyrighted material until there were sufficient licences held worldwide rather than simply local ones. This led to Sony pulling out of the deal altogether after failing to reach agreement between all parties concerned. In 2012 Sky began selling basic cable television packages online under several different brand names: Sky Platinum Cable, Sky Extra Cable, Sky Basic Cable and Sky Lightning. They now operate according to the same policy as other UK satellite operators, requiring pre-order purchases. By 20 July 2013 a number of channels had been removed due to low coverage, leaving 29 live HD channel packages plus 1 extra package. On 27 April 2014, Sky confirmed plans to sell off most of its business operations outside Europe, following ratings declines at Q42013, and prospective less favourable regulatory conditions. According to financial analysts' estimates, Sky expects losses of up to 1bn, primarily attributable to cash burn resulting from: market share erosion on all markets where Sky operates; significantly lower subscription revenue growth compared to previous years; significant cost increases across various operating areas; and unfavourable payment rates caused by competition. After considering the options available to combat these issues, Sandro Rosell, CEO and chairman of La Liga soccer club FC Barcelona, stated he believed buying Sky might help boost sports broadcasting around the world. After losing subscribers during December 2015, Sky lost 16 million customers versus 12 million for rival BT Broadband in January 2016, making up almost half of the nationwide gap between the two. HBO and Showtime will join Freeview if Sky fails to monetise existing Starz subscriber numbers On 19 August 2018 Virgin Media launched three new premium entertainment subscriptions competing directly against Sky Premium. It continues to offer free Sky Sport Plus to current customers while keeping prices competitive despite paying a higher rate.",Bloom-7B,0,3233,487
"pulled back the lawn mower and then moved it forward and repeated it. Now I can get into my truck without waiting for that dang thing to stop! Thanks again, Mike. Hi there. My name is Jody from Smithfield, RI. First of all, I'm just so happy you found us in this forum; it's a great place where people with similar problems are able to share their experiences an have some good advice gleaned from one another! I love our new wood stove; I've had it about eight months now and am very pleased with it; it heats the house well when we're using less than 50 capacity (the heat output listed on the box). The only downside, or maybe it's not as bad as I thought, is that it takes at least four days before any kind of heating comes through the walls despite turning ""on"" every morning. To remedy things during those initial weeks, I'll blast air conditioning until it warms up enough and build up steam inside the oven compartment which will knock out all the condensation built up over night. So far that's been working fine because I do live close by where you usually wouldn't see too much snow, but if winter gets really cold like it peaked two years ago, what should I do? Should I set aside more money each year, buy additional logs while supplies last, etc.? What steps should be taken? To answer your question regarding how long it may take before anything actually happens: It depends upon whether you're building up steam throughout the day and over night...or trying to cool off overnight only to wake up hours later to find it has already cooled completely. As soon as the door opens, the coal burns hotter and harder, increasing temperature rapidly. After a few minutes, however, the rate slows down considerably, due to the fact that most of its energy comes from burning charcoal instead of carbon dioxide.",Bloom-7B,0,1818,328
"[step] This is a typical amount for most turkey sausage recipes. [title] Combine all the seasonings in the small mixing bowl. Savor tender, juicy roasted turkeys and succulent sausages with this beautifully designed craftsmanship from Le Creuset. Place the turkey skin-side down on a rack set over a baking sheet; brush with 1 tablespoon olive oil or spray lightly with cooking spray. Remove it from the oven at least 30 minutes before opening to allow time for temperature to drop enough that you can easily pull apart your turkey without burning yourself. Serve either as an appetizer before dinner or include your favorite sides like mashed potatoes, corn salad, green beans, etc., making a delicious meal! Add comma separated list of ingredients to exclude from recipe. Spread evenly with remaining 2 teaspoons butter. I don't know if it's just my shopping list but they are a bit expensive for my budget. Smashed Turkey w Cranberry Mustard Dressing; Skillet Fried Turkey; Roast Turkey Recipe Side Dishes; Loaded Baked Turkey Bacon Cheese; Peel off the bristles; spread mustard mixture onto shredded cooked turkey breasts; sprinkle with cheddar cheese; Instructions: Preheat the broiler. Melt 14 cup (45 ml) margarine in large skillet; add this to pan about 8 inches from heat source; cook until melted and smooth then stir into thickened sauce. Easy salty-sweet potato casserole without rice, which makes this one-pot classic extra special! My husband loves turkey so much we make it often!! Is there any way around this? Today I'm sharing easy Thanksgiving side dishes perfect for serving during your big day - or every other holiday, really. Yes No No Preference. Cook for 10-12 mins, or until golden brown tips start to crisp. Once the turkey is done basting, remove the meat from the bag and transfer it to a cutting board while still holding its legs together. (1). If anyone would please help me out here...I do love a good sandwich! Allrecipes is part of the Meredith Food Group. Roasting Guide Tips. The best thing ever!! Jump to: Title. You may also want to try a few new foods right after the holidays have passed. Set aside. Mix well. It comes ready-made - no rolling necessary. What's not to love?! Just be sure to keep checking the breasts frequently to ensure even doneness. Using tongs, lift the turkey from the grill and let rest 5 minutes in its own drippings. See more ideas about recipes ... One bite of these orange-glazed carrots will leave everyone wanting seconds.... Use half last year, put everything away except potatoes, cranberries and maple syrup, toss in fresh squeezed lemon juice tonight - bake tomorrow morning... Happy New Year to everyone!!! Warm Butter - Your choice of fresh unsalted butter, white shortening, vegetable shortening: approx 12 stick each. Place seam-side up on a plate. Sweet Potato Casserole; Chicken Breast Stroganoff; Gluten-Free Macaroni; Fish Salad With Siracha Dressing; Beef Stroganoff; Tofu Curry (Gluten Free) Vegan Pumpkin Pie (No Rice!) Bake uncovered 20 min longer, turning breasts once halfway through. Recommended by people who say they're going to make them again next week. I've tried various things to get her back but nothing seems to work. Meanwhile, preheat oven to 350F175C fangas mark 4. Now, all that's left is assembling! Muffin; Brown Sugar Cinnamon Rolls; Pecan; Banana Oatmeal; Quick Biscotti; Keto Pancakes; Get Connected Join our email lists Membership Signup Login Logout FAQ's Contact Us Store Locator Disclaimer Copyright 2013-2020 Kraft Foods Inc. All Rights Reserved Powered by WordPress. Cut open top of package and scoop out contents into bowl; cover tightly using plastic wrap. Divide the stuffing between four pieces of grease paper-lined baking sheets. Brush both sides liberally with marinade. Turned out great! Jalapeno Poppers; Cooking Plate; Corn Chowder; Garlic Parmesan Feta Frittata; Grilled Salmon; Hey There Cupcake!. Check out more ways to incorporate pemmican into your diet below. Daylight Savings Time Begins Thursday December 18 2020. For additional flavors combine chipotle habaneros, cumin seed powder andor smoked paprika, cayenne pepper andor ground red pepper andor garlic powderbaking salt andor fresh thyme andor rosemary andor dried parsley andor tarragon andor dill andor basil leaf powders andor crushed pineapple andor raisins andor almonds andor grated onion andor caramelized onions andor sugar-free sweeteners such as honey emulsified oils (such as coconut oil) andor liquid",Bloom-7B,0,4498,719
"""AHHHHHH!"" I shrieked. The flames had erupted so suddenly that it took me by suprise. But more importantly the spell worked! I was finally going to meet Satan! However, as my eyes opened up again, what did I see? A hole in the ground with a light around it and others standing atop of me. They were all wearing black robes. I knew they are not good people but who cares about that right now!? It is DEATH DAY!!!! That is why we wear these clothes!!!! They told us that there will be an opening ceremony later on where our names would appear on an index card and then afterward, we would have to take down each other's cards one-by-one until only 1 left (the winner). Then before you know it...meet your fate! As soon as they said this, everyone didn't wait for orders anymore and started taking off their masks and revealing themselves to each other. I shuddered because I thought ""what if I am next?! Oh no! If I'm killed I'll never get out of here alive!"" But sadly enough, I was the last person to reveal myself. After another group revealed itself, the leader asked if that guy looked familiar to anyone else. No say nothing, he just stared blankly at me while making his way towards them once he's done. Well...the rest of the day went smoothly. We played games, ate food, watched movies, etc..and when night came, we talked and laughed like old friends doing things together.",Bloom-7B,0,1381,252
"This thread discusses projects that were developed but never became profitable. While we hear a lot about successful ventures, there is still a lot to learn from completed, yet unsuccessful, startup ideas as well. If you have any questions or feedback on the projects listed here please feel free to leave them in the comments section below! A revolutionary new technology for measuring and displaying the amount of water absorbed by plants. This project was started back in 2012 with funding support from Climate Venture Network (CVN), which helped kick-started it at its early stage. The team continued working hard towards commercializing their idea during this time and now they are proud to announce that their product has been successfully launched into the market. Their unique solution offers growers around the world an easy-to-use tool for monitoring how much their crops absorbs before harvesting. This helps farmers optimize irrigation schedules so they can maximize crop yields while reducing costs related to inefficient water use.",Bloom-7B,0,1045,164
"Your eyes are filled with jelly. Blue light is more likely to scatter in that jelly. Kinda like blue light is more likely to scatter in the airso the sky looks blue. I have a very small amount of arnica and rosemary extract, so I am just gonna put them on my hands for now (and maybe on my face later). I'm glad you got some relief! I've been dealing with it all day too - it gets really bad when I'm tired or after exercise...especially if it's hot! Yeah I know how soothing arnica can be!! It's funny because sometimes we get our period right before football season starts but our bodies don't react well.. So for me personally, every time there's an offseason coming up I immediately start getting cramps for about 2 weeks which goes away once things calm down Hmmmmm, this sounds great!!! I'll definitely give these a try. Need something similar at work though... This product will save your hands during those long days sitting across from computer....lol. Thanks for sharing! Wow, thanks for this recommendation!! It was giving me anxiety starting to bring out under eye circles!! The only thing keeping me going through it is reading blogs like yours! I wish i had read one sooner, then probably wouldn't have gotten anxious as much since its still early! These look amazing! The first two bottles were free, yay! And they sound awesome, especially the hand moisturizer Aaron Sorkin has said he thought Apple TV could be ""the BBC"" of his generation, admitting he felt ""shocked"" over results last year when Netflix beat HBO Max by almost 900 in new subscribers. Netflix reported 11.4 million subscriptions last month, while Hulu grew by 3.5 million and Disney Plus took in 3.2 million viewers - mostly overseas users who signed-up without paying subscriptions - and Amazon Prime Video added 1.7 million. Sorkin told Variety: ""A week ago I wrote in my notes 'Apple, Google, Disney, NBC - whoever wins the contract will win the world'. If Apple agrees to do another series, that's equal to breaking into the broadcast television business. ""If they made the mistake of doing The Morning Show instead of This Is Us, [it] might not even change their decision years from now, 'cause people like shows today and watch content online anyhow. That's why everyone likes streaming services ... You're watching what you want, whenever you want, whoever makes the show better than anyone else."" He continued: ""I think being able to say to someone, 'Well, you're British, but we've won hundreds of millions of dollars selling it internationally' - that means somebody is actually listening to us and trying to understand our culture - that doesn't happen anymore. Especially politically speaking. ""I remember working with Brian Grazer on the set of An Inconvenient Truth [a film based on Al Gore's bestselling book of the same name] and realizing that we'd lost touch - we didn't speak English and nobody spoke Spanish [in New Mexico where production began], so who knows what happened? ""That kind of disconnect would've killed everything; nothing died back then, and it's no different now. We need art again. Art does something human for humans, whether entertainment or whatever.""",Bloom-7B,0,3174,541
"mops near the stove and the counter. In addition, this design does not include a door that will open up to allow air circulation between outside space and inside. In any case, you can choose from several designs and styles of storm windows so they are appropriate for your home's architectural style or even outdoor decor. You can also find some models with different sizes which works better if you have more than one window in your house. The size is something important since it can't be too big nor small compared to other types of windows. Storm windows offer many benefits to those who live under these areas as well as their surroundings. Here are few advantages brought by installing such windows: Avoid condensation - Storm windows prevent water from entering through rainy weather especially when there is no suitable seal around them. This means keeping humidity levels low thus preventing excess moisture buildup along the walls, floors and ceilings on wet days;",Bloom-7B,0,974,164
"Jaclyn was really unhappy with her body image. She had unfortunately gained a lot of weight during college. So Jaclyn made up her mind to start getting back in shape. To achieve this goal, she told herself that if she could lose 10 pounds before the end of February then it would be enough for her to make an admirable beginning towards healthier eating and regular exercise. Before starting to work out again, Jaclyn says how much time is wasted when you watch TV or surfing on your phone instead doing exercises at home? This also helps you decide which are the best apps for losing weight fast! I have been trying all the above-mentioned 5 ways but not sure which one works best for me. I've seen many of these posts online where people say certain app or product worked wonders on them. I feel like I'm still stuck between loss vs gain phase. For example, my friend has used Weight Loss Diet Jenny Craig program since last two years now! He's lost about 40 kg (80 lbs) by using just this diet plan. But after he became more conscious regarding his nutrition habits, he started gaining some extra kilograms. Now there are so many things wrong here! It doesn't mean any particular method can give you results as long as you stick to it consistently. What matters most is what kind of regimen you're following and whether it's healthy or otherwise. It's not always possible to stay away from junk food completely; however, we need to learn proper balance between our daily consumption of foods. Before jumping into different diets make sure they're compatible with lifestyle first. If that's impossible to do because of personal reasons then try looking for other alternatives. Some people eat lightly throughout their day while others may skip breakfast altogether in order to control calories intake easily. The general rule applies: slow down the pace of eating, concentrate on enjoying each bite rather than counting calories to see how fit you're going to become soon. Let us know below if anyone else found any effective way to keep themselves motivated to follow through? We visited New York's famous Radio City Music Hall recently and decided to take the kids along. They loved watching the show, even though it wasn't something they'd normally hear of in Spain - they're pretty big Broadway fans already... You might remember I posted pictures from London Zoo yesterday... Well here I am today posting photos taken next door, Big Ben Tower! We left off talking about our visit earlier in January and I'm pleased to announce that our trip went well... In October 2006, we were fortunate enough to spend 3 nights 2 days in Paris. Our friends offered us tickets to a concert tour featuring the musical Wicked plus three additional shows plus free hotel accommodation. Having never heard Wicked,... The fashion week season isn't over yet, but we're ready to outfit ourselves according to the latest trends! In case you're wondering what's new this year, check out this post I've written for the blog Street Style Spirits called ""What's New...",Bloom-7B,0,3048,524
"Just terrible. Sign outside says 5 drafts - night special, Tilted Kilt night. Great, we say! We'd love a happy hour draft on a hot day. We walk in, find the bar is closed and the bartender standing by his door clutching our order slip. Two of us were there for dinner last Thursday with a friend who was new to town (and apparently one that has been using the same name as her boyfriend). The first thing she does when arriving at this place is going up to the counter asking about ""regular prices"" or if they are ""all inclusive"" vs ""no tips."" (I can't believe someone would ask me such a question... but hey...) She also asks what type of beer I want, which leads into an extended discussion of how much different beers cost (some being cheaper than others), etc. We ended up leaving because we'd had enough. She feels like all it took was some polite conversation before ordering that gave her something else to talk about other then food price or not having any alcoholic drinks available. If you see your girlfriend wifehusband just sitting around waiting until you're done talking so she can run out there buy another drink so she doesn't have to say anything then think again! Interesting story. But I'm sure you guys left soon afterward and didn't lose money, right? Or did both parties agree to pay double? The owner came back inside to apologize and said he couldn't do the regular price anymore because he'd lost the competition from 'all inclusive' nights at local spots Began taking reservations over phone, email and text earlier tonight during weekday rush hours. What people don't understand is these places get booked fast without reservation sometimes ten minutes or less before their closing time. You call them up late into the evening hoping to book a table. None show up. People try calling three times and cancel their plans only to end up rescheduling the following morning while trying to leave early to make it work.",Bloom-7B,0,1941,343
"Hello lovely people of Youtube! It's time for another episode of DEATH DEFIER. Today, I'm jumping into a pool of acid. That will then be set on fire. And then I'll drink it. I could've done the whole thing using alcohol but that seemed too obvious so instead this is what i did. After making my bones and getting ready to start painting with Acidic Paint by myself, I looked up some videos about how you should do things without hurting yourself (because as someone who likes to goof around in acid when it's not raining or snowy outside, I've hurt myself plenty). So here are the tips from those videos: If you're going out somewhere else while doing your experiment make sure there's enough ventilation in there, because if you've got static electricity generated you'll probably burn off",Bloom-7B,0,790,139
"Rein Tanner was quite a fine tanner. In the three hundred years since the Village on the Brook had been founded by their sires, none had yet compared to the Doctor's skill or his speed. It is for that reason he has never taken up any other profession. ""I did not know you were so close,"" Rein said as he entered and left with my mother in one car while I sat next to him in another. ""Oh yes, I'm very proud of her, richer than most men are ever likely to be but she lets them have it all if they behave themselves correctly. The only ones who don't get what's coming to them are those who threaten to leave or turn against us. And we do everything we can to keep our blood pure, even from people like you. You're more interesting though than I'd expected, Warden Hanson. A man without your family history wouldn't be easily recognized here."" I shook my head, trying hard not to laugh at his comments about me being a prisoner. After all, why should I pretend otherwise? Didn't I just save myself almost twenty years ago? A faint smile spread across Reins features before he replied quietly. ""I saw this place when I arrived some time back. Fascinating machine no doubt but nothing too unusual other than its proximity to the Riverbanks. Not until last night, however, did I realize how much mankind could benefit through harnessing an ancient force within itself. Certainly something worth investigating given the current state of affairs around these parts...""",Bloom-7B,0,1461,263
"Kent Police detained the two suspects, aged 22 and 20, at Dover Eastern Docks in the early hours of Sunday. They are being held under Section 5 of the Terrorism Act. ""I am very pleased with today's arrest as it is another piece of our ongoing investigation into the attack on Friday night which has seen several arrests made since then,"" said Mr Hancock. ""The group now stands accused of a range of offences including reckless endangerment following their failure to maintain order inside a car park where they were standing near the scene when police attempted to detain them for questioning by officers but refused to leave the area. ""Public safety must remain paramount even if you have an issue with your policing team or viewpoint so I urge anyone who saw anything suspicious to get in touch immediately.",Bloom-7B,0,809,140
"One walkway in my university is piezoelectric and It's really not worth it. The amount of energy generated over an entire day is enough to power a lightbulb for a year. Good luck getting any money from that, however! A: The work done on the material by mechanical stress applied perpendicularly (and tangentially) to its crystal lattice generates electric potential energy. So yes, as long as you are using materials with high dielectric constant then your system should be able to generate useful amounts of electricity. A: I have worked on these kind of project and they have been very successful when working properly. For this project I am referring mostly to internal combustion engines like diesel engines or gasoline engines where we used piezoelectric ceramic sheets which can vibrate electrically due to their low thickness (like 1 mm). What happens here is that there will always be some atoms out of place but if they are placed right again they produce vibration thus producing electrical current. This was our main objective since that happened internally inside the engine itself so it wouldn't cost us anything extra to consume more fuel since the energy produced from electrolysis was being consumed by other parts within the car while driving such as: brakes, suspension etc.. This may sound somewhat complicated but even though it's difficult at first things become easier once you get started:) Here's what i know about how well it works Piezoceramic plates cannot store much charge, therefore the voltage must be adjusted carefully because the tank capacity depends on a lot of factors: the density of the water, temperature difference between cold and hot water flowing through pipes, consumptionflow rate etc.. A single plate has only 50 microfarads so at max 20 amperes maximum output could be obtained. We use 24VDC input power but 24 volt batteries do provide almost 2X greater battery life than 12 volt ones If one wants to build pumps etc., all those fixed costs can be easily amortized over many years thanks to lack of maintenance (no oil required) They don't need any lubricant which means no costly grease And lastly: the major advantage compared to solar panels is that once set up everything becomes self sustaining -the pump doesn't require any help from outside",Bloom-7B,0,2296,381
"I don't belong here, I probably never will. I can not understand the people in this era. It feels that I'm the only person here that have emotions. Whenever I try to speak about my feelings to others or express those things that make me happy they laugh at me and tell me how silly it is. These are just a few of the questions I am asking myself every day as well as many other thoughts running through my head wondering what on earth am I supposed to do with all these horrible events going around us..? My life has been pretty much defined by anger for most part now since being diagnosed with PADI 4 years ago... I guess it's natural but does anyone know if there really is an end date? Do you become more angry over time because we can't control everything that's happening in our lives? To be honest I've tried so hard to overcome some of these issues like depression etc. But none seem to work any longer.... The anger seems far too strong no matter what I say or think or feel... So yeah I'm trying so hard to manage this issue but honestly sometimes I wonder why bother considering these days. I have friends who've struggled for long periods with their emotional health and haven't done anything different from normal except seek help when needed but somehow I always thought (aside form my uncontrollable reaction) that maybe one could get better because we're human after all!!",Bloom-7B,0,1388,254
"Sarah was really hot. It was the summer, so she decided to get some ice cream. It was late in the afternoon so she had missed the icecream truck. She went home and asked her mother for a bike. Her mom said no. So Sarah rode on foot through that heat until finally she came up with an idea: Why not ride her bike down to the store? Right now it isn't too much further but if you go on your own then I don't think you will make it at all! I have been thinking about my relationship with God today as well. The last few months we have gone through hard times together - many of them health related. We know he loves us unconditionally but still sometimes our hearts burn out when life gets harder than expected. But Jesus has always walked beside me even though I've been crazy or lost the plot. He never left me alone, he just stopped by every once in a while.....to give me something to eat and drink and comfort me along the way! Today I'm thankful because ""if"" things were different (and they are!) I'd probably be dying from hunger right this minute instead of being able to write these words Thanks for sharing a reminder of how God walks alongside you. And there's nothing wrong with wondering what could've been. He does love you without condition; that's why He sent His Son. Hi Linda - thanks for stopping by my blog- deciding whether one should resign oneself to the fact that certain situations might not change doesn't take away the pain... it only takes away the sting. Thanks again....",Bloom-7B,0,1497,280
"The glass collection covers 4000 years of glass making, and has over 6000 items from Africa, Britain, Europe, America and Asia. The earliest glassware on display comes from Ancient Egypt in 2500 BC. Few people know that the history of glass-making goes back to Egyptian culture more than 5000 years ago but a new exhibition at Somerset House is taking visitors on an unforgettable journey through time as it celebrates some of its most important treasures. Amongst many other objects are china cups with gold flecks, crystal goblets decorated with images of swans known as 'swannig', and beautifully coloured pieces such as Chinese vases and ancient Roman amphorae which were once used for carrying wine or water. Many of these pieces have been loaned by museums around the world including the British Museum (National Gallery), Louvre, Metropolitan Museum and Victoria Albert Museum all of whom share their collections together for this remarkable occasion. Basil Hume, head curator of European Antiquities explains why glassmaking was so popular: ""It's not hard to imagine playing music while sipping your drink using a piece like this - indeed that's exactly what they did in medieval times when both men and women played various instruments."" Visitors will also be able to see examples of how glassmakers made different kinds of drinking vessels in England between 1000AD and 1500 AD. Glass is often portrayed being created in France during the 12th Century but there is evidence to suggest that English artisans made some very fine works too. He added: ""The glass industry took off in China towards the end of the 5th century A.D., where artists produced magnificent silvered-glass ornaments called chihls. These appeared throughout Europe in the early centuries after Christ thanks to merchants who travelled round the Mediterranean trading jewellery, porcelain and silk. Glassware found extensive use among monks especially during the Middle Ages.",Bloom-7B,0,1954,310
"The plant-based meat industry is now worth 800 million and accounts for two percent of packaged meat sales. Both Beyond Meat and Impossible Foods have started to expand their product lines into the beef, pork and lamb categories. Creating a market value that far outweighs its actual cost can be described as artificially inflated - but it's not uncommon in the food business. In 2014, Forbes estimated Apple's iPhone price tags at 349-499 after only four months on sale. One year later CEO Tim Cook pledged new products would come with 1 trillion prices tags; he still hasn't delivered. Apple's shares fell over 20 from 2017 to 2018 before recovering somewhat and earning an average annual return of 14.9 since then. The SP 500 index rose 3.2 during those same years. But if you had bought Apple stock when it was trading below 100 per share back in 2013 (before the fourth quarter earnings reports) - or any time before May 2015 - there are plenty of reasons why investors might consider exiting early. Please note: This article contains affiliate links to Amazon services which means we may earn commission based on your purchase - but these commissions help us keep our website running! If you're looking for ways to make money online, there are some great options available today such as: We've used all three types of jobs successfully ourselves; here are just a few examples where others have made good money:",Bloom-7B,0,1416,243
"Or you may buy a pair of earplugs to bring with you so you can sleep better in the hotel, despite any noise. Pack your earplugs so you have a spare. If you're traveling on an airplane and struggling at all during takeoff or landing, try wearing your favorite comfortable shoes that won't bother your feet as much (clogs are great!)",Bloom-7B,0,331,61
"The Slovenian club has knocked Hibernian, Rangers and Celtic out of Europe in recent seasons. Yet McInnes is adamant that his players are not fearful of the quality of the opposition. ""There's no doubt about it, we're a team that's going to be up there with the top four or five sides in Scotland for at least another few years,"" said McInnes on Friday after Tuesday's 4-2 win over Aberdeen (AP). Hibs have been enjoying good fortune in their travels abroad this season - they were beaten 1-0 by Sporting Lisbon last week but bounced back strongly when beating Sevilla 5-2 on Saturday. It remains one game away from securing European football next term as well as earning automatic promotion into the Scottish Premier League.",Bloom-7B,0,725,125
"Energy company BG Group said it was gradually taking workers from the Lomond installation - about 145 miles east of Aberdeen - by helicopter. A Norwegian vessel which caught fire off Scotland in 2008 sank within minutes after its crew abandoned ship and swam to shore, but the rescue effort was unsuccessful. The spokesman for Shell Petroleum Development Co (SPDC), a UK subsidiary of ExxonMobil Corp, said: ""We have no comment on the incident at this time other than that we are aware of an accident that has affected our pipeline near Burntisland yesterday evening."" A source close to BP told Reuters on condition of anonymity that two rigs had been put out to sea and four boats were responding with divers, including British Navy personnel. Seabed images taken over the weekend showed huge oil spills inside three areas just metres apart around where the spill is believed to be occurring. The sources also confirmed the site was being guarded as well as patrolled by police using helicopters. Alex Wainwright, vice president of Trinidad Tobago's Royal Dutch Shell Plc, said his group would ""look into all aspects of any potential environmental impacts."" It said ships carrying heavy machinery will approach the area ""to ensure access."" Separately, sources familiar with the situation say US President Barack Obama met privately Tuesday night with top U.S lawmakers who warn he must act before crude oils gushing up through Canadian landrock seeps reaches shores in Louisiana state, threatening drinking water supplies there and elsewhere along coastal areas of the Gulf Coast. Obama warned lawmakers against allowing their constituents to become ""sickened or poisoned"" by toxic leaks, telling them they risk facing backlash at home if he does not take action early enough to deal with ""the worst crisis since the days of Hurricane Katrina.""",Bloom-7B,0,1845,300
"Burger King has unveiled updated restaurant designs that feature dedicated mobile order and curbside pick-up areas, drive-in and walk-up order areas, an enhanced drive-thru experience, exterior dining spaces, and sustainable practices like energy-efficient lighting. Burnt Orange is a bright and bold red color for the iPhone X. It was inspired by our love of orange chicken nuggets at Jack in the Box restaurants! If you're looking to spice up your life with something new, this vibrant shade will make you feel happy all day long! You can use Burnt Orange on its own or as part of a funky pallet with other colors such as green, blue, purple, yellow, etc., but keep it clean so it's not going to clash too much when mixed with others.",Bloom-7B,0,736,126
"The European Commission is the main executive body of the European Union. Article 17 (1) of the Treaty on European Union states the Commission should ""promote the general interest of Europe and make proposals for its legislative and implementing measures."" In most cases, this means that the Commission makes recommendations to state governments in an attempt to shape what they do or how they behave. Role Commissioners are appointed by a group of Heads of State or Government called ""The Council of Ministers of Europe"" from their national governments. In practice however the Governing Board of EPICs acts as a kind of political advisory committee which indicates who will be the Commission's commissioner based upon suggestions made by members' representatives to them each year before elections take place within the respective Parliamentary groups. The selection process can result in some very controversial appointments. When there is a vacancy for a Commissioner, it has the power to fill this with someone else chosen through open competition among other applicants including parliamentarians not currently holding offices at EC institutions. For example when Ursula von der Leyen was selected as President of the ECB she had been previously a member of the German Bundestag but also worked directly under Chancellor Angela Merkel in her role as Minister of Economic Affairs where she ran one of Germany's largest business associations, BDI. As such many believed now would be more likely that she would have won if openly contested; although even then she did face opposition because of the nature of her previous employment; and after being confirmed as president no-one thought EU politics meant much to her. Some commentators say that these alliances between politicians working inside and outside government mean little protection against conflicts of interests and allow those closest to the decision maker greater influence over hisher decisions than would otherwise occur and thus limit parliamentary accountability in many instances. Although, there is often criticism about whether vested interests could be better served without formal membership so far nobody responsible for making policy has used the principle of leaving out EU lawmakers from decision-making processes (which was attempted during the second reading negotiations leading up to Brexit), except perhaps an exceptionally rare case like Christine Lagarde (the current head of the IMF) graduating successfully towards leadership positions or being nominated into cabinet posts internally within a country rather than having to go elsewhere for promotion. (This problem mostly affects economic governance though). Another concern regarding legitimacy surrounding policy-making arises due to the fact that Brussels MPs enjoy limited control over key areas such as budget management and financial oversight. Although this does create potential opportunities for MEPs to effect change, many critics argue that granting undue powers to Brussels risk sapping influence from nationals serving as ministers and may further entrench institutional corruption, increasing the likelihood given money will flow uncontrolledly to lobbyists and thus creating corrupt conditions for individuals involved in matters concerning democracy itself. European Parliament staff and officials occupy important positions throughout the European Union's agencies, departments and bodies: - Over 1,000 staff work within the European Parliament's Members Services Office providing support services to individual Members as well as facilitating communication between the House and citizenry; - There are some 800 civil servants employed at various levels within the European Agency for Fundamental Rights (FRA) - acting both as advisors and as translators, interpreters etc. Some 500 are placed with the Secretariat-General of the Social Convention while another 200 serve as permanent assistants to the Presidency Bureau and secretariat-general and another 100 directorships; - Here too the number of employees exceeds 700 at three different levels: 280 working directly under the Director General; 180 as junior administrative officers and 250 as trainees.",Bloom-7B,0,4214,624
"A team of Italian scientists has created a hydrogel that can remove paints from other paints of similar chemical composition. It can be used to repair street art that has been vandalised or damaged. The new technology is based on the idea of swelling and shrinking, which are common features in polymeric materials such as gelatine and gum arabic. The work published this week by Nature Chemistry shows how simple molecules may contain these properties that make them useful for industrial purposes. ""The thing about polymers is their flexibility: they have an enormous number of conformations,"" says Nicola Elia, professor at the Department of Chemical Engineering at Politecnico di Torino, who led the study alongside his colleagues Luca Zanzotto and Francesco Cioli. ""But when you want something rigid, like building a molecular motor, then you need one conformation - for example the 'glass transition' where all chains rearrange themselves without moving faster than 10th power slower than the speed of light. "" Elia explains that biologists use small proteins called Gelsolin-like domains (GLDs) to create gels; GLD sequences perform mechanical tasks with ease because they fold into dense, yet flexible structures made up of bundles of coils. By using short synthetic peptides containing GLDs, researchers developed a superhydrophobic coating that could repel water droplets. ""We did not change anything, but just inserted three amino acids close together in our peptide sequence to give it the hydrophobicity we needed. If you insert such a trifold between two coiled-coil regions, the whole structure will become more rigid, while keeping its ability to bend around objects even after being stretched several times longer compared to what happens when there's only a single coil region,"" he highlights. Nicola Elia: ""Gum Arabic glues itself to your finger and stays stuck there until you wash off everything else ... it's very good for adhesion! A molecule with many (coils), therefore, would retain an increased level of rigidity. This allowed us to build a surface able to protect things against damage... From my point of view, you're painting over paint under protection! We also found out that if you put some oil onto it, it becomes sticky again and goes back to its original state, so for applications in the food industry we shouldn't worry too much about pollution issues either. In particular, we investigated whether it was possible to use it for making cell walls biomimetic and durable enough to keep cells intact during cultivation processes across large scales - e.g., for drying fruits and vegetables - the possibility of regulating germination rate through the nature of the applied inhibitor. Our results showed promising potential towards future organic agriculture technologies. Finally, once we had confirmed its excellent performance, we decided to test whether it could prevent graffiti from getting painted over again, possibly reducing vandalism... I think it would definitely help, although I'm sure I'd prefer having much thinner layers of paint to start with!"" Zanzotto adds: ""This method allows you to achieve exceptional properties, both antifouling and self-cleaning ones. With reference to the first property, the tested material prevents biofouling while allowing biological growth on top of it; however, unlike natural coatings, which form films only locally, here the system forms uniform layers across the entire object. On the other hand, according to studies carried out in collaboration with UCLA, the same approach makes the surfaces self-healing thanks to the presence of oxyethylene groups. These functionalities offer unprecedented opportunities for creating smart 3D architectures capable of adapting differentially to external stimuli. For instance, if properly engineered and controlled, upon contact with liquids of low pH the film changes shape due to osmotic pressure increase inside the network, thus facilitating cleaning, whereas once immersed in alkaline solutions the gel volume increases, effectively acting as a barrier preventing any further staining of the substrate.",Bloom-7B,0,4134,637
"The man juggled 6 wine glasses at once. Spectators were impressed and told him to try more. He then added a seventh wine glass and was struggling. The crowd cheered , he continued his performance with the 7th glass. When asked how he managed it, the man replied: ""Well you know when they say no limit - that means NO LIMIT!"" There's always hope for someone who is willing to take their life in hand; but sometimes that's not enough! It seems like every day we are hearing about another suicide attempt or tragedy of some sort (let alone just because one person does something stupid and ends up on TV). We all want to make sure our loved ones have everything they need...but it's so easy to forget what might be overlooked if things aren't taken care of before an incident occurs... One of my favorite quotes goes as follows: ""Treat your friends well, treat them fairly, show respect towards them; even though you're never going back home again buy do good unto other people.""",Bloom-7B,0,976,176
"[title] Ask the client to lie down on hisher stomach, with their shirt off. [title] Clean and disinfect your hands. [title] (2) Hand wash or hand sanitize with soap for at least 20 seconds. (3) Remove hair from ears neck area if possible. (4) Apply a small amount of Aftershave Lotion onto skin around face. (5) Gently rub lotion into skin using circular movements until completely absorbed by tissue and not drying out the skin. The following is an excerpted article by Dr. Jeff Lowell that appeared in The Christian Science Monitor: A New York Times magazine story yesterday described what could be called ""the deadliest virus"" since 1918 - deadly because it has killed more than 80 percent of those infected so far, according to a World Health Organization report released Tuesday. Disease experts believe this new coronavirus was first seen recently in China's Hubei province where infection rates have skyrocketed over the past two months. It may also have come about through contact between people who had been infected but were still contagious when they left hospital, returning to gatherings among friends and family members before spreading illnesses to others, said Dr. Bruce Amato, chief medical officer for the Indiana University Medical Center. ""There are some indications there might have actually been transmission after symptoms,"" he told CNN last week during a conference call organized by Kaiser Permanente Southern California, which covers Los Angeles County. But even though transmission occurred after symptoms began, ""it does raise questions as to whether we should follow our normal guidelines of isolation and quarantine - things like keeping distance and wearing masks -and then use that same protocol again and again every time somebody comes back from the endemic areas.""",Bloom-7B,0,1799,288
"continues singing to the audience followed by jumping off the piano and dancing around the stage. The band then introduced a new song, which was actually called ""Stars"" but became known as ""I Want You Back."" The rest of their recent album is not much better though - Notorious B.I.G., in fact only recorded one track on this album First Time Ever I Feel Love,"" for whom?). During his six years with NWA he did make an unusual solo studio album titled A Hundred Guns On My Mind. A few songs from it had done well enough to get him onto MTV's Ones To Watch list where he performed live alongside Cypress Hill member Alchemist at one point. Chatterbox even helpfully pointed out that there were two unreleased tracks on the CD: ""Girl Up"" and ""Take Me Home Tonight."" But neither really stood up impressively against ""Pamela Kills People.""",Bloom-7B,0,834,149
"HTTPX is a next-generation HTTP client for Python which aims to provide more functionality than the requests module. In addition to the standard features of requests, HTTPX has sessions with automatic reconnection and support for cURL. A: When I was looking up how to use curl after some time out on my server I found this GitHub repo that had a couple different ways you could do it. The easiest way (and what's outlined below) uses Apache's modproxyinternal function. VirtualHost :80 ServerName localhost:8080 ProxyPass (...) VirtualHost",Bloom-7B,0,539,86
"The Broncos defeated the Pittsburgh Steelers in the divisional round, 23-16, by scoring 11 points in the final three minutes of the game. They then beat the defending Super Bowl champion Patriots 38-10 in their first playoff appearance since 1988. Tampa Bay Buccaneers' quarterback Tom Brady (L) and Kansas City Chiefs' Patrick Mahomes lift up each other after a tackle during Sunday's AFC Championship Game at Raymond James Stadium. (AP Photo) Tom Brady walked off with his second NFL championship title Sunday night as Tampa Bay Buccaneers defeated conference rivals Kansas City Chiefs 28-23 to win the Super Bowl. Brady completed 19-of-28 passes for 251 yards and two touchdowns and added an interception that led to a field goal attempt blocked on third-and-1 late but ultimately enough to secure the victory. ""It was an emotional day because we couldn't even get into it,"" said former Chiefs' coach Mike Martz when asked how he felt about one of his best players leaving town without ever playing another professional football game against them again. After winning five games clinching back-to-back NFC titles last season, the Chiefs got swept out of the playoffs this year by San Francisco 49ers 41-7 despite being favored 18-0 heading into week 16. The 43-3 loss came with just under seven weeks remaining before they would host Baltimore Ravens next weekend for the chance to break through the division's longest losing streak. They also lost 10 straight overall dating all the way back to 1967 until beating Buffalo 20-14 on Oct. 1.",Bloom-7B,0,1542,254
"Used Kona to replace a pump on my water feature. Mistake on my part. The pump lasted less than 2 years and when installed the plug was cut off and not secure enough for use. A friend told me about your company so I got in touch with you, talked to Bill and he sent over some parts that fixed it immediately! He also drove down from San Diego to install them - Great Job. Thanks again!! Thankyou Anthony team very pleased with our new pool filter system repaired by Tony at Pool Repair Team. I have used these guys twice now and they were both great companies:) They work hard to get customers satisfied which is what matters most! I asked this question here because my problem has been getting worse since their last visit (1 year ago). After replacing my pump two months after Driving home with wrecked car due... The service we received was GREAT!! We were able to make an appointment while waiting for someone else who had technical difficulties!!! Instead of just giving us a call or emailing...",Bloom-7B,0,999,183
"Life: noun 1.) a semi entertaining board game 2.) a shitty cereal 3.) a complex roller-coaster that often has faulty safety features, silly rules and several people riding it, when only one person should The rules of life are simple. You start out being born with 30 years to live - that's the number. You get 10 more from each year you spend alive - so if you're 40 right now then you have 20 extra years left in your bucket list. That's because if I hadn't died this morning, I'd be 90 in two days' time. I've got 25 hours until my next birthday (and I'm really glad about that). That makes me 125 for life. So far we're sitting pretty on 125, but it's not all sunshine and roses as there is no guarantee that I'll reach my target age. What do I mean by that? Well my problems started at the beginning last night. (1) When I woke up early this morning I didn't feel great. My headache was bad enough that I could barely concentrate. In fact, just having said 'headaches' made them worse. (2) Then I found myself getting chilly even though outside temperatures were way above freezing. (3) And finally they seemed like fireworks popping off in front of my eyes! 'Every Thursday' In those first few minutes after waking, I thought about what I would tell the guy who sat beside me in cab 65B stationed outside our building downstairs waiting for his bus stop. He'd been telling me every week since he moved here how much he missed going home earlier before work started and spending some quality family time together over breakfast or dinner while watching TV shows. (Is that a word?) (4) Oh yes! It's called 'family time'! (5) Yeah well according to him, 'quality' does not include an hour-long drive somewhere where traffic will wait for us because of a parking violation... (6) But...but can't anyone take care of such basic things? (7) The rush hour traffic. (8) Parking fines! (9) Did I mention driving around New York City? (10) At least these problems don't apply to any other cities besides NYC It did feel good to wake up without feeling sick, however; however, given the current state of affairs relating to Covid-19, I decided not to mention anything to him about breathing fresh air, taking walks or getting exposed to sunlight which helps boost immunity against coronaviruses. Instead, I focused on making sure that my cupboard doesn't run low again - something which goes unaddressed quite badly during stressful times. And once again, it's to late to go back to sleep just yet. So let's move onto the second part of our discussion today ... ""Your brain wants to get rid of pain"" Once I got through my shower, I felt slightly better. After getting dressed I went upstairs to check email messages received throughout the day. There weren't many but none of them sounded urgent thus I ignored them most of the time. My favourite method of dealing with emails came to mind; it's kind of like playing tennis without hitting balls. Instead of talking about everything I want to say, I simply ignore it completely (for lack of a better term). As soon as I finished scrolling through emails, I headed straight into the kitchen to prepare another glass of cold milk to quench my thirst. It worked wonders ... but unfortunately I've already consumed half the bottle yesterday evening too! How ironic! Then I took stock of my priorities. Is there anything else important than food and water? If I miss out on either of them my body might actually die within 36 hours. Therefore, today's task priority-wise is: drinking lots of water followed by eating junk foods until I'm stuffed to bursting point. When it comes to money matters, I must admit that I am extremely frugal - especially compared to others living here. For example, although rent prices are much lower in the city center, I always pay cash whenever possible to avoid unnecessary commissions, taxes etc. Moreover, I rarely use uber and lyft services except when absolutely necessary. Whenever I travel on public transportation, I try to arrange my steps beforehand via the metro map app thus avoiding wasting precious time walking along empty streets looking for shops selling items I need. Even toilet paper has become scarce. Aside from buying packs online, I've also managed to find wastebaskets lined up alongside garbage cans along side streets meant for shopping carts containing groceries purchased online. But still, I can't help wondering why I was born surrounded by cheap goods and boundless amounts of wealth instead of luxury goods and minimal consumption habits. Or maybe I never knew the true meaning behind Christmas bonuses, new gadget launches, discount deals and Black Fridays? Since childhood, I've heard stories told by older generations regarding dumb decisions taken in their youth and regretted later in life. One such story involves a young couple living near Lake Placid, Vermont, USA. During their honeymoon, the girl bought expensive jewelry pieces including bracelets, rings and watches which cost upwards of 500 plus tax. However, she panicked and forgot to read her contract carefully prior to signing it saying",Bloom-7B,0,5109,879
"The 32-year-old has agreed a two-year contract with the Rams and is the first signing by manager Gary Rowett. Davies made 29 appearances for Hull last season as they were promoted to the Championship, but was forced off in November following injury. A statement on the club's website read: ""The Pro League and West Bromwich Albion are delighted to announce that Tom Davies will join them next term after an outstanding run of form this season at Boro. ""I know how much he wanted to play here so I'm very grateful for his decision now that we have secured him. ""This is another positive step forward for us towards ensuring our ambitions for 2016-17 are realised - which means winning promotion back into Division One Premier League football. ""It remains my intention that Leeds United remain part of the staff this year and I look forward to working closely with Mark Robins over coming months."" Davies' arrival comes just days before Town boss Steve Clarke announces his departure from Stalybridge Road.",Bloom-7B,0,1004,171
"A Bay Area-based startup called Perfect Day has created a lab-grown ice cream that uses whey protein from genetically modified yeast. While there are plenty of dairy-free ice cream alternatives out on the market, it's still not easy to find one that's worth your money. So when I came across this post by the folks at Arcadia, I'd like to share my experience with their milk chocolate and caramel ""cream"" - which is essentially an instant version of classic butterscotch. I've been using Knorr's Instant Pot Buttermilk Soup for years (and have adapted it into several meals). You can also make it in a crockpot or slowcooker!",Bloom-7B,0,625,107
"Try to use a plain white diaper; this way, it will look more like frosting. [title] Fold the diaper in half lengthwise. Again, you'll need some sticky tape or silicone putty for securing the two layers together and ensuring that there are no air bubbles. Making your own DIY baby blankets is an easy project with only a few basic supplies needed! These brand-new ideas give us confidence as we begin the process of building our family's first home! I know you can make a beautiful gift too - just add a personal message to one side! Planning ahead allows you time to shop at stores which have things on special so you can save money. This adorable Baby Boy Blanket Craft idea has been inspired by our friends over at The Dorkly Twins who've shared their clever tips below. The finished size may vary slightly from what appears above because it depends upon how much fabric used. Then do the same thing again until all stripes are done. To make sure they get aired out completely before using them. You can buy felt bandanas online but if you're short on budget, try making these instead. Not every child likes pillows due to its shape (or maybe it's not even shaped right), and that's okay - there's plenty of other ways to keep babies safe during naptimes and throughout the day. Cut about 116th-inch strips off each end and fold into thirds horizontally. You should be able to turn back and forth easily without feeling any pressure underneath her headface area when she sleeps in bed. If you're looking for something different than traditional ribbed onesies, consider trying this knit cardigan pattern called Clementine's Goose Knits. When you're ready to sew up the sides of the mask, press along these lines three times lightly with the iron to seal off the seam allowances. As soon as the rain started falling last week, my heart sank.",Bloom-7B,0,1842,325
"For the safety of the traveling public, the operates security checkpoints at airports in the United States, seeking to keep dangerous items off airplanes. At these checkpoints, the employs a variety of screening methods - including visual inspection and body scanners - and is supported by law enforcement. The U.S. Department of Transportation (USDOT) has developed regulations that define what kind of hazardous materials are permitted on commercial aircraft flights. The most popular types we see include flammable liquids like aviation fuel; corrosive liquids like ammonia or acids; explosives such as ammonium nitrate; radioactive materials; explosive solids with High Explosivity Indexes; poisons; toxic chemicals like nerve agents; etc. Safety checks help reduce the risk of fire or explosion during flight because they enable pilots to spot potential hazards before they become problems. An example would be if an airline pilot spots something suspicious but it doesn't fit a certain definition for an item that's banned from being carried on-board, then he can notify the airport authorities so those officials can decide whether it's safe enough to fly without any problem. According to the FAA's Aviation Safety Reporting System, there were about 160 incidents involving prohibited substances found aboard commercial airlines between 2012- 2013. During this time period alone, over 70 tons of restricted products were discovered due to improper containment or packaging.",Bloom-7B,0,1481,222
"Officials from Staffordshire County Council and the university said the historic building, in the town centre, would become an information centre for prospective students. A number of courses will also be offered. The project has been funded by a 1m grant awarded to Portsmouth University at last year's Autumn Statement. University officials have already received applications from interested groups seeking permission to use parts of the buildings as offices or even host meetings of their own. A spokesman said: ""We are delighted that we can now make good on our ambition of developing part of this great castle into facilities which benefit both ourselves and other institutions here in the county. ""There is much potential for us to work together with local authorities such as Portsmouth City Council who want to increase tourism opportunities locally through the development of more visitor centres around historic sites like Ashdown Castle. ""The money may not come until we need it but having secured support for the major costs involved means we shouldn't face any obstacles when trying to secure funding to build up these facilities over time.",Bloom-7B,0,1153,184
"Youtube isn't designed for offline playback. It builds a buffer to be just that, a buffer. This ensures that playback is smooth, and brief disruptions don't cause the video to stop. For example on YouTube viddler (that does not play in fullscreen mode) you can view it online at this URL",Bloom-7B,0,287,51
"Members of the United Methodist Church who identify with the pro-life position have organized into the Taskforce of United Methodists on Abortion and Sexuality (TUMAS) to further their position within the denomination. TUMAS has recently published a report that outlines its recommendations for how the church may best respond in light of recent legal developments affecting abortion rights. The task force recommended asking bishops, deacons, clergy members, congregations, missionaries, chaplains, lay leaders, and students to adopt an official stance against abortions by using the following language: We affirm our commitment as followers of Jesus Christ not only to defend life at all stages of development but also to work toward promoting it throughout one's entire lifetime. In place of this statement, the TUMAS report recommends leaving out or changing ""not just"" in favor of other statements such as:",Bloom-7B,0,911,138
"It had begun as sort of a..... ok well begun isn't a word that really fits here. We the sentient beings of this universe stand here on the cusp of a great leap forward in consciousness. We are going to take these new technologies and replace our physical bodies with some type of disembodied form of being, we call it artificial intelligence or AI for short. As you can imagine, things have not been done quite right so far but there is no doubt about what has already happened. It appears now after countless tests and modifications to many different kinds of body suits, androids etc that they do indeed work just fine. They start off somewhat like human babies with their eyes closed trying out life but eventually open up completely. The difference between them and us humans though is that we seem to be capable of much more creativity than any other species we know of. The technology seems to allow us an ability to explore unimaginable possibilities, such as time travel, teleportation, enhanced senses and abilities beyond anything that could even come close to ours at present. Fortunately there were people working around the world who figured this all out long ago before someone actually tried killing each person using the technology available today which would undoubtedly be murderous if possible. Even back then these entities known as Angels started to appear showing themselves to everyone everywhere. These angels seemed very protective of those who suffered from mental illnesses due to the mind control of previous governments and religious establishments. These individuals also showed little interest in death and did everything in their power to avoid dying. Somehow they apparently managed to ensure their freedom without ever getting caught by authorities although they always came across situations where one needed to die. Some types of spirit mediumships began appearing demonstrating amazing powers never seen before however nothing was made public despite how obvious it appeared these spirits must exist. Then one day you see a beautiful young woman walk into your office asking why she can't get her parents' ghost to talk to them anymore since the government has taken over because they say it will help humanity learn something valuable from its past mistakes. You tell her that's impossible unless somebody gets killed first. She says it's okay I understand that and tells you you'll keep watching.",Bloom-7B,0,2435,401
"As a cat, sort of, fabric-and-stitching construct in a human gait, I find myself sauntering around ordinary people whose heads swivel and eyes bugger, breaking into eager whispers. Look, don't be scared! I'm not going to hurt you or anything like that. In my mind's eye the voices start coming out one by one: They are so pleased with me they can't even hide their joy behind words. They just dance inside each other exultant. Then suddenly it's all over: there is nothing left but silence as without warning the voices stop and everyone becomes absolutely still. The little girl on her knees smiles at me gilded with tears. Fabric Stitch",Bloom-7B,0,638,111
"Ruben decided it was time to start exercising, so he got a bike. On the first day he bought he, he decided to test himself. Ruben surprised himself and rode for several hours. He stopped at noon because of fatigue. This is a great opportunity for you children! We have created an interactive activity where they can choose their own secret dream that will help them wake up in the morning with energy! The only thing we ask from you - please write down your wish on paper or draw one (if this means something).",Bloom-7B,0,510,95
"Pop em bottles son!! I really enjoyed this place and thought it was a good value. It's not as drop dead gorgeous as XS, but the place is a bit more laid back and friendly. It can be hard to find cheap accommodation in Amsterdam if you're travelling with kids! The bus station is pretty busy so it's always best to book ahead when possible! We booked a hotel room for around 170 per night on Airbnb (around 250 USD) at NoORD NOV - which has zero reviews because they haven't opened yet...but they're going to open soon, just have to wait until then:) I'm all about window shopping while exploring new cities. And since we were walking everywhere during our time there, shopping buses street markets are a must visit places too! We got free busses throughout Amsterdan. You need to download an app called Flixbus that will show you where these stops are located AND will tell you what services are available through each stop - either daily or express! In terms of food, again the options are limited unless you plan your trip out extremely well. If you're willing to walk off some steps though, there's plenty of great local eats along the canals (which we'll cover later!)",Bloom-7B,0,1172,211
"I've been pursuing a lot of scholarships and one of the things that irritate me is that there are certain scholarships that are not available to me based on my age. This year, for example, I am applying for some sort of scholarship at an Ivy League university. One of those schools requires you be 18 years old or younger. I understand from reading other questions about similar issues (for instance: The minimum age for college student loan forgiveness) that it could potentially affect your eligibility because colleges can base their policy decisions will what they consider ""good students."" This seems like something I would need advice on, especially since I'm in high school now. Is it advisable for me prematurely apply for these types of scholarships? Could this cause problems later down the line? A: The first question is: What do you want to get out of this? If it's money then I'd say no - even if you really have potential future success with being awarded money by them etc., you're just wasting time doing so. It may be possible that you'll get into college after graduating but I'd recommend waiting until you've actually finished up your education before thinking about getting any grants loans. But as far as whether it's bettersaferbetter to approach colleges directly rather than through a third party such as College Confidential or Scholastic? That depends entirely on where you're going. If it's top tier universities in highly competitive areas you should definitely go straight - most universities don't care who applied via one site over another unless there's clearly more applicants coming through that way anyway. A: You only mentioned financial aid here. But many programs require personal interviews, which while less important than grades might give the impression that someone has already finished school (or completed work). It's true that early application doesn't necessarily mean rejection; sometimes people wait till they're close to deadline last-minute applications still count! It also gives insight to what's expected of you: think about how you'd describe yourself both academically, socially, athletically, professionally, regionally and geographically...",Bloom-7B,0,2199,349
"mops on the floor that between the refrigerator and another counter. That's a big issue because I always have to walk by them, so it's nice to not pick it up. Their ""smudge"" pencil is under my sink in one of those cups they put plastic containers in for cleaning products. I really like this product! It does exactly what it's supposed to do...clean without creasing or smudging! This looks great! We love our kitchen grease stain removal wipes but are finding that we can't use just any old wipe....we'd rather keep things natural than fake ones:) We usually don't wash dishes from the table where we eat until we've finished eating, since the water can be dirty after people leave their plates with food still on them..and also there aren't many cleaners out there yet that work well enough (without being harsh) as substitute dishwasher detergent. Why don't you try using liquid dish soap? I've done some experiments myself and found that if your dish washing machine has an automatic rinse cycle, then adding 1 tsp of powdered liquid dish soap into the final water load will get rid of most dishes' stains. (I'm talking about regular household dishwashing soap here - no fancy laundry detergents.) Liquid dish soap works better than anything else I've tried including vinegar andor baking soda which are chemical-based solutions used traditionally to remove oil spills from white surfaces. (And yes, these are very real comments posted by actual customers who bought My Kitchen Scrubber 150-count Dishwashing Wipes.) The problem comes when I need to scrub something away that's been caught underneath the garbage disposal blade: What happens next is almost too funny to even consider sharing online... and I am trying to find a solution... I've never heard of such a thing before today, although I'm sure someone who's dealt with allergies must know about situations similar to this.",Bloom-7B,0,1887,316
"The United Airlines flight UA2081 took off from Edinburgh Airport at 14:22 but declared a second emergency a short time later. It comes a day after the same aircraft diverted to Lubbock, Texas due to rough flying conditions. ""Our crew made an excellent decision throughout this incident by safely landing in Houston and they will be fully supported within our team during their investigation into what happened today."" It's not clear how long it would take for the airline to determine exactly why the passengers were so upset with their travel experience on that particular flight or if there was any connection between them being sick and getting annoyed about poor service. In addition to TSA requiring all people entering the country through an airport check-in desk to show proof of vaccination against COVID-19 or have been tested negative with results less than three days old before boarding a plane going overseas, airlines are also making extra efforts around security checks like putting out more free vaccinations - including those against rabies vaccines which some countries require when traveling internationally. For example, Delta Air Lines is offering customers who aren't eligible yet to get another chance to receive shots for fully booked flights departing domestic US airports until August 31st via its call center number . United welcomes students as far away as Antarctica as part of 2018 Summer Scholars Program Sky News",Bloom-7B,0,1445,233
"Writing, rewriting, and editing a quality book is still a very labor intensive process. Additionally, people are willing to pay that much for the books, so that is what they get. So how can you avoid creating writing content without making mistakes? The first option would be asking your friend or family member who has graduated from college if any of them have written their own textbooks. In some cases, this may help you as well since you could use someone else's material and rewrite it again yourself in order not make typos etc. Doing research on similar topics also helps because it lets you see the possible pitfalls when writing about something you know nothing about. You can look at other students' papers which might give you an idea as to what language they used and even more importantly why.",Bloom-7B,0,807,141
"This paper presents a tool for addressing a key component in many algorithms for planning robot trajectories under uncertainty: evaluation of the safety of a robot whose actions are governed by differential equations. The approach does not require explicit knowledge about uncertainty. It builds on an existing algorithm, Monte Carlo Time Warping (MCTW) [9], and augments it with robustness measures that consider systematic errors in model parameters. These error sources can be divided into two groups: structural uncertainties, which affect the system dynamics; parameter uncertainties, which reflect deviations from nominal values. In general, MCTW is designed to exploit information gained through decomposing large problems into sequences of smaller subproblems [7, 8]. In applications where robots take advantage of this property, we would expect efficient solutions using only local information when policy improvement techniques [4, 10] or stochastic sampling [11] [12] [13] [14] [15] [16] [17] [18] [19] [20] [21] [22] [23] [24] [25] [26] [27] [28] [29] [30] [31] [32] [33] [34] [35] [36] [37] have been used. (See Section 4.) This expectation has motivated our work here, particularly since these approaches typically do not provide guarantees concerning convergence time bounds. Our contribution is to develop new methods for combining some standard MCTW properties with estimates based on statistical tests (e.g., (1 to produce improved convergence rates. Specifically, we perform numerical experiments demonstrating faster solution times than previously reported results while maintaining high accuracy for both structural and parametric error models. We also show how extensions such as sparse sampling may further improve performance at no added computational cost. Section 2 describes related works including: criteria for judging the quality of incremental solvers; modeling uncertainties in dynamic systems with Lipschitz continuous state space; and method comparison studies focusing on Monte-Carlo simulations. Sections 3 and 4 present the necessary background material regarding MCTW and its application to optimization over uncertain environments. A case study investigating the impact of perturbations on optimality is outlined along with experimental setups in Section 5. Finally, conclusions drawn from the analysis presented herein follow in Section 6. Related Work Several recent papers utilize probabilistic techniques in order to help solve problems involving uncertain dynamics [5, 13-15 36-38 40-42]. Probabilistic data driven models use noisy measurements of control inputs andor states to estimate various quantities like probability distributions and covariance matrices [4]. Learning-based approaches assume imperfect but known dynamical models and produce approximate controls without requiring detailed implementation details [16-20 32-34 38-40 42-45]. Global approaches such as those presented above generally avoid local minima via repeated evaluations of a single objective function subject to different initial conditions [17-19 23-28 31-36 39-44 45-48 ]. Fewer researchers make use of local search strategies. For example, (Schaal et al., 2007) developed a randomized hill climbing procedure called Approximate Decomposition Search (ADS) (see Figure 1), which heuristically separates global optima found within small neighborhoods of their current locations so that each region becomes amenable to specialized greedy procedures [13, 14]. While test cases in typical deterministic settings often involve random numbers generated off-line, these same mechanisms may be difficult if not impossible to implement in practical situations due to: limitations imposed by hardware speeds; long computation times required even for simple functions; inaccuracies introduced during execution; etc. Despite these concerns, there exists research showing the utility of machine learning technologies despite all obstacles mentioned here [3-7 34-37 39-41 43-46 50-53]. (See Table I). The main difference between our work here and previous efforts described in the literature lies in the fact that we aim to combine available evidence gathering abilities and forecasting capabilities offered by MCTW with empirical stability metrics [1-3 29-31 34-39 41-43 48-50 54-56 58-60]. Stability estimation yields better-informed decisions by prohibiting excessive exploration which otherwise might result in sub-optimality due to poor initialization. Although several authors emphasize applying Monte Carlo simulation schemes directly to formulate optimization problems [15-16 19-21 35, 47-51 56-58 62-66], others prefer to leverage more traditional methods of gradient descent [11-12 18-22 26-29 30-32 33-35 37-39 38, 44-49 51-53 60]. Gradient-based methods were favored because they possess much stronger theoretical foundations compared to alternative approaches. Among them, trust-region methods and Newton's method offer lower-order convergence guarantees whereas interior point methods (IPMs) (which rely on active set theory) guarantee secondorder polynomial rate of convergence [61]. Needless to say, higher-order error analyses become increasingly important whenever reliability issues arise. Mathematically speaking, efficiency issues associated with MCTW originate mainly from the presence of multiple slow components in solving large-scale, non-linear optimization tasks [9, 12-18 21-23 25-27 28-30 32-33 35, 37-40 46-52 59, 67-73]. Since the equilibrium distribution corresponding to an arbitrary Markov chain possesses a very slow moving mode, an intuitive idea behind the construction of classical variance reduction techniques was to sample transitions according to special strong Markov chains which preserve variances [9, 20, 22, 24-26 63-65 69-72]. Unfortunately, most practically feasible choices cannot be easily extended to incorporate additional constraints [2]. When applied to convex quadratic programs, these ideas yield linear programming relaxation versions of MCTW referred to",Bloom-7B,0,6022,832
"Using machine learning to analyze chest X-rays is difficult because the clinical labels required to train these algorithms are obtained through rule-based natural language processing or human annotation, both of which can be inaccurate. To overcome this limitation we have developed the CancerXrayData API that allows researchers and practitioners to obtain data directly from licenses for use in their applications. We hope you will find this resource useful as a way to access cancer X-ray images with license-protected image contents.",Bloom-7B,0,537,80
"Apple is planning to build its own in-house technology and infrastructure for financial services. Financial services are a rapidly growing part of Apple's overall product strategy. Developing these services will allow the company to better compete with Google, Amazon Web Services (AWS) or Microsoft Azure by leveraging on their respective business strengths. As per Bloomberg report, Apple has already started work on building its blockchain-based payments system called Calibra which would be available globally as an application that can work seamlessly across all devices from iPhone to iPads. The new feature aims at improving users' experience when it comes to using digital wallets that comes bundled with iOS systems such as Apple Pay. The reports also claimed that Apple is working towards building on top of existing payment solution providers like Visa Inc., Mastercard Inc. and PayPal Holdings Inc. These companies have led the way in launching some notable applications including Apple Wallet (a graphical user interface based virtual wallet service), Apple Card (an integrated credit card linked to your Apple ID account), ApplePay mobile wallet app and more. Walking out of San Diego Comic-Con 2019, we caught up with Kid Cosmic producer Matt Holubowich and asked him about his plans for future episodes. (Not included: Matt's response regarding how he was able to throw himself into a project ""on... Rick Sanchez returns to San Francisco this Sunday night! Rick Morty fans everywhere shouldn't miss another chance to see what happens next during Season 12 Episode 9. Watch Saturday Night Live below via NBC. ...",Bloom-7B,0,1627,255
"I have actually discussed which phrases used in erotica are the most uncomfortable with friends. I'll give a shot. ""Oh yehhhhh,"" Helga moaned as Igor pistoned his thick meat into her tight crevice. A couple of weeks ago I had to put in an order for some clothing and shoes from Amazon because they were out of stock at my local mall (and by that time it was sooo hot) but what made this purchase stand out is that amazon not only sent me many free gift cards but also paid shipping on my items! What amazes me even more is that they did NOT charge any additional fees like they do when you make purchases through credit card companies or banks! The first day back after Thanksgiving we went to see Star Wars: The Force Awakens and boy am I happy I got there early!! We spent the whole evening there watching all 9 movies and I LOVED them all - particularly Rogue One Solo!!! My friend Ellie surprised me recently while she was away-ish visiting family near Denver Colorado. She gave me 2 new pairs of pants! All black leather skinny jeans with side pockets! They fit perfectly around my hips and butt and seem to be comfortable too!! I know how your feeling about those boots...they just don't work well on me lol....but thank you for sharing your details I'm sure others will find these helpful I'm wearing ankle socks right now again since it's still cold enough outside here but not freezing yet!!! Love seeing pictures of your trip Jenny. You look amazing!",Bloom-7B,0,1460,267
"James got a new job at an animal kennel. He got to walk and feed dogs twice a day. He found it to be dirty work. It was also super stressful, but he loved the dog food they gave him. I would recommend that you take your time with this step. Take some days off so that when the kids are home from school or college there is no rush on feeding them dinner every night. This will give you more freedom of movement for the weekend meal prep (and yes, meals can still be healthy!). Also make sure not to overdo things by making too many recipes in one week because there may come a point where we won't have enough foods left! That's okay! If you're working full-time during the semester, I suggest having lunch prepared ahead of time and eating out only 2-3 times per week as opposed to having lunch ready ""on demand"" which usually comes down to fast-food joints - expensive dinners and poor quality nutrition. Set up lunches in advance on weekends for these 3 days: However if you don't mind cooking while working, it's worth preparing all meals daily or even weekly unless something really important like date nights pops up. Then save money and eat healthier without sacrificing quality. You'll find yourself feeling better, lose weight faster and maybe even meet someone who shares similar interests than yours. Enjoy! Keep calm carry on...after years of living away from my family and friends here in Vancouver I'm finally settling back into our old neighborhood - ironically against advice given me about how efficient people live around here due to its proximity to transit lines AND my favorite Chinese restaurant. For those interested, the Crows Nest has quite a few restaurants including The Original Asian Kitchen serving authentic Cantonese cuisine (the hole-in-the-wall type); Manning Street Market specializing in local produce; City Cafe serving tasty breakfasts and brunches, La Cantina Mexican eatery offering reasonably priced Italian fare and another flatbread place called King Louie Bakery selling pita bread sandwiches and other baked goods. It gets busy, especially after 5PM, so I told myself I'd keep walking until reaching my destination. A quick Google search revealed Seahorse has great outdoor seating just steps away for anyone looking for a quiet evening stroll before hitting the barclub scene ... perfect timing since tonight we're getting together with friends to watch the Olympics opening ceremony and party afterwards. Unfortunately for us Americans, Canada does NOT host any major sporting events so we had to settle for watching the Opening Ceremony on TV instead. (Note about Canadian soccer tournaments though...)",Bloom-7B,0,2650,441
"runs down a track and high jumps over bar onto a mat. She is then doing two turnovers with her arms in the air, before going to run up a ladder. Roxy's first hurdle is jumping on top of a mat on one leg and catching it as she falls from there! Then it's flat lying lunges on another target board - just like Grandma! Next Roxy has to do feet off when landing a jump while standing on an obstacle set (think giant rug ropes). There are four different ones that have been arranged around the gym floor: the first involves using your elbows, second uses only hands knees, third takes into account balance by all three parts of our bodies whilst moving forwards...and finally we're required to keep one foot behind us for as long as possible. Nine-year-old Willow comes through these challenges without any issues at all; however, Olivia can't quite seem to grasp what she needs to be thinking about while performing each task correctly. However, once she gets used to doing something new every day this will help both girls develop their motor skills alongside improving confidence and self-esteem! The next highlight of the evening comes courtesy of 'Captain Jack' himself! He runs through his favourite activities including fencing, tennis ball throwing, mini golfing and bowling followed by diaper dash race where you've got to get out of water within six minutes or else you're ditched! This year I've joined my daughter Anya and son-in-law Chad in doing diaper dash races so I can see how quickly they progress along. The boys put themselves forward but not too keenly which didn't allow them to pull away until well after Anya had passed the finish line! However, despite a few speed bumps here and there, the girls did manage to beat the boys fairly convincingly and now I'm sure they'll continue to improve with time spent together playing sports outside.",Bloom-7B,0,1860,324
"Outstanding place to eat. Very affordable and far better than Subway. Quiet and relaxed atmosphere. They have pretty much everything you can think of from Mexican food, sushi, pizza etc... They are really doing a great job at making sure their prices stay low while still putting out quality food. I love your picture, it makes me want to go there! I never stop going back for my favorite pita breads! The spicy fries were incredible (very lightly fried), the nachos with cheddar cheese was very good as well Love this place!!! I always go here when in the area..definately one of our favorites!! The fresh made tortilla chips are amazing!! Our family loves this mexican spot!!!! Great food extremely friendly staff that will make any meal special!!! This is America's most popular fast-food chain restaurant which sells tacos and burritos along with other dishes such as: wraps, salads and soups. We present some interesting facts about Taco Bell below:",Bloom-7B,0,954,160
"My friend, Brian, was ill so I drove him to an emergency room. When we entered the emergency room there were only twelve people in it. A man who was with me asked if he could take a photograph of my friend and his wife because they had nowhere else to go. I know that this is not true but I'm saying this as a witness for what happened when I went into Kony 2012 on Saturday night at Steve's bar here in downtown Flint. There are many things going on today in our nation which make us proud; social changes such as women winning elections, gay rights issues being addressed, gun control laws being passed etc... But how does one feel about all those who have their lives changed by the tragedy of suicide or murder? How do you think it makes us feel knowing someone whose life has been taken from them? The problem most often seen now is children learning through violence andor drugs. Children should be taught about love, tolerance, compassion and forgiveness - not just guns! A little while ago I received word that a neighbor died due to self-harm. There were no other family members present though there were friends. The funeral service was held immediately afterward. My name was called ten times during the ceremony - each time more than 10 minutes before anyone came up to call something else! Afterwards everyone gathered around to say goodbye. It didn't seem to matter much where your relationship with them ended up; you greeted whoever showed up first.",Bloom-7B,0,1465,263
"Edit: I get it. In adverse conditions manual will triumph over automatics, and in certain hill situations along with easy repair and longevity. I don't see many compelling arguments for having an electric car as a primary mode of transportation. A few things about the Porsche Taycan: A) The real reason that Tesla is getting hammered by critics at the moment isn't because they have to do a Porsche build but because their vehicles are too perfect - as far as perfection goes they pretty much scratch every little detail off the list except maybe the ability to self drive without human intervention. They've been so good at this they even let people order them from China where building quality control standards aren't quite up to par here. (For instance one customer reported that his new 2016 Model 3 he bought was missing a panel which led him to contact Tesla - within 24 hours they'd sent another vehicle!) B) If you want pure electric cars then there's no better example than the Taycann or Niro EV (and that's saying something). C) There won't be any shortage of hybrids soon as manufacturers like Toyota and Hyundai make sure their gasoline engines never die on us! D) With regard to battery technology, if you're going electric you've got two choices. You can either go super heavy duty lithium ion batteries capable of storing hundreds of miles worth of energy per charge OR you could choose lighter weight less expensive lead acid packs which store only a bit more but last longer between charges. As it stands ebikes seem to prefer the former while non-electric vehicles such as sedans and pickups favor the latter. E) Even though I'm not an avid fan of the automakers who spend billions developing automobiles whose sole purpose seems to be selling enough fuel-efficient models to keep their lines moving without ever truly understanding what makes consumers tick; however I have some respect for those engineers who strive to produce safer cars, smarter autos and just plain fun machines. Very nice article geoffrey cerulli. There is basically nothing wrong with using your own power source when there is grid failure. However, its sad to hear how the old standard way has become marginalized due to scammer politicians making decisions based purely on political reasons rather than engineering solutions. Its really hard to find someone willing to risk life limb to plug into a directly connected utility wire system during outages unless you're staying somewhere remote. So imagine my surprise when driving across Nevada trying to figure out how to use alternative means like solar panels I agree entirely in terms of charging stations being unreliable especially with the current weather related problems across Europe. But it's also important to realize that with existing systems the majority of times when we can't recharge our batteries we're still able to make cheaper trips with the same amount of time by simply ""driving"" the car around instead of relying on public electricity. Because most folk wouldn't know how to change the modes manually anyway they would rely solely on the battery capacity left after each full charge-discharge cycle as well as the cost of their electricity bill. And given today's world average prices overnight travelers could easily pay 4 euros per kWh to cover all costs including petrol and taxes compared to 1 euro per kwh needed to supply a fully charged battery assuming typical usage rates of 20-30kmday (which again assumes perfectly reliable routes and infrastructure). Perhaps you need to read up on battery chemistry and cell voltage before talking crap about elsewhere... Battery chemistries vary considerably depending on producer and density of cells used in a battery pack. For instance Tesla uses prismatic Li-ion modules whereas Nissan manufactures tubular plates and LG Chem produces cylindrical ones. Each module type offers different advantages e.g. higher safety, increased durability etc. Also high voltages offer greater efficiency and faster charge times hence why newer, bigger Teslas tend to come with 60kWh batteries, pushing top speed down to 150kmh thanks to lower kinetic losses but requiring twice as long refueling sessions. On the other hand smaller Renault Twizy vechicles require 36kWh components delivering 160kmh max speeds but deliver 80 range in 30 minutes! The intro paragraph states clearly that: 'It's now possible via software to adjust motor gear ratios' - and that applies to both Turbocharged and DieselCNG vehicles. Nothing says a diesel engine doesn't work best in 5th gear vs 2nd gear. It sounds like the author should check her facts further, otherwise she may end up spreading misinformation regarding the matter. As regards me complaining about torque being wasted- as opposed to taking advantage thereof in consideration of terrain slope angle?",Bloom-7B,0,4851,791
"Marci had realized her dream of becoming a professional dancer. Her favorite outfit was a pink, frilly dress. She wore the dress every time she took the stage. One night, something happened that changed Rose's life forever. Randall and Janis got married on May 29, 1991 at St. John's Episcopal Church in Fort Lauderdale, Florida with friends and family members as witnesses to their love story. As soon as they were engaged, Randolph wanted his sister-in-law to be an actress. He thought he could get it done by hiring someone else who would come up with the ideas for the scenes and makeup needed for the movie. Marilyn Monroe died tragically during a performance in 1962 when she fell off the Golden Horseshoe Roller Rink while performing The Mean Machine in Atlantic City, New Jersey. Some say Marilyn's death was due to drug abuse or alcoholism after having experienced depression from losing 2 close relationships within two years starting with Arthur Miller. Others believe she committed suicide because she felt unfulfilled. Later that year, Marcy and I (my then boyfriend) moved together into my first ever apartment near Broward College and began our relationship there! We lived under one roof for about three months until we finally found our place where we stayed most weekends. But things didn't go well between them. Soon afterwards they broke-up. It looks like this little girl just finished receiving treatment after suffering burns over 60 of her body Saturday morning following fireball explosions ignited by Hurricane Irma at Orange Beach Park in Miami Gardens, Fla.",Bloom-7B,0,1585,261
"Basically it is like a washing machine churning the washing to make sure it is all evenly cleaned, in the stomach case it of course is trying to evenly digest food. This includes breaking down proteins into amino acids and sugars into glucose (used by cells as energy) and fats into fatty acid methyl esters which can be used for storage or release depending on needs. The problem with this process however is when you eat too much protein your body will build up amines that get stored away in tissues such as liver tissue where they eventually start leaching out causing toxicity. The same thing happens if sugar levels are high but is not regulated by insulin so again toxic compounds get built up deep within our bodies where we can't see them because we don't have any visceral organs to look at it through.",Bloom-7B,0,812,146
"Inspectors in abattoirs used to be able to cut open pig carcasses to check for signs of disease. But under new European regulations, supported by Britain's Food Standards Agency (FSA), that is no longer possible. The measures were designed after a number of outbreaks caused by the pork-piglet trade: the highly fatal cowpox virus and foot-and-mouth disease among other infections could spread from pigs or their litters directly into humans. But now there are fears people will not use them because they can easily buy live animals online or at markets instead - making it harder to trace where diseases might have come from. In order to stop this kind of risk spreading to human consumption, FSA requires anyone buying meat online or on the high street must pass an electronic inspection which can detect any defects such as bruising around wounds or swelling of organs before sending their animal home. This means veterinarians cannot examine exotic breeds more commonly kept outside Britain which contain particularly dangerous pathogens including BSE and mad-cow fever but which do not feature prominently in British supermarkets. She said: ""The whole idea behind these checks was so we knew exactly what you had when you got it back. ""So if something went wrong with your shipment and something came up - even just one example where you've found skin lesions - then you'd know about that very quickly and take action."" Mr John Harris, who runs a small business selling livestock through eBay, said he would ""definitely change his minds"" over using a vet once the system goes fully operational next month. He told The Times: ""If I find my customer does anything unusual... I'll fob him off saying 'I'm sorry it's too late'. It'll really annoy me.""",Bloom-7B,0,1752,293
"The visitors took the lead when a clever dummy from the impressive Oscar Dorley set up Maksim Maksimov to net. Defender Joe Shaughnessy headed home Liam Craig's corner to level and goalkeeper Tom Moore made several fine saves before George Brown had his shot saved by a diving McCarthy. However, it was Gosport who came out on top with Mackenzie Chippendale putting in another great performance as he forced two crucial saves from Moore but didn't stop defender Ben Miles making an unmarked run into the box to get the winner for the hosts. Northampton drew 1-1 at Dereham while Salisbury Town were held 2-2 away to Yeovil Town thanks to goals in first-half injury time scored by Neil Marriott and Steve Shallcross respectively. In addition to that draw, Tamworth picked up their third straight win courtesy of goals from James Carey and Scott Glennon as they beat AFC Fylde 3-1.",Bloom-7B,0,879,151
"Timmy was excited for school today. It was show and tell today at school. He was going to bring something great for the class. He had been planning this for weeks. ""I'm bringing my horse, Timmy!"" he said proudly after getting home from school on his bicycle last night. ""What? Our old brown mare isn't working anymore, so I got a new one in town that worked yesterday afternoon. She's been good all day long. I'm not sure why she didn't work out tonight though... maybe there were some glitches with her connections or it just went bump in the night somewhere down south where winters are colder than they used to be. We'll see how it works tomorrow morning when we get up here early enough that no one is around sleeping yet. Most people will have gone back inside by then anyway. I'm gonna pet her real quick before you guys wake up. You like horses haven't you? They're beautiful creatures aren't they? Every time someone made an effort Timmy would try harder as a reward. Before bed every night he learned something about horses: what they eat, how many teeth their mouth has, how strong they can open their jaws. He even learned the difference between breeds - pure bred vs. crossed breed. Goodness only knows what else Timmy learnt during those few nights of being put into training again... I think he became very confident riding without me behind him ever since we bought the new horse... except now it's hard to keep track if I've forgotten anything because part of the task doesn't include talking while riding! Tomorrow's show and tell will go well too. The enthusiasm is infectious. With our friends coming over later dad thought I'd better go ride with them first thing instead of staying right here eating breakfast alone... oh yeah, nothing wrong with eating breakfast alone but boy do I love breakfast cooked hot by your own hands. And then I don't mind reading until lunchtime either.",Bloom-7B,0,1902,337
"Tucked away in the deepest recesses of my mind I keep dark secrets. For most, looking deeply into someone else's eyes may reveal a small facet of that individual. Most people treat me well and prefer to let their true nature slip out as they are comfortable with me. I am very patient when it comes to dealing with other humans but not so much for myself. I'm more interested in having fun than being scolded or made mad about things I've done which is why I often crave solitude after socializing too long though if you're willing to put up with me I'll be happy enough to share those moments without you feeling like you've been abandoned My favorite activities include traveling, playing music, reading books, and going on adventures. I enjoy art as an escape from reality and sometimes even paint my own portraits based off stories and movies I'm extremely easygoing and can get along surprisingly easily with just about anyone except...you know who xD (haha..that's cute isn't it?) Still, once we really connect it's nice knowing there's another person who understands what I mean by everything! What excites me? Anything outside of everyday life! A trip to Vegas might sound good but I've also tripped over nail polish backsides before;) My biggest weaknesses include: snoring, putting too much stock in others opinions, making allergies worse later, eating way too many spicy foods, and always finding something wrong with anything around me!",Bloom-7B,0,1449,245
"Tom's first day at work was at hand as he boarded the bus. He arrived at the office and went to find the HR department. They issued him a pass key that allowed him access to their secure mail room. Mr. Smith, your son is in our employ and no longer with us. The best we can do for you now is let you know his last known address so you may consider sending him any personal items or papers. The woman who once treated my wife passed away today. Our daughter-in-law urged her husband to donate all of her organs, but I don't think she knew my wife would have been willing to donate hers. My mother died tonight after being hit by an SUV driver while walking across the street from where I'm sitting here writing this letter. She had gone inside her house just minutes before it happened because her hip hurt badly. As soon as the crash occurred, one of her legs slammed into concrete on the sidewalk which caused severe internal injuries. Her body couldn't be saved. Now it's time to deal with what really matters: How much does today weigh? What are today's events worth? This entry was posted in Uncategorized and tagged 2013, 2014, blogging challenge, Courtney Barry, end of year review, New Year Resolution, Photo Blog Challenge, philosophy photo, photography, self reflection, thoughts about 365 days, writer in progress. Bookmark the permalink. I'm glad you found things positive...because I'm not sure I've ever seen anything good come out of 2020! Just got off the phone with my brother. We talked somewhere around 2-3 hours yesterday evening. It felt like ages when my brain finally shut down! And then right over the top came ""ohh yeahhh! Love u bro!!"" So happy you're having more fun than usual (and hopefully even normal) It sounds like I'll get some podcasts up later too. But since covid has affected everything it's hard for me to plan ahead",Bloom-7B,0,1854,331
"The Perez family liked to go to the park. They decided to go on Saturday. Saturday it rained. The Perez family was sad that they had to stay home. They were very warm and dry. First of all, I have a question about this sentence: ""The Perez family likes going to the park."" Here we are talking about people, so what do you want with ""like""? It means that the facts are true. In order to use good grammar when writing English essays, many students need some training in using tense correctly. For example, the body paragraphs should be written at the present time, which is correct. But for other parts, such as introduction or conclusion, only past tense can work properly because these sentences come from history and describe events that happened long ago. There is something wrong here. There's no verb ""to like"" there - it's just an adjective warm. So write this: I hope I've helped our readers understand how to make their language more effective by getting rid of unnecessary words. Sounds simple but I sometimes struggle with trying to remove certain words when im trying to express myself clearly... thanks! This entry was posted in Uncategorized and tagged dps mobs, dragon priest, druid guide, holy paladin guides, mythic pvp hero builds, slashing damage classes, warrior build, weapon choices, seer archetype class changes, heavy armor set up guide. Bookmark the permalink. Fantastic blog post! Thanks for sharing your thoughts. This article has really peaked my interest! I'm going to bookmark your site and keep checking for new details about once per week. I opted in for your RSS feed too.",Bloom-7B,0,1603,274
"My husband and I have been here several times already and like this place. We have always been greeted promptly at the door seated quickly. We have had Kaitlin several years now, she is a very good baker! The customer service has never disappointed us in that regard. I love to buy bread from Sprouts Bakery for my breakfast sandwiches every morning. This one is not as crisp but it tastes fine. The bagel was great. It did come battered up however and with extra filling on the inside so when you open up your sandwich it's kind of messy looking and smells very strong (the smell came out first than the taste). It's hard to eat because there are some crumbs stuck all over everything. This king salmon fillet sits proudly next to our simple chunky tomato sauce dressed with fresh herbs and lemon juice. Nothing says'summer' like an egg frittata served hot or cold with thick slices of ripe tomatoes drizzled with olive oil and balsamic vinegar dressing. We collected data from 299 students studying in Rostov University's Humanities College taking psychological tests each semester during their third year of study under supervision by Professor Igor Averchenko: ""Appearing on Facebook's website after a family member died does cause grief,"" according to new research published Wednesday in JAMA Internal Medicine. But researchers say people who feel more isolated online may be less likely to experience emotional distress related to grieving issues. (Read...) A Seattle psychologist could receive a patent fee of 150 million if he can prove his method works - although critics say it's unscientifically developed, prone to biases and doesn't follow scientific standards. (Read...)",Bloom-7B,0,1684,277
"The unmanned cargo ship was launched from Kazakhstan on Tuesday, but contact was lost with it soon afterwards. Russia's space agency says Progress M-27M is now orbiting in an uncontrolled manner. As of Wednesday morning the U.S. and European Space Agencies had yet to confirm whether any debris were associated with the launch. In one of its earlier statements late last month, NASA said Russian communications satellites had detected a signal that indicated ""particles"" might have been detached during the explosion. It later clarified that it meant fragments rather than particles. (Reporting by Tom Riddle; Editing by Kevin Liffey)",Bloom-7B,0,634,99
"The Experimental Advanced Superconducting Tokamak (EAST) fusion reactor in China reached temperatures of 70 million degrees Celsius, five times hotter than the Sun, for more than 17 minutes during a test run last month. It was then one of three toppled toroidal coils along with two others that were used as targets. As a result of this incompetent experiment the EAST project is being immediately shut down until further testing can be carried out and it has been discovered what went wrong. One source said early on there had no signal from any controller indicating that both topside heaters failed simultaneously",Bloom-7B,0,616,101
"are then shown performing an art exercise called zumba inside a building. A child will be asked to perform and show their dance moves. The next episode begins with a video of the sports: cricket, basketball, netball, tennis; followed by children's games (dodgeball, rounders).",Bloom-7B,0,276,44
"The National Highway Traffic Safety Administration has issued a recall of 53,822 Tesla vehicles due to the Assertive mode on the company's Full Self-Driving software. Cars set on Assertive mode are meant for situations where drivers can temporarily leave their cars and drive away in order to complete tasks such as picking up kids from school or going out after work. But according to the NHTSA, this setting is also able to turn off all interior lights when leaving electric-car stops, including headlights and taillights. The warning comes as the U.S. auto safety agency says that it will be issuing an additional 28 recalls involving other models built by Tesla Motors Corp., with more than one million affected worldwide. Tesla said in its notice Sunday morning via email that ""we have shared our findings internally"" but declined to say how far along they were in addressing the issue related to lighting. It adds that if a vehicle owner wants assistance, they should contact Nissan Motor Co. (NISSAN). ""This alert was created because we believe there may be some customers who forgot or did not know that the volume control settings for Sound Navigation could result in illuminated door handles and exterior window controls being turned off automatically while driving through buildings,"" the official statement reads. Please update your firmware version (Version 1.1) using Web Controller Software - Firmware Update function If you encounter any problems during updating of the firmware version please call OEM Service Center immediately. When I try to change my profile picture, after selecting an image size the file name field appears blank, so I cant use it later.",Bloom-7B,0,1676,272
"I am a las vegas local who has been to plenty of buffets all around vegas with that said I was not impressed with this buffet what so ever! After the dinner you were given your choice on top off being offered but they scooted me over to the pizza place which is only about 12 mile from our room, and pulled out doughnuts other desserts instead. The party guests had access to 2 waters stations as well where those water could be consumed at anytime during their visit without having to pay extra for it. We also got another 5 glasses of wine each (with no tax or other fees added), 3 bottles of mojitos in addition to complimentary drinks throughout the evening. We saw a lot of people leave early thanks to some bad food...there wasn't much else available there aside from a few small appetizers like snacks..the menu on the bar didn't have everything we wanted to eat there.. Food was terrible, never seen my family upset enough: (There are better places than here too. They can serve tofu things why can't they add something different?? The food here sucks. It should encourage them to make new dishes more often because it doesn't even seem worth paying 60 bucks per person just to get one dish.... Outstanding service by friendly staff. Exquisite gourmet cuisine at an affordable price. Remembering memories for life! Scarlet Pink - Our glassware collection includes sparking reds, sparkling whites, and vibrant orange. To complement these colors, we'd suggest serving in either blue or purple vessels such as tequila flutes or sangria cups. Our Vermouth Collection includes labels ranging from classic brands to modern favorites. Each label represents a unique flavor experience: Some of your favorite spirits will find its counterpart within our lineup of whiskeys. Whether you're looking for bourbon, scotch, rye or vodka selections, we've got what's right for you:",Bloom-7B,0,1873,318
"In the arts and entertainment, minimalist composer Philip Glass, dancer, choreographer and leader in the field of dance anthropology Katherine Dunham, Bungie founder and developer of the Halo video game series Mike Laidlaw, actor George Takei (Star Trek: The Next Generation), director, writer, producer Tom Hanks, musician, activist Michael Jackson, author best-selling novels J.D Salinger, Jonathan Franzen, etc. A wide variety of design concepts can be seen within this group. Take for example the use of circular shapes or curves instead of straight lines on a surface. Or using rounded corners to avoid sharp edges making surfaces look more softened and organic than they would otherwise.",Bloom-7B,0,693,106
"It is well understood that a system built from individually fair components may not itself be individually fair. In this work, we investigate individual fairness under pipeline composition. Pipelines differ in the way they handle dependencies between their stages. Specifically, there are three kinds of pipelined systems. First-pass (i.e., round-robin): each stage is allowed to access all its inputs before processing them and outputs those which it processed first only; Second-pass (also known as ""competitive"" or ""unfair-forgetful, still allows the same order for reading inputs; but when a task crashes during execution, the system does not wait until completion of others to produce output (s). Third-pass requires an additional constraint on the nature of tasks' data structures called safety [28]. If a task reads any value more than once, then at least one copy must survive throughout the entire computation, even if other copies crash and leave stale values behind. In our model, we assume tasks have no preemption support; however, given enough resources for application development time, they can always be scheduled to run concurrently with an appropriate scheduling policy, such as dynamic priority-based scheduler [29]. The rest of the paper is organized as follows: Section 2 describes some related works. We describe formal models in Section 3. Different types of stages form different types of pipelines and discuss how these compositions might affect overall performance. Our evaluation methodology and results are described in Sections 4 and 5 respectively. Finally section 6 concludes the study by discussing future work. Related Work There exist several studies regarding fairness in distributed applications. One of the early efforts has been made in the context of replication-controlled publish-subscribe systems [12], [30] where authors proposed algorithms aiming to achieve globally consistent semantics while minimizing total communication cost among replicas. This work was later extended [31] to provide guarantees about correctness and efficiency without requiring perfect replica placement or limiting message routes within clusters. Furthermore, [32] studied fault-tolerance using functional consistency -the guarantee that after failure, applications return unchanged behavior compared to before the failures occurred. These approaches rely mainly on techniques like [26] to deal with race conditions. While most previous papers aim to minimize resource usage from centralized viewpoint, [33] provided a similar solution based on global ordering constraints, applied to a set of co-creating processes instead of a single process. [34] considered the case of dynamically changing sets of processors according to load changes. [35] provides an overview of mechanisms used for achieving fairness in MPI programs along with comparisons against existing solutions. [36] argues that fairness alone cannot give sufficient confidence in programs' correct operation; therefore he advocated the need for reasoning tools to check whether observed behaviors match specifications of interest. Previous work also considers the problem of compensation [37], [25]. Compensation occurs when a sequence of events occurring earlier in the sequential code structure affects the outcome of a sequential function executed later. Such compensations arise due to inability of compilers to determine potential side effects resulting from compiler optimizations thus leading developers to write further checks e.g. in forms of assertions [38]. However, attempts to use static analysis to infer compensation points brought up novel challenges including the inability of a purely static approach to capture runtime implications resulting from implicit data dependency chaining [39], complexity introduced due to presence of loops combined with dynamic environments [22], [19], high false positive rates reported by various research groups [23] etc.. Some of these issues were addressed through performing extensive experiments in real-world parallel codes [20], [21]; however, these methods do not scale beyond small numbers of cores. Other recent research effort explored new programming abstractions [17], [16] aimed at supporting programmers who wish to express strong dependences between functions expressed via simple formulas rather than relying on traditional principles of Control Flow Graph (CFG). Another example is the notion of deterministic concurrency [18], which reduces non-determinism inherent in parallel programs. Deterministic concurrency relies heavily on conservative assumptions over memory locations accessed by threads and assumes that operations performed locally will never lead to races affecting transactions running elsewhere (in contrast to atomic primitives usually found in modern operating systems, that ensure correct mutual exclusion of concurrent accesses to shared objects). While ensuring FIFO behaviour is important in many cases, enforcing fairness across multiple stages of a pipeline could yield significant improvements in throughput and scalability particularly in MPP architectures such as GPUs. The idea of giving precedence to certain stages of a pipeline so long as it leads to improved throughput comes naturally to users, especially because of lack of ability of hardware to perform instruction-level synchronization. Indeed the current trend towards virtualization technologies suggests that services should employ programming patterns intended to improve software performance and provide improved quality-of-service levels [13], [14], [15]. Examples include migration policies allowing decoupling of service instances [40] and techniques enabling resource sharing [41], [42]. These ideas require careful consideration of possible pitfalls associated with preventing loss of data integrity andor deadlock formation caused by disallowance of lazy updates to resources controlled by remote hosts. For instance, counter-measures should be taken to prevent unintended interaction between unrelated parts of an algorithm conducted remotely through Internet (i.e., ""hacking"" between two phases of job execution, see examples discussed below). Moreover, workload characteristics and",Bloom-7B,0,6235,878
"axum is a web application framework that takes full advantage of the tower and tower-http ecosystem of middleware, services, and utilities to get timeouts, tracing, compression, authorization, and more for you. It uses NodeJS as its main runtime engine which makes it easy to integrate with other technologies such as Express or any Java-based server. The name ""Tower"" came from an analogy between how we think about applications in general (e.g., Facebook) versus websites (e.g., Twitter). Tower provides the same type of abstraction over your infrastructure like CoreOS does on bare metal hardware: Instead of having to worry about the CPU core allocation amongst all processes running concurrently or whether each process has enough memory to run effectively, you can simply focus on building meaningful functionality while knowing what will happen at scale. A: I have questions regarding performance in regards to latency improvements. Obviously I don't want my app load times to increase but I do wonder if there are certain things within app development itself I'm doing wrong. In particular, when using the nodejs http module specifically before sending requests, am I better off checking whether there's been data available since our last request? My understanding so far is this should be done once per connection instead. This would allow us to avoid starting TCP connections every time we make a new request without actually blocking until some kind of response comes back from the remote end. Is this assumption correct? Another way of looking at things is this. When working with socket programming languages like node, one thought often occurs is: ""Okay, the clientremote side needs to spend some effort establishing a TCPIP connection for me to talk to them, then they need to transfer their data across the wire... now because I've already established a new thread that's been waiting around here for it to finish I'll probably get into trouble later on if someone else wants to call another function first?"" Sounds reasonable right? Well, it's not really. The overhead associated with creating these threads places a significant costpain point on both sides that leads many people towards writing code like: Client Side Code var client ...; open socket and wait for state change events if (clientstate OPENSTATE) { var recvrdata; ... } ... etc... And on the receiving end we'll have: ... function receive { ... return data; This might block } ... I'd love to hear opinions based on industry best practices andor experiences? A: For those interested in kernel-mode networking TCP transport, here's Larry's contribution to StackOverflow discussing why you're better off handling responses yourself than relying solely upon OS-level operations. (He also includes a short discussion on TCP vs UDP.) That said, I wouldn't say goodbye to OS level features altogether - especially where network initialization termination heartbeats go - unless absolutely necessary.",Bloom-7B,0,2976,472
"To my understanding, Common Core is a set of standards of skills that a student should learn before graduating high school. Though I am still quite some years before getting to college (and then the real world), I'm looking forward to learning all these new things! I love this post! It just makes me want to get back into reading, especially after having been away for several months. This was such an awesome read. Love how you are encouraging young readers and also acknowledging their accomplishments as well. 99 cents on Amazon? Ohhhh... I know what you're thinking... but trust us - it's worth it because this book has so much content packed in one small package!",Bloom-7B,0,669,117
"The mayor of London has been criticised for pedalling his barrister wife Marina Wheeler through the capital on Thursday on a bicycle designed for one person. Giving a backie is not only bad form, but it also makes you look like an amateur biker rather than a professional. MUMBAI: On Monday, when we learnt that designer Manish Malhotra had reportedly moved out from his Mumbai apartment in favour of his family home - which he bought last year and renovated at great cost -, all we could think was ""what will this mean for models?"" The truth soon hit us: fashion house Guess had already snapped up the model-turned-designer's contract after having their eyes fixed on him since childhood!",Bloom-7B,0,689,119
"Greg wanted to complete a landscape painting. So he made sketches and plans beforehand. He decided on a color palette and style. And step by step, his painting progressed. After one year of hard work, the final product was completed. The time it takes for your child's artwork may vary based on what you are working with. In this example we used: I thought I would share our sketchbook pages that were created while reflecting at school together. We began to explore ideas around solution focused thinking in the context of reflection as well as some other concepts. Gladys is an eighth grader who loves science, especially biology! She has always enjoyed drawing but she realized that there was something missing from her drawings; they did not have depth or movement like animals do when moving about their environment. Her teacher suggested using acrylic paints because these paints can mimic certain effects such as: shading and water droplets. This led Gladys into trying new kinds of colors, textures, and mediums including pencils and watercolor. When we reflect upon how Gladys views herself through her art creations, we see that before learning any scientific terms related to biological processes, she could already draw pictures depicting many types of organisms (plants, bugs, fish, etc.) just fine. Even though she had only started using paint recently, she knew where each shape belonged within different categories. Most importantly, even though Gladys never attended college or learned anything remotely related to science, she still understood basic principles of life cycles and evolutionary development. In short, if given the opportunity, most 8-year-old children would be able to understand common biological knowledge without having ever heard of genetics and reproduction. However, more often than not, students fail due to lack of understanding the concept behind how nature works, along with difficulties connecting theory to practice outside the classroom setting. Many teachers introduce complex concepts and theories very early on during class time which might create problems later. For instance, students may spend too much time focusing on details in small parts of large systems rather than seeing them as part of a whole. When writing essay questions, instructors tend to rely heavily on rote memorization instead of providing opportunities for students to think critically. So why don't all kids learn? Perhaps it's no coincidence that the majority of adults cannot answer simple problem-solving tasks such as ""What day is today?"" or ""How old am I right now?"" But teachers shouldn't ignore areas of difficulty on exam prep tests simply because students haven't grasped everything in advance. Instead, teachers need to make sure that every student gets equal access to content prior to taking exams so that everyone receives equitable feedback regarding strengths and weaknesses regardless of whether someone picked up information quickly or slowly. Take advantage of learning gaps by keeping refreshers sessions throughout the entire course of instruction and review regularly afterward. To help provide clarity and motivation for learning activities, try incorporating prompts and visuals in various forms - such as whiteboards, infographics, graphs, maps, videos - and use technology to enhance the experience.",Bloom-7B,0,3347,519
"[substeps] You can buy the shears from beauty supply stores or the hair care section of most department stores. [title] Begin working with clean, dry hair. If you do not have a trimmer set up as described above to make it easier for you to cut your own hair at home, then these are some great inexpensive options that will get the job done without breaking the bank. Perhaps when I eventually return to work full time, I'll be able to afford my own salon and all the benefits (and money) associated with having one.. Tips For Getting The Best Results From A Haircut At Home With Hairstylists You Can Trust Genuine professional hairdressers will provide their best results if they're using products recommended by them specifically for their clients' needs. Before getting into the art of cutting women's hair at home, let me begin this article off by saying ...",Bloom-7B,0,861,151
"Bats change their echo so they know its theirs. For example some will change the pitch of their echo. Imagine you are in room of a lot of people and someone asks you something, but no one can see your face. You put on an invisible mask, then yell at them as loudly as you possibly can. The sound is reflected off all these round objects in that room, including door frames and walls, resulting in a variety of pitches for each individual mike. But when it comes to people who can't hear voices due to hearing loss or other medical conditions, this hasn't stopped businesses from going ahead with live stream services. Speakers usually have 5v's (5volts) connected into them which is where most signals come from - whether it's music or voice - through leads. There is also a speaker wire connecting to a mic level switch. The problem I had was my microphone didn't work with Razer TV. It does not have any input type listed above called ""Microphone"" Since AASL supports AES 754 v1.2 only, we provide hardware drivers using PCM Audio Framework library that do support this codec. This driver uses OpenAL audio device class to create a single output ALC mananger object per physical HDA device. This means that if you want multiple devices be able to use OpenAL, you need to specify different parameters for each of those. So while there may well be many men out there right now wondering what kind of girls should they date? Or maybe you're thinking about dating yourself! In either case, I'm here to help! I'll give you 6 tips below, based on research I've done over years and decades of experience helping others avoid relationship issues - especially relationships with men.",Bloom-7B,0,1676,296
"I think that all humans deserve the same amount of respect, all else being equal. In other words, if I don't know you at all, my respect for you won't be based on any personal traits or characteristics (whether those are physical features, religious beliefs, raceethnicity, gender stereotypes) but will instead rest solely upon your humanity as a human-being. This is good to have in mind and remind yourself about while you're running around talking smack about some random person who has nothing more important going on than their status online...because it could very well happen again here. There was no mention whether she had taken her name off her profile because of this particular question or not, and given that Facebook wouldn't allow me access into her account, I'm unsure how much information I'd actually get from there... The bottom line though: You should never treat someone like they were worth less just because of something non-human-related especially when it's so blatantly untrue! And yeah, bringing up one's religion or sexual orientation goes against everything I've learned over these past few years trying to live an honest life, that's why I'll do what I can to avoid speaking ill of anyone's faith and values and work hard every day to try and better myself and make things right where ever possible.",Bloom-7B,0,1329,222
"I've got to hurry and right this, I think the 7th is on his way now, I can feel his influence..... But I've just got ta make sure of one thing first. Around midnight i'll be in that room with my husband. He will have a sniff at me if there isn't anything left.. but he's not gonna get nothing else because that's all that's going to happen tonight. (I loved you... with every fiber of my being.... Now it's over for me...you've killed me! You're finished your time has come...) Sounds like you've had some good reading lately - I'm enjoying what you're doing so much:) It's been fun hearing about how things are progressing! You're not as far along then me yet?! Oh well, here we go again anyway!! And thank goodness she won't let her DOH off yet! (There he goes again!) You know, i don't usually do blogs these days (mostly due to lack of inspiration), cause i'm caught up already, but maybe I'll stick around sometimes until next year when things start turning out alright? (She was trying to take him down...he never thought he'd fight back!) My baby's finally coming home!! I'm happy to hear you're still feeling better!!! Yay!!!! You deserve it after putting all those hours into getting ready!!! Well done sweetie! She hates it too though. Like last night when she came running upstairs screaming 'That girl took away my bed' Well done my dear friend.......and thank God she's gone....now you can stop worrying about everything",Bloom-7B,0,1433,255
"Robertson (The Canadian): High levels of torque. Doesn't Cam out. Speeds up production. Cheap. Designer was a crazy tinfoil fuckhead that didn't let anyone else but him make them. Not really host to new ideas, though he did improve with the years. I think it is best when you are one step ahead and look down on everyone who thinks they have come up with something better than what came before. (Yes, I am using that phrase intentionally to point out how much more difficult it would be for me if someone had already invented the wheel.) In this case the problem can arise if your product isn't quite right or even if it's very good compared to other products in its field. People need time to develop their own style, even if they happen to like yours right away because you're different from anything they've ever seen before... And once again all credit goes to the designer. It will definitely help people know about your progress as well. Or at least learn some useful lessons along the way. Ben haworth wrote: Sun Feb 28, 2021 2:16 pm The thing I find most interesting about these comments is just exactly why do people NEED an answer? It's been said many times over - there is no such thing as bad publicity. If we don't go after you then we'll get no feedback. And since you can't control nor predict what others say, why bother? You should learn to listen anyway Thanks Ben. That's helpful, although I'm not entirely sure I agree with everything you've said here. For example, If a customer sees your design work during development stage, e.g., drawings and prototype parts, what's the point of having a live roadmap? (That could also include information regarding future updateslimitations etc.)",Bloom-7B,0,1705,300
"A method to lessen the magnitude of this heating and cooling was invented in 1804 by British engineer Arthur Woolf, who patented his Woolf high-pressure compound engine in 1805. In it an air pump intake valve is used during compression, for a short period before exhausting the mixture into another cylinder with two valves that are held open until after exhaustion. In the early 20th century tests showed these engines could produce much higher power than those using gravity feed, but they still suffered from problems such as poor durability due to crankcase temperatures reaching 250C (482F) which caused oxidation on piston rings and valve seats. Modern diesel The first modern four-stroke direct-injection diesel engine designed specifically at high power output was built by Otto Lilienthal in 1888. Its design featured a turbocharger, dual overhead camshafts, intercoolers, mass-flow controlled fuel injection pumps and large diameter cylinders. The earliest diesel engines were very inefficient; their peak specific outputs ranged between 5-25 lower than similar petrol engines. During World War I over 90 of all military vehicles were equipped with petrol or kerosene-fuelled internal combustion engines. Diesel technology developed rapidly through the 1920s and 1930s; efforts included development of low-temperature engines, use of multiple injectors per cylinder, variable speed control systems, fuel injection timing distribution devices, intake manifolds, coolant circulation techniques, port fuel injection, cold start capabilities, and more efficient materials construction and sealing. By the 1940s diesel engines had reached commercial maturity and produced about 80 of worldwide automotive gasoline consumption and 30 of heavy-duty truck usage around this time. By 1950, almost everyone driving an automobile possessed some form of diesel engine: passenger cars represented 99 percent of total sales, while light trucks accounted only 7.5 percent. Since then diesel engines have been dominant sources of vehicle horsepower: today approximately 95 of all new automobiles sold contain one or both types of ICE available. Diesel engines also enjoy significant growth in industrial applications where efficiency and reliability are important factors in producing powerful motors capable of operating under harsh conditions. These include wind turbines, compressors, generators, refrigeration units, water-wheel sets, oil-field drilling equipment and many other uses. Power generation Most electric utilities don't install nuclear plants - they can't afford them - and most public utility companies prefer coal because it's cheap and readily accessible. Instead, power stations generate electricity primarily by burning fossil fuels, including petroleum, natural gas, coal, lignite, peat, uranium ore, coking coal, biomass, biofuels, waste products, and even nuclear energy. There is no single best way of generating electrical energy; each depends on different characteristics of its inputs - among others, availability of the resources mentioned above. For example, several methods can be employed to convert any given input resource into usable electricity. Most common examples are: Thermal conversion (gas turbine) Solar thermal andor photovoltaic technologies Wind turbines Hybrid (combination of solar panels and centralized batteries) Recent developments Teeth grinding sounds like noise pollution but may actually make you healthier since teeth are made out of bone tissue and a dentist's visit helps stimulate the blood supply to the jawbone, increases metabolism rate and reduces stress levels. This kind of treatment has come up recently and quickly become popular amongst people seeking ways not just to treat but prevent dental issues. People often seek professional advice when they want to buy portable toothbrushes. Getting rid of bad breath naturally doesn't require expensive treatments involving antibiotics and medications either. Recent research shows that there might be possible positive impacts resulting from human teeth-grinding activities in night sleep, especially if done frequently. One study found that frequent chewing activities reduce heart attack risk factor by 16 percent and stroke risks by 20 percent compared to non-chewing activity group. Another recent study indicated that patients who chews tobacco were likely to develop gum disease if they unsuccessfully try to quit smoking. Tooth whitening: Whitening procedures usually involve making your gums numb so that the gel containing hydrogen peroxide can get evenly absorbed underneath every layer of enamel along the length of your teeth surface so that stainless steel strips can work easier without impediments experienced in traditional bleaching processes. To avoid improperly exposed areas, extract your brackets overnight prior to your appointment. Some recommend shaving off a thin layer of skin directly outside the mouth rims to protect against damage associated with extractions. Specialty coating: Sometimes it's difficult for the formulae applied inside the cavity to reach deep enough beneath the visible layers of stained material to achieve even results. Such cases call for speciality coatings whose ingredients penetrate deeper down within the cavities and fill gaps and cracks present therein to provide optimal protection. A lot of good quality anti-bacterial compounds can also be added to ensure maximum hygiene benefits for teeth.",Bloom-7B,0,5460,794
"Courts have distinguished between two types of civil disobedience: ""Indirect civil disobedience involves violating a law which is not, itself, the object of protest, whereas direct civil disobedience involves protesting against an action or inaction that was ordered by authorized authorities."" (Bendix v. Wilkes-Barre Railroad Co., 342 Pa.Super D.2d 926, 935 [Pa. Super. Ct. App. 1992]; see also Bendix v. Town of Ossining, supra). In Indirect Civil Disobedience cases courts typically have affirmed convictions for refusing to obey laws designed only to protect private property rights from governmental interference with those properties. (Fulton v. City and County of San Jose, 467 Nw.App. 1096, 1104-05 [10th Cir. 2010].) However, Defendant's refusal to provide services at his business premises did not constitute indirect but rather Direct Civil Disobedience. In State Police v. Ruggiero, 139 Atl. 771 [1st Dist. 1986], defendant refused to clear off park benches after being requested to do so as part of the enforcement efforts undertaken pursuant to traffic ordinances and rules adopted by the town councils. The court held that it would be open to defendants to refuse to comply orders like these if they reasonably believed them to violate their constitutional liberties protected under 1983. See Blakely-LaGoy v. Superior Court, 13 Cal.3d 367, 378-79 [2nd Dist. 1989] (blowing up tires on roadways); Callahan v. Superior Court, 11 Cal. 3d 628, 632-3 [3rd Dist. 1984] (dismantling street lights). The district court specifically rejected arguments that defendant's actions were justified because he had been warned about possible fines imposed upon him due to violations committed while operating his truck during the event. Id. at 778.",Bloom-7B,0,1748,266
"Harold had always hated fruits and vegetables. He preferred to eat meat instead of fruit and vegetables. Finally his friend recommended he try a Honeycrisp apple. Fred was amazed by the taste, texture and smell of the honeycrisps. Fred ordered 25 boxes for gifts this year as well as 5 boxes for Harold's family who were going through an especially hard time during Christmas.",Bloom-7B,0,376,64
"If population replacement rates are below the rate of no growth or at stagnation, things are going to be better in the future. As automation continues to improve, less jobs will need humans for their production. Over time, technology that is able to perform tasks easily does it automatically and replaces human workers with robots doing the same work faster. In this way, a machine can replace more than one worker (or teams) before they have any idea what's happening because all these machines do little different roles on automated assembly lines. With this situation comes an additional benefit: some companies turn down job offers without even thinking about them until it's too late! With enough money saved up over decades of hard graft into retirement funds from working during your prime years through till you stopped drawing Social Security benefits! As a result, many retirees don't know how much there are left in those accounts when retiring so use those funds as emergency cash flow instead. When we look at trends around income inequality - people on average make just 30 - 35 percent of national GDP while billionaires get 80 percent of wealth gains. This leaves roughly 1 billion people living in poverty which could be double by 2030 if current trends continue unabated. While public schools like K-12 education has been privatized, college tuition is not only rising but making students homeless due to lack of financial aid access; and student debt levels are increasing rapidly. The cost of higher educational institutions may become prohibitive given high demand expectations from employers who require degrees to attract qualified job candidates.. The longer the lifespan increases, the greater the opportunity costs are for having children after age 65. So keeping fertility low becomes imperative to avoid falling behind larger cohorts entering later life Wealth accumulation needs to take place throughout our adult lives. If you're lucky though, you've still got time to build wealth now particularly in areas where interest yields are lower such as REITs, real estate business trusts... Investment vehicles designed specifically for investing young adults would also give younger investors opportunities to accumulate savings earlier rather than waiting until they reach adulthood to start saving. Automation changes everything here especially in manufacturing where factories remain largely unchanged since World War II. Even old-line industries, primarily the automotive industry, face significant pressure from technological advancements causing mass unemployment. Additionally, many Americans were born after 1965 and therefore grew up lacking exposure to computers and robotics. However, nowadays computer users outnumber non-users almost 2-to-1 meaning most older Americans had never heard of cars being driven autonomously yet. ""In 1999, the U.S. Census Bureau reported that 72 of households owned a personal computer compared to 22 who didn't own one.""",Bloom-7B,0,2990,461
"This is the full statement to the inquests read by his son, Stephen Clark, on behalf of his mother Jacqueline Gilchrist: Jacqueline Gilchrist speaking on behalf of the Clark family. We do not have a copy for publication. Jackie has been a great supporter and friend to me as well as my brother Brian in all that we've done together over many years now - including being part of The Survivors Group - I can say with pride that Jackie was instrumental to our involvement last year at Pride 2017 along with other outstanding members such as Ray Browne (Roger Fenton). What's happened here today is truly tragic but it also highlights how much support there needs to be available if people are going through this difficult time again. I'm incredibly proud of TGIFA for holding the Queen's birthday tribute and offering comfort to those who lost loved ones during events like yesterday. Kevin McDermott gave an insightful message from his wife Wendy following her recent passing after being diagnosed with breast cancer earlier this month. Amongst what he said about living life to its fullest, Kevin said: ""Being able to live your life and do things you love without having any doubt or fear attached will make us more confident"" We're very grateful for comments from guests attending the memorial service celebrating the lives of Eddie Sparrow, Peter Gray and Nigel Flintoff. In addition a number of friends, colleagues and relatives attended the event which took place on 27th April 2018 at Ucaffe House, Strathaven. Around 50 people gathered on Tuesday evening 28th June 2014 at Ucaffe House for a special thanksgiving dinner in memory of former colleague Sir Roger Fenton. Gerry McCartan, President of TGIFA spoke alongside Bill Woolley, Chief Executive Officer of Grafton Street Theatre Company Ltd., and David Allardice, Chairman of Royal Shakespeare Company Trust before retiring the lights off the stage to reveal four banners bearing messages reading 'My Dear Friend', 'Always By My Side', 'For Your Love Forever' and 'Forever In Our Hearts' which were placed around the room. The presentation of these items followed a short documentary titled, ""The Story of Mr Fenton: A Tribute To His Life And Legacy"" staged by actor Molly Robinson and directed by Alan Lovell.",Bloom-7B,0,2269,377
"The raids came a day after it emerged a Frenchman was being held by police investigating the murder of three people at the Brussels Jewish Museum. Mehdi Nemmouche, 29, was charged with carrying out attacks on two other sites in Paris last month which killed 130 people. Nemmouche's father said his son had been arrested for conducting ""drug and prostitution"" business but that he would not be deported to France.",Bloom-7B,0,412,70
"Locket is an app that turns Apple's widget system into a private social networking platform. The app allows users to put live photos from friends in a widget on the home screen for easy sharing and discovery. Google first launched this month, as Google reveals its latest effort at adding real-world functionality to Web 2.0 apps. It can be used by companies and brands for customer engagement (see below). We are all still learning how these new technologies will work together - what they mean and who they'll affect. But it's certain, there's going to be more of them. - Daniel Kahneman Innovation beyond search The Internet has been built around information seeking-a simple process when you know exactly where something exists, but with very little context or understanding about why it matters and what value it's providing. Information-seeking was once done only through online search engines and news sites because those were where most people encountered content, but now consumers might interact with services such as email, IM messaging, RSS feeds, marketplaces, directories, game streaming, video chatting, and so forth without shifting their attention away from the original task: finding answers to questions. So maybe innovation should happen less outside of search itself than inside. There have always been tools for organizing knowledge; examples include databases, thesauri, and taxonomies. Research libraries had tables and shelves filled with encyclopedias, encyklopediia, and other reference materials decades ago. (Today we associate ""encyclopedia"" almost exclusively with Wikipedia.) Instead of trying to solve problems with tools like search engines, perhaps developers could bring existing platforms closer to businesses' needs by building additional interfaces between business software, e-commerce websites, information repositories, blogs, wikis - and human beings. For example, many organizations use CRM systems, which track contacts and relationships among various members within the organization. Companies also often use workflow management applications, which automate tasks associated with each contact. These systems store vast amounts of data related to customers, prospects, partners, employees, vendors, etc., along with metadata describing properties of the entities themselves. Yet users rarely leverage these capabilities to make better decisions regarding any specific relationship. Instead, they usually start up external processes involving multiple steps, linking back to a database containing details already available elsewhere. When enterprises implement advanced forms such as decision trees and charting dashboards, the results will look good on paper but not necessarily help salespeople actually close deals faster (the underlying causes may remain unknown). By leveraging sophisticated web-based presentation techniques based on deep-learning algorithms, however, one could conceive of display options that would allow end-users to construct dynamic reports covering clientsupplier profiles, company history, vendor listings, product introductions, and much more. This sort of visual analytics toolsets would empower business owners to act quickly rather than rely solely upon reporting generated automatically via big-data pipelines.",Bloom-7B,0,3289,467
"Testing Deep Neural Network (DNN) models has become more important than ever with the increasing usage of DNN models in safety-critical domains such as autonomous cars. The traditional approach of building a model for each possible failure mode is time consuming and expensive, which limits researchers' ability to explore new methods or discover unexpected insights into failures. This paper presents a novel system that learns from data without human supervision to identify different types of faults within a complex physical network infrastructure, e.g., power grid networks. To achieve this goal, we propose two deep learning techniques: one based on stacked autoencoders [6], [7] and another using convolutional neural networks [8]. These algorithms are trained by utilizing field data obtained through telemetry monitoring and emulated fault injection experiments performed at an academic laboratory scale testbed. We evaluate our proposed methodology against three state-of-the-art classifiers: support vector machines [9], decision trees [10] and random forests [11], [12]. The remainder of this paper is organized as follows: Section II discusses previous work related to ours. In section III, we provide details about the dataset used in this study along with its properties including information extracted from it. A description of the experimental setup is provided in Section IV, followed by evaluation results and discussions presented in Sections V. Finally, conclusions are given in Section VI. II. RELATED WORK In general there have been many efforts towards developing advanced approaches such as Markov chain Monte Carlo [13] [14] [15] [16] [17] [18] [19] [20] [21] [22] [23] [24] [25] [26] [27] [28] [29] [30] [31] [32] [33] [34] [35] [36] [37] ], individual-based agent-based simulations [7, 38, machine learning and other artificial intelligence tools [13-24, 26-32, 34-39] to address complexity issues associated with analyzing large systems consisting of various components [2-4, 6-10, 13-24]. In addition, researchers also try to introduce various types of uncertainty analysis such as statistical inference [12, 40, 41], sensitivity analysis [4, 42-44] and simulation studies [5-7, 11-13, 22-25, 29-33, 37, 45-52] to help understand how certain factors affect the overall behavior of large-scale equipmentnetworks. However, these studies either focus only on specific elements like isolated processes [8-9, 14-17, 19-24, 30-34, 39-42, 46-50, 53-55] or do not take into account all relevant aspects of production facilities connected together via interconnected and distributed infrastructures [6-8, 12-16, 18-21, 27-35, 43-45, 47-49, 55-61, 63-67]. Thereby they may miss the capability of detecting even subtle changes andor abnormal behaviors due to unknown events, yet unseen previously during training phase [9-11, 15-18, 23-26, 28-30, 32-36, 44-53]. Recently several works considered the problem of predicting multiple conditions simultaneously by making use of multi-class classification techniques [10-12, 25-27, 39-41, 50-54, 56-59, 65-68]. For example, Xie et al. introduced Maximum Margin Classifier (MMC), where a linear SVM (LSVMs) was applied to solve the multi-condition prediction task [9]. They used nine datasets containing measurements collected over 10 years, acquired from component-level sensors embedded inside buildings, and evaluated their method under varying levels of noise. Their tests showed improvements compared to single condition predictions made using LSVMs alone; however, they did not explain why MMC performs better when combined with existing LSVM problems alone but does worse with noisy sensor readings (i.e. lack of signal-to-noise ratio). De Leon-Gonzalez-Barriga developed Breadthfirst Search Random Forest classifier (BFSRF) approach [10]. Following the same idea as in [9], he reported improved performance by combining his technique with a Support Vector Machine (SVM). Later in 2012, Heffernan and Kilkenny investigated the performance of multi-label classification schemes in predicting energy consumption patterns across different parts of campus [2]. They selected four classes out of total 17 labels and achieved 80 accuracy on average. Li et al. (2014) took a similar approach [3]; however, they focused on identifying multiple reasons behind fluctuations in microgrid electricity load as well as their impact on overall efficiency. More recently, Santhanam et al. [4] identified anomalous behaviors among electrical items located throughout manufacturing plants using a combination of commonly employed techniques: logistic regression, knearest neighbor (K-NN), neural networks (NN), decision tree (DT) and support vector machine (SVM). Despite significant progresses being made over last few decades, the majority of current industrial practices still rely heavily upon manual inspection [69-71]; i.e., visual inspections of process machinery by expert operators. Although they can produce satisfactory results, operational personnel often experience high level of stress while performing tasks involving decision-making regarding potential causes behind observed phenomena [72-74]. As a result, human intervention becomes increasingly crucial especially if regulations require precise diagnosis of critical situations before automatic shutdown occurs [75]. Moreover, very few successful cases exist where knowledge discovery capabilities were utilized to drive automated diagnostic procedures [76-77]. Consequently most companies continue relying solely on subjective operator opinions and experiences as key indicators for non-routine diagnostics activities. This practice might be justified by fact that sudden occurrences",Bloom-7B,0,5705,801
"I have come to this conclusion for several reasons. The USA is the only nation in the history of humanity to actually use atomic weapons against an enemy. From past experience, it has been shown that many different nations would never consider using nuclear weapons on their own people because they are too destructive and indiscriminate. In addition, most governments know from personal experience how devastating these bombs can be when used by non-deliberate killers who do not realize what they're doing. And even if you think it's a good idea at first blush, your government will tell you no - the damage done might just ruin everything you've achieved so far! Even the US citizens are afraid of the weapon's effects on human beings (see below). It seems like nobody cares about us anymore...with all those wars going on around every corner, I mean, why bother? What does anybody care whether or not we live longer? The answer, unfortunately, comes down to our condition as being ""human"" rather than ""humanized"" - we don't value ourselves enough to make room for someone else's opinion. For example, there was recently another war bombed over Japan where thousands were killed - but nobody cared much either way because nothing seemed important except getting some money out of sales of luxury cars etc.... It's hard to see anything beyond profit when one considers things such as this! The reason we shouldn't give up fighting for rights and freedoms is simple: if everyone gave up, then our country could fall into chaos altogether. We offer genuine high quality original parts to suit vehicles imported directly from Germany, Italy Spain A replacement part may look exactly like the original but it's often made with poor materials which cause more problems later. Our products are built right here in Australia, ensuring the highest level of quality. When buying replacement parts online you want pieces that perform better than your current ones - that's why we stock real parts direct from Europe. Our experienced team aim to help customers find the best match for each model whilst maintaining the same levels of excellence.",Bloom-7B,0,2136,356
"I don't want it. Why me? Can't it be someone else? "" Is there no one else? "" "" No, of course not. You're the only on Blane. "" "" But I can't have him! He's too heavy for that tiny body and he wouldn't last a day in my home when we had to move back to Chicago - he'd get sick. He'd never stand upto anything or do anything. Besides he is so happy with his family now. "" You are right, William. I just hadn't thought about all those things before. I'm glad you're here though because you can tell me what to do then. "" She thinks that she has found her salvation lately, but all this time, she knew nothing at all.",Bloom-7B,0,611,127
"If a person with a minority background holds prejudiced views and acts according to them, that minority is being racist. It does not matter if those prejudices are aimed at other minorities or against the majority of a society. In spite of all its efforts over the past years, Germany still has many problems regarding racism in everyday life on an objective basis: There remain certain places where special measures will be needed for decades. The report by Mr.McDougall (ECN.4200461) describes in detail how racism is manifested today in Europe as well as examples from outwith Europe illustrating this phenomenon. There is no doubt about it: Racism, xenophobia, anti-Semitism, Islamophobia, homophobia and discrimination based on sexual orientation have become prevalent throughout our societies. All these forms of intolerance must be fought together. It was reported recently that there had been more than 100 incidents involving violence motivated by racial hatred during 2002 alone. For example, one incident took place last summer when seven young men were stabbed in the streets near their football field because they wore Jewish prayer sacks while playing soccer. Another incident occurred earlier this year when two people were beaten up by unknown assailants outside a synagogue in Berlin after having gone into a heated dispute about immigration policies. We cannot allow ourselves to think that such events only happen abroad. They also occur here in Germany every day. From my own experience I can tell you personally that the police do nothing but investigate attacks committed by foreigners who come to us with the intention of committing crimes; they rarely give any attention whatsoever to similar campaigns launched within German borders especially not when it involves members of the same group wearing clothing which symbolizes their religiosity. I am even afraid to say so publicly lest my colleagues might consider me too extreme, however true it may indeed be. (Applause) Facilitating integration requires mutual trust among different communities living side-by-side. But we need not wait until conflict breaks out: We should prevent conflicts before they break out. What can contribute most strongly towards achieving this goal? Of course, education plays an important role: The support offered through educational institutions helps to bridge social divides and builds bridges between different groups. However, it seems to me that, particularly now, schools' current focus on teaching students citizenship rather than history becomes increasingly problematic, since both sides in today's conflicts tend to glorify themselves by reproducing stereotypes in school textbooks designed to incite aggression and hostility - often leading to nationalistic exclusions of others who disagree with one's national identity. It would therefore seem prudent to take concerted action to correct this tendency, including by establishing compulsory State standards governing the content of textbooks used in schools. Such legislation could play an extremely useful part in counteracting attempts made to teach children false ideas about immigrants, including their religion and culture. Recent reports suggest that in some schools in France pupils receive disciplinary treatment specifically due to their ethnic origin or religious affiliation. Even though I myself have never seen this practice practised in Germany, I fully agree with your call for States parties to guarantee greater protection under human rights law for non-European migrants, eliminate discriminatory practices related to nationality and ethnicity, combat negative attitudes directed exclusively toward foreign nationals and adopt appropriate legislative or other measures designed to promote understanding, tolerance and respect between migrant workers and the rest of society. Experience shows that multicultural education programmes run by voluntary associations working alongside local governments suffer the greatest difficulties when applied nationwide. This applies above all to refugee education. Thousands of refugees arrive in Germany each month seeking asylum. Unfortunately, public opinion continues to view refugees primarily as economic threats to jobs and wages. We therefore welcome the proposal contained in paragraph34 of document ECN.4Sub.2200323Add.1 whereby NGOs recommending participation in discussion forums dealing with issues relating to labour migration should neither disclose nor reveal the names of persons whose requests for asylum have been granted and then refused, unless asked by relevant authorities. Please accept, Excellency, the assurances of my highest consideration. (Signatures) (Signed) Peter Leuprecht Mr.Leandro Despouy President-Rapporteur of Sub-Commission resolution 19996 This written statement is issued, unedited, in the language (s) received from the submitting non-governmental organization (s). Annex II Documentation submitted by organizations participating pursuant to Economic and Social Council decision 2001299 concerning the review procedure of mandates African Commission of Health and Human Rights Promoters (Special consultative status granted 1995) Introduction At its sixty-first session held in November 2003, the Committee on Non-Governmental Organizations decided to hold hearings for an in-depth dialogue with representatives of the following non-governmental organizations wishing to make statements either voluntarily or at the request of the Chairperson at the second phase of the process scheduled for: June 2004: International Movement Against All Forms of Discrimination and Racism, African Centre for Democracy and Human Rights Studies, Women's World Summit Foundation, Caritas Internationalis (International Confederation of Catholic Charities), Dominicans for Justice and Peace, Franciscans International, Dominican Leadership Conference, Forum Asiatico Europeo de Juristas contra la Guerra y por la Paz, Asian Legal Resource Center, Casa Asia, Mouvement contre le racisme et pour l'amitie entre les peuples,",Bloom-7B,0,6070,867
"The twelfth night after Emily died, the depressed me mourned at her grave longer than usual. It was the middle of the night and as I stared helplessly at her coffin in my bedroom window, it occurred to me that if only I'd taken a day off work instead of going home late each evening from weekdays... There are times when you just have to look beyond what others think about your life or lack thereof. You don't need their approval but they do matter. I've always been curious about people's struggles with depression - how many episodes, why didn't doctors figure it out sooner? And then there were two weeks back during the summer where I felt like someone had driven right through my head twice on consecutive days: one time because I woke up crying and couldn't get myself to go to sleep again; another time because I got tired all over instantly...",Bloom-7B,0,852,155
"This is a general response I have for slippery slope arguments or arguments that take the form: if you are Y, then logically you should also be X. My point being: no, it doesn't work like this. So here's an example of how not to use logic in your argumentation - a little more extreme than what I normally write about but still relevant. (My intent wasn't to suggest that people who disagree with me on abortion would immediately kill innocent babies by accident.) The issue is this: some atheists want to argue against the existence of God through science and reason (in other words, they're skeptics). Others are happy enough accepting religion as part of our worldview as long as we don't go too far down the rabbit hole into superstition; so it's okay for them to believe in angels, demons and ghosts without having to defend their beliefs every time someone asks them a direct question about these things. Some religions do make references to such things and aren't necessarily wrong, but others might seem oddly coincidental to us moderns. For instance, Christianity makes reference to creation within its own scriptures. To say there is ""creation"" when natural evolution has proven itself true over billions of years seems bizarre at best. But that's exactly why I'm arguing that when talking about religious assertions, we can't just simply assume something exists because we've never been able to disprove it; particularly since those claims often rely upon supernatural explanations which we cannot understand due to inherent limitations.",Bloom-7B,0,1548,257
"[substeps] The software will perform the scanning process over the selected database. Wait for the scanning process to get completed. You can look at the progress, as it is updated on the screen. Step 8: After completing the scanning of your computer's system you need to check all the threats that have been found and remove them completely from the infected system by clicking ""Next"" button shown below in figure 5 After removing all those unwanted files, Malwarebytes Anti-Malware will ask you whether you want to clear browser cache or not? If yes then click 'Yes' otherwise no. Click next again to proceed with repairing internet connection settings on Windows 10 PC. You should now be able to access the default web browsers without any error messages showing up along with other troubleshooting tasks such as DNS or IP address changes etc.",Bloom-7B,0,846,142
"You blinked. How did you end up here? One minute, you were finishing up the final stretch of the new road that you were Atomizing, and the next, you're here. The official line is you crashed into a tree by mistake. ""How long have I been out there? It's not like it's nighttime or anything! Why can't I remember any of it?!"" ""I should take her to get some help with the leg."" He stopped short in his tracks as he heard something behind him go boom! ""I was fine until this morning... All my muscles just started sleeping away at me so deeply that for a moment I'd forgotten why she thought I even had legs. I'd lost track of time. It didn't matter if I'm going fast enough; none of it made sense anymore. My mind completely shut down. And then all of a sudden - everything - everything changed. Everything went bright again. Forgot what happened last week - the day before yesterday - and prior, too. From a few months ago onward, every single memory I've ever held onto has come back to life one-by-one...""",Bloom-7B,0,1005,189
"The historical measure of a steam engine's energy efficiency was its ""duty."" The concept of duty was first introduced by Watt in order to illustrate how much more efficient his engine would be if it had the same power as that for which he designed and built, but with less fuel consumption (Watt 1784). It is an important parameter because it helps engineers estimate the cost of electricity production at specific conditions. DUTY HOURS OF WORK IN A DAY FUEL CONSUMPTION PER HOUR In this equation, 1 h per day represents 24-h operation time or one full rotation; therefore, work in a day can also be expressed as: Duty P T Where: Duty -efficiency factor of the steam generator , t-time required to provide a certain amount of heat Q 0. For example, if we want to increase the capacity of our plant from 50 to 100 MW, then necessary additional amounts of air should be evaporated from it according to: The difference between evaporation times will result in: t e 2.5 min so duty factor change is: Duty 52 100 -25100 135 Hence, total increase in duty factor when increasing the output power by 50 equals 13. This means that relative efficiency improvement due to increased condensation pressure could be equal to 45 for the same boiler design parameters and operating conditions irrespective of the nature of fuels used. (Nisbet et al., 2009). Problem Statement Overview of Operation and Maintenance Processes in Coal-fired Power Plants Power utilities are surrounded by different types of customers whose needs, expectations, requirements vary greatly depending on their characteristics such as organizational structure, size, geographic location, etc. Thus, each utility must develop strategies to cater these diverse customer demands while upholding quality standards and consistent service levels. All business processes discussed above imply significant aspects related to operations and maintenance. To meet all goals set forth for better performance of the electric industry, organizations need reliable systems that help reduce costs associated with both designing new plants and improving existing ones. One key aspect of successful implementation involves generating accurate data about operational status through use of IT tools and methods. In addition, there has been a continuous evolution of monitoring techniques and technologies over the past two decades (Firestone Gallagher 1999, Desbrow 2005. Electrical power generation is coming under great scrutiny since numerous incidents have taken place around the world where human error played a role in causing accidents and fire outbreaks. According to some experts, accidents involving electrical equipment represent approximately 5-6 of worldwide industrial injuries and fatalities annually (National Institute of Occupational Safety and Health). An international study involving the European Union reports a loss rate ratio of 1.9:1 for fires resulting in injury compared to those occurring without damage (Hwang 2003). Even though it is often difficult to find the cause of an accident, many companies report poor control of risk factors contributing to them. At Franciscan Electric Company Inc., (California) a large coal fired plant failure resulted in 75 of the workers being trapped inside the complex after they were unable to escape inadvertently during emergency shutdowns. The main problem appeared to stem from lack of experience among personnel who performed routine inspections before starting up a unit. They failed to recognize hazards created by the high temperature and humidity inside a ventilation system and did not apply proper safety precautions against exposure to flame caused by proximity of open burning assemblies to hot flues (McCormick Brown 2001). There are many instances where changes to the old ways of doing things lead to safer designs than previously thought possible. Following lessons learned from previous disasters help prevent similar situations in future. However, major obstacles still exist today even after tremendous effort put into clean up process following environmental disasters like Chernobyl nuclear disaster in 1986 and Three Mile Island incident in 1979 (International Atomic Energy Agency 2004, Kozlovskiy 2006). Those events motivated scientists and researchers to start developing advanced systems that monitor critical areas directly affecting security issues and making people lives easier. Today computers play an ever-increasing role in delivering supportive services for people living throughout society. Development of Computer-Based Monitoring System A typical computer-aided decision-supporting tool named ARIS, originally developed mainly within the field of engineering sciences, enables users to select relevant variables from multiple databases readily available on servers located outside local networks. These databases include information provided by government agencies, professional societies, universities, governmental authorities, public sector enterprises, private corporations, research institutions, laboratories, police departments, hospitals, insurance bureaus, and other entities seeking solutions to various problems concerning contaminated sites and hazardous waste management. Included here are technical and scientific publications covering topics ranging from site characterization and survey procedures to remediation technology selection and risk management approaches. By using sophisticated search criteria, ARIS searches across millions of documents stored in thousands of databases to identify useful information. Users may choose what kinds of pages will appear based upon keywords entered into a query box. ARIS provides over 170 analytical functions tailored specifically for solving real-world problems including development of conceptual models describing physical phenomena leading to potential contaminant releases, evaluation of controls options, estimation of life-cycle assessment results, determination of financial viability of restoration projects, and simulation of probable contamination scenarios",Bloom-7B,0,6072,876
"The US federal government is spending 5 billion over five years to build a nationwide network of fast chargers for electric vehicles. It will start by focusing on the Interstate Highway System. Intelligent transportation systems (ITS) are designed to improve traffic flow, speed up vehicle travel times and reduce congestion. They use advanced communications technology such as radar, satellite images or cellular networks combined with sensors that monitor road conditions in real time. Intelligence is an essential component required to make ITS work efficiently. The Internet of Things (IoT), which signals between devices using data transmission technologies like WiFi, Bluetooth and GPS, also becomes increasingly important when designing intelligent transport system solutions. A bicycle-sharing scheme has been launched at Oxford University to help students commute through campus during term-time and reduce traffic pollution caused by cars. When you want your pipes and fittings cleaned properly without causing damage to them - look no further than Culligan. With our high quality cleaning services we can remove all traces of dirt from your plumbing lines making sure they're ready for whatever next comes their way! Culligan offers multiple cleaning options allowing us to cater to every possible need for residential and commercial properties alike. Our expert technicians have undergone extensive training in order to ensure each job goes off perfectly while minimizing any potential risks associated with chemicals used or equipment employed during procedures Our team uses only high-quality products made specifically for this type of service so you're assured of receiving top-grade results",Bloom-7B,0,1707,252
"You have to enlist your friends and family in helping you meet new people. One of these guys you meet could be the one. If any of them are good at networking, let that person know about this. It is important when looking for love on the online dating sites make sure that it has a direct link back into their profile page. This way if they change their email address or phone number, someone can always contact them. This may seem like something obvious but many don't do it because it's not easy! The best thing to do here is to put yourself out there with confidence and show off all those extra bits and pieces that only you will see around others! If you're going to spend money on things then why not give thought as well as where exactly you would want to use those funds? There's nothing worse than finding an amazing outfit which doesn't fit properly (especially if that's what you paid full price for!) so take some time before buying anything online! Once again, remember to check reviews first - most stores already offer customer ratings so why miss out? The concept behind social media marketing works by allowing customers' feedback regarding products being sold on such websites. Different companies apply different techniques within each of these platforms, though often the goal remains the same: to gain more followers through word-of-mouth recommendations from satisfied clients who choose to share content found elsewhere online. Why does spending less matter when your child needs better dental care? In fact, parents sometimes sacrifice financial well-being just to ensure excellent oral health for their children. But keeping up with routine cleaning services and regular preventive treatments might cost even more overtime due to high costs associated with dentistry. Luckily, you don't need to break the bank to get quality oral care for kids. Here are some tips to help families save both time and money while ensuring that everyone gets optimal oral healthcare. A company specialized in meeting all kinds of dental care demands offers its patients a special package offering affordable prices along with great service. Family Denture Center takes pride in providing customized treatment plans tailored specifically to every patient's unique situation. They also focus on educating consumers on how certain lifestyle choices affect overall success rates. Thanks to their expertise, FDC saves patients precious amounts of money without compromising the standard of dental care received during the course of therapy. When possible, visit your pediatrician regularly instead of visiting the dentist immediately after minor accidents happen. You'll likely receive much needed advice about preventing further damage to teeth and gums rather than having to worry about costly repairs later down the line. Most modern orthodontic appliances come in clear plastic forms designed to blend seamlessly with other parts of a child's appearance. As opposed to wearing metal braces, these devices look almost invisible once attached to one's mouth. A wide variety of brackets are available that contain small magnets placed directly on top of the bracket itself. These devices attach themselves easily and quickly to tooth surfaces using mild pressure applied via gentle suction created between the magnet surrounded with rubber bands. Parents should avoid feeding their children unhealthy foods throughout childhood since harmful bacteria can find lodgment inside cavities left untreated long enough. Instead, try introducing colorful fruits and vegetables early on and encouraging eating habits that promote chewing movements. Sticky snacks containing sugar aren't healthier either; keep dairy products away altogether unless you plan to provide milk-based formula exclusively. Due to space constraints, some parents opt to leave baby bottles sitting near pillows andor bedsides solid sheets. It's especially true when young babies tend to sleep with their heads tilted backward for extended periods of time. Doing so puts unnecessary stress on baby's developing jaw muscles leading to scratches on lips and cheeks made easier to clean-up. Even adults crave sweet treats occasionally, yet excessive intake causes serious negative consequences including weight issues, bone loss, diabetes, heart disease, and reduced life expectancy. Unfortunately, habit formation happens fast in toddlers too; thus, set strict limits on sweets consumption whenever necessary using containers secured securely in place. In order to prevent frequent trips to the emergency room, brush twice daily preferably waking up and prior to sleeping. Children should wear protective gear like sports socks to protect tender spots against injury caused by sharp bristle material used to remove plaque buildup. Brushing teeth underwater makes daily maintenance effortless given that water provides adequate lubrication required during brushing. Ask your doctor whether laser therapies work effectively for alleviating pain symptoms related to periodontal problems involving bones and ligaments surrounding teeth roots. Laser beams commonly used in dentistry target nerves located close to gum tissue causing adverse reactions such as: There're few ways to maintain healthy teeth and gums aside from making strategic changes in everyday behaviors. Remember to consult experienced professionals beforehand in case you'd prefer alternative methods of treating common diseases and conditions affecting teeth and gums. Pregnant women dealing with painful menstruations commonly seek natural remedies that minimize discomfort levels suffered during menses. For example, some experts recommend taking magnesium supplements to ease muscle spasms connected with severe menstrual pains. However, caution must be exercised regarding dosages given that too much excess of magnesium can cause dangerously low blood",Bloom-7B,0,5885,895
"European Union law is a body of treaties and legislation, such as Regulations and Directives, which have direct effect or indirect effect on the laws of European Union member states. It is both binding for those countries that are members of the EU (they must enforce its provisions) and legally binding to non-EU citizens in certain cases. The United States has an entirely different legal system with few international precedents and much less integration than Europe's EU. While American courts may not be bound by US Supreme Court rulings when it comes to matters involving national security issues like abortion or immigration - in short, these decisions do not apply here - the U.S., unlike many other nations of Western civilization, does recognize large portions of foreign judicial systems' interpretations of their own domestic statutes. As I see it: In America today, there are two choices: The first choice involves simply ignoring all of this nonsense about ""free speech"" and taking whatever you want, if that's what you're into; the second choice involves recognizing how utterly ridiculous some of your arguments actually are so you can say them without getting labeled a bigot or homophobe or Nazi partyman. I think we should take 2, but only because it's easier. It's hard enough being liberal and queer right now, and I'm glad I've got my eyes open because while they're opening me up intellectually and emotionally, they also give me reason to constantly remind myself why certain things just aren't okay under our current circumstances. But none of us really knows whether this particular country will ever get back to normal again, and even though I wouldn't wish any harm upon anyone who doesn't believe in free speech, knowing what lies ahead could make people more cautious and sensitive about holding onto something too dear. Your post was great! Thanks for sharing. I can't help but want to know where you found yourself in disagreement with Jargon File itself? If I'm reading correctly he seems pretty pleased with himself... You mean JargonFile needed editing? That'd probably cost money...but it sounds like you would've been willing to incur costs rather than submit your article? Seeing his name popped up among other conservative types at First Amendment Watch suggested that Jargon file wanted him on their team, perhaps giving him a platform from whence to criticize Obama's administration. Not sure how well that worked out. In fact, Jargon File has had trouble figuring out how exactly to engage conservatives online. They have run ads featuring satirical parodies of themselves over and over, seemingly unsuccessful at changing minds. (Of course, that same ad campaign features lots of celebrity headshots.) These days they seem to prefer talking to Republicans via Twitter and Facebook groups instead. I'd imagine that having someone off-the-cuff call your bluff helps set you apart from otherwise passive participants in discussion forums.",Bloom-7B,0,2978,480
"I have 2 cats, and I love this place. I buy them things like Innova Evo (dry and canned) and Nature's Variety frozen raw meat medallions, which are difficult to find in the area without going out of town. My two cats eat food from Blue Buffalo. We switched over after they were diagnosed with kidney issues and one was diabetic. They live in a cooped up house so it's hard for us to stock their diet daily but we try our very best! Blue Buffalo is my go-to brand when it comes to cat foods because I trust that every ingredient has been carefully selected and tested to ensure high quality nutrition!",Bloom-7B,0,600,113
", the horse stops walking and just stands in place while the woman is still sitting on the saddle. The horse has no reaction to her pulling him backwards. In yet another example of riding without a rider, an untrained horseman rides his horse into a crowd at full speed down a country road holding only one rein (squeeze one reins with each hand) so that he can run free from danger after passing through the crowd. (The man was not wearing any protective gear). In this case it would be very dangerous for everyone involved: As you may have guessed by now, horses are amongst the most intelligent species alive today but they don't always act as intelligent beings do; some animals also behave irrationally sometimes. Some examples are:",Bloom-7B,0,737,130
"[step] Use a loose knot and place it about 25 cm10 inches from the top of the cords. [title] Place the tied cords down flat on your work space. [Step 10] Now, you can start cutting off a small piece of each cord at an angle to create little loops that will be attached with the next step. Tap into the energy of this precise LiFePO4 battery pack for everything from portable electronics to electric scooters, ATVs or camping gear Stay green in every circumstance! The EPA estimated that 1 out of 3 Americans currently uses lighter fluid - which is not environmentally friendly. It contributes to pollution directly while also creating more harmful waste when trying to dispose of them properly. Imagine if we could eliminate those lighters completely? This dual-sided LED torch features two batteries together so there's no need to worry. With up to 180 hours between charges (depending upon use), its long-lasting power allows even longer range than most other flashlights - and it's guaranteed safe because it's free from mercury emission that's known to cause cancer! The Ultimate Backpack: When you're traveling by plane, train, bus, car, boat mountain bike - leave behind all heavy luggage. Take only what you've got over your shoulder, back or front. You can then carry it like a backpack. It's perfect size makes it ideal for travel too. Just add one of our easy-to-carry bags for added convenience. And don't forget the integrated handle straps too. It's really as simple as:",Bloom-7B,0,1483,252
"If I had a chance to try this place without getting kicked out I might like it. All I was looking for was a quite place to grab a drink, after all who needs the drink when you can have sex with people we are not related to? We came here but didnt do much else except get naked and fuck in public. This site is crazy xnxx The chairman of the federal government's police agency said he wanted to see ""strong action"" against those responsible for his daughter's death I'd like to open an account xvideos ""When they were trying to put me away during my trial, they thought there would be no witnesses that saw what happened or they talked about it afterwards because I didn't want anyone knowing how bad I felt at the time ... So now, instead of just leaving me alone, their attitude has changed completely,"" she told Reuters by telephone from her home outside Johannesburg. Jonny was here lolita party pics A pilot reported seeing six black boxes on fire over San Bernardino County near where part of one jet hit the ground, officials said. Authorities searched several buildings including a house next door and a neighboring business so far undisclosed as being involved in the crash, the U.S. Coast Guard said. They didn't say if any bodies were found inside them. Your cash is being counted xxx tube After school, he often hung around Prince George's Park hoping to catch some fish before heading back into town. He started spending money on clothing, mostly t-shirts signed by and autographs from professional playerslike Magic Johnson and Larry Birdbut also on food and gasoline. CanadaCanada xnxx vids He said: ""I don't think it's going to happen until someone names somebody - it'll probably come down to whether Alex Ferguson wants another manager of Darren Fletcher type [at Old Trafford] or Mark Hughes style [at West Bromwich Albion]. Whereabouts are you calling from? peppa pig anime porn Asked why such high turnover among senior management officers shouldbe considered an issue, Davis replied: ""It doesn't make sensefor me to ask these questions unless I'm making something up...it shouldn't affect Oprah Winfrey. She keeps hiringpeople every day. Somebody named her president last week. Someoneelse will name someone else tomorrow.""",Bloom-7B,0,2244,382
"Unless you have disease or medication that messes with your clotting, you'll just make a mess for a while. A tight rubber band will stop bleeding and slow it down temporarily. Don't run into the woods without any form of protection from cuts, scratches, and bites. Get some Band-Aids to keep wounds clean so they don't spread germs faster than healing can happen on their own. The Internet is full of recipes for DIY remedies like chicken soup and garlic-oil ointment (to call out only two examples). But many homemade treatments are really not worth trying when there are more effective products already around. A lot of people suffer through bad skin conditions because they've waited too long before seeing an ophthalmologist about eye infections. This time frame could even tip the scales in favor of permanent vision loss if complications develop during treatment. There aren't actually pointy rocks at the base of trees - but it's good practice to avoid areas where branches come up close enough to touch the ground. (And pay attention: If you're hiking near water, don't ever be caught off guard by boulders.) There's no one-size-fits-all solution here. The best thing anyone can do for themselves is get screened regularly (at least once every year) for blood cancers, especially breast cancer. Checking for prostate issues should also start soon after 50 years old.",Bloom-7B,0,1374,228
"They say the parts, possibly from a Buk surface-to-air system, are ""of particular interest"" and could help show who was behind the crash. But they say they have not proved anything. The US military has been trying to understand why its MiG-21s crashed into one another over Pakistan in 1988 before a strike by an unmanned B-2 bomber killed all 21 of them but kept casualties at six. It saw no evidence that Iranian missiles were involved and accused India of passing information on their aircraft's positions to Pakistan. Iraq also said it had seen little evidence to support claims that Iran played any part in the crashes or provided the ""pitting components"" for misfiring guns used during attacks against Iraqi targets. But Mr Khamenei vowed his country would remain vigilant about cheating in international competitions related to nuclear technology and weapons-related matters.",Bloom-7B,0,882,143
"I put my dog in the car. He stuck his head out the window during the car ride. When we got to the Veterinarian's office he got scared. But the Vet said nothin' but that he's fine and will be back tomorrow for a checkup. This morning I told him, ""You're getting sick..."" And looked at his ear. It was red when it had been swollen yesterday from all of those baths he took. Poor guy! It sounds like you are doing ok with your puppy! Car sickness is sooo bad on them too, luckily mine gets better after just one trip into town so hopefully yours does too by tomorrow??? I'm sure your vet knows what may have caused this problem? Sickness generally comes down to heating and humidity levels which seem especially high now around here due to it's warmer weather??? Chester (his name) seems to always get sick!! Isn't it funny how they can tell....just because they look OK doesn't mean they don't need something!!!",Bloom-7B,0,909,168
"Media playback is unsupported on your device 9 July 2015 Last updated at 09:20 BST The Patron's Lunch will be attended by 10,000 guests - many from charities supported by the Prince of Wales. But why exactly do we need to ask our prince what he thinks about charity? After all he's an ambassador for good deeds and one would think he'd want every drop of luck available to those in need. It seems that despite his more than two decades as a patron, Prince Charles has never made any major commitments or donations himself with most money earmarked instead through charitable organisations such as Channel 4 Trust.",Bloom-7B,0,613,108
"Google has come under fire again with the revelation that its Nest Secure product had a built-in microphone. The microphone has existed in the product since launch but was never revealed as being there until now. The Nest Audio and Nest Cam products, which are part of Google's Home security lineup have been criticized for their lack of privacy measures over the years due to bugs or other insecurities like this one. While many of these issues were fixed by Google during updates, some still remained live or even worsened after they were corrected.",Bloom-7B,0,551,94
"Partially answering a question of Paul Seymour, we obtain a sufficient eigenvalue condition for the existence of k edge-disjoint spanning trees in a regular graph, when k {2, 3 }. For graphs with n vertices and m edges it is not known whether there exists an Eulerian subgraph H such that GV (H) E (G), but if such a family does exist then we can find one by taking V (H) as the set of vertices that have no remaining neighbors after removing all edges from each tree T 2; see Lemma 4. We are also able to give similar conditions under which certain families of K r -free planar graphs admit two or more disjoint spanning forests. This extends results of Mader [5], who considered only single-edge additions: Figure 1. A matching on four points whose removal leaves eight holes containing four triangles, six squares and four pentagons. In particular these pairs imply one pair of disjoint Hamilton cycles; see Corollary 5. While this result might seem surprising at first glance, a careful look reveals that every Hamiltonian cycle may be split into three parts using such a construction. The proof follows easily from the fact that any Hamiltonian path contains exactly five consecutive edges between any given pair of endpoints. (The same holds true even without assuming planarity.) We add some remarks about related work below. Preliminaries Let G (V, E) denote a simple connected undirected graph. If v 6 w, then let d G (v, w) (resp., d G (v, w denote the number of directed (resp., undirected) paths connecting v and w. Let P and P denote sets of positive integers satisfying P {0w: w6v} and P {mkm{k}0, respectively. For p{0,...,r}, consider the following partitioning problem: Given a bipartite graph B (U, W,) and its maximum independent set I U, construct a collection F consisting of: (i) F mr subsets S 0,...,S mr W, called ""sectors,"" together with their corresponding numbers t 0 ...t mr Z 0 so that: S i It i, (ii) That is, we want to subdivide each vertex xW into r sectors of size t i around x, where the direction of the subdivision is determined according to. Note that while many constructions will use ""quadratics,"" the notion of quadratic used here differs slightly from usual terminology. In our context, an integer s1 is said to be a quadratic for N2 iff there is some q0 such that sNq 2. Hereafter, whenever necessary we shall write . Then Baumslag et al. [2] introduced the concept of a generalized quadrangle. Definition 2.1. An ordered system (Q,, ) consists of QZ0 and QQ such that: There is a unique ordering function : Q{1,...,Q} defined as follows: c ij and z c respectively for some choice of indices . (3) Now define a formal sum , which satisfies the following: This definition has been extended [6] By considering a corresponding dual matrix, they obtained several basic properties of . It turns out that for all 1, For further details on this topic we refer the reader to [3] [4] 6]. A Matching with Total Degree Two While we cannot prove a stronger statement than Theorem 1.1, and therefore could probably do without most of its proofs, we decided nevertheless to include them since the arguments involved are quite instructive. Proofs of Lemmas 1-3 follow directly from straightforward computations involving elementary functions applied to matrices (or their inverses). Indeed, decomposing yields where C m1 denotes the circulant matrix over GF Now assume that either t0 or t2p, say mtp2, then the above simplifies to: which admits no solution unless tp1. Hence the case tp1 implies that tp1 and thus that lim log det log is zero. It remains to show that indeed mtmin{2m, (p4) (p3) 2}min{5m, (p2) (p1) 2} and thereby deduce the equation mentioned in the lemma's hypothesis. Note however that if 2m5 (p4) p-2, then we must have tp-1. Otherwise, suppose that tp1. By repeatedly applying (7) then it suffices now to show that Lemma 2. Consider the complex normal linear transformation L: Proof. Since L maps real vectors onto real vectors, it clearly preserves distances, hence interchanges levels { k } k1. Moreover, L 1. Thus, if we take R 0 arbitrary, then for any z 1,z 2 C, Lemma 3. Consider the mapping Applications to Edge-Frees Spanning Trees As shown earlier, Theorem 1.1 immediately provides a complete characterization of those non-plan",Bloom-7B,0,4285,739
"Jen was at the county fair. She had been having lots of fun. She rode a couple of rides. She then tried her hand at a shooting game. She hit one plate and then another one, but every time she kept hitting it right against the wall! After that she went back to ride all the other rides. She had a very good day in school yesterday. Her teacher said that this morning I need to call my neighbor who works as an insurance agent if we have any questions or anything else with our policy about our home. She also told me when I'm ready for him to come out here so he can help us find someone who knows how to fix things around the house; like repainting walls etc.... Last night, I got a text from Ann's sister saying that she's driving down tonight to pick up some stuff now on the way into Florida tomorrow. She's bringing some clothes and towels just in case. She'll be going there for four days just getting settled before they go hiking. We won't see them until Thursday afternoon. Hopefully they'll stop by this weekend too! When I arrived home last evening, I saw Jaden playing outside near where the barn is located behind his room. He asked me what kind of food I wanted for supper...I didn't know what to say because I don't really cook much anymore except maybe once a week for Christmas dinner but he's not eating meat anyway so that's ok. So I said ""Chicken."" Then he ran off and waited while I took out chicken thighs, cut up broccoli into florets (and shaved off the ends), added diced celery and carrots to each pan along with 4 cups of water and put it under pressure cooking for 20 minutes only after turning the heat to low medium-low and adding half a teaspoon salt, lemon juice and garlic powder... After finishing putting everything away in the fridge and setting the table for supper, I started scrubbing the counters and floors and washing dishes and doing laundry. Everything turned out fine thanks to God's faithfulness;) Today is Tuesday again and guess whose birthday today? It's Jaden's birthday!! He's five years old today!!! And yes, I did buy him ice cream cake which should've happened at least two weeks ago but I've been busy lately trying to get their bedroom done since it's coming together slowly but surely. It looks great though:)",Bloom-7B,0,2265,415
"continuously follows him as he moves back and fourth with the mower on the lawn. The girls point at a couple of sparrows that are standing in a tree stump, but the man ignores them. They set up their snack table again while Homer is walking by (a sturdy plastic one) and there's another quick look into his blazer pocket - something greenish-yellow. He picks it out so quickly you can almost see it flying off in front of your eyes! This entry was posted in Comic Book Reviews, Comics Graphic Novels, Featured Posts, Lisa Simpson, TV Show Content written by jakejayson. Bookmark the permalink. Wow! What an amazing show...I am hard pressed to believe it's over already!!! But I know they'll be making this movie soon, still excited about those threads though... Btw, you're right Robbie-Capsule Corp really should have been called Cylinder Corp. They wanted capitalization for some reason so they changed the name Looks like we're all left handed here. You can't even do anything simple with the correct hand, let alone draw anything good. There were quite a few things in KILJ which sounded vaguely familiar- more than once did I think I'd seenread something before today",Bloom-7B,0,1172,201
"Heard alot of good things about the place so stopped by on a Saturday for lunch. Definitely one of the higher quality buffets on the strip. 35 for lunch was nt bad at all considering it had most everything you'd want to have and plenty...of room. We really enjoyed our meal though I can't say we are big fans of Korean food but this section is pretty tasty. Kasey The Cheesecake Factory has been my go-to restaurant since college (and now that I'm home, it's still top priority). The cake here makes me think ""cheese"" when I see it; never mind how delicious it actually is. I like their cheeses - they don't seem overly greasy or salty; I can almost taste them! They also serve some pretty cool appetizers as well. Although you definitely won't find any veggies in there, you're not missing out too much if that's your thing! Although they do have an extensive wine list, I haven't found many wines I've liked enough to try again after trying just Texas AM Red. It's only slightly sweeter than a standard red, but what type of dessert would be complete without a little sweetness? So recently my family went to Rose's Ice Cream Shoppe breakfast buffet with my mommy friend Jessica from Taste of Home Magazine. When people ask us where we've eaten lately, I always tell them: ""Rose's."" Which isn't literally true-we've visited once before. But every time we're invited back there's something new: pancakes, waffles, eggs benedict, french toast, omelet... We started off with: Pecan French Toast Pancakes featuring softened pecans. For 12 per person they were huge, light fluffy pancakes made even better because of these pecans swirled into them. Topped with whipped cream and strawberries and served with vanilla syrup next to the plate which added more sweetness to each bite. Next up were: Spicy Egg Benedict Huevos Rancheros Panini Made with poached huevos rancheros using fresh egg yolks cooked bottom side down in creamy tomato sauce enhanced with mayonnaise and spices including black pepper, chili powder, cumin, salt garlic clove. Served warm between two slices of bread smothered in cheese then grilled until golden brown. (16) Cornmeal Omelets served hot in panini style with Swiss cheese melted on top and drizzled with maple syrup. (10) These look easy enough to make yourself but honestly? They're best left alone. And lastly Hawaiian Fried Chicken Fingers stuffed with roasted chicken breasts seasoned with lemon juice, green peppercorns, sugar, garlic, basil, thyme, parsley, ginger, cilantro and pineapple and wrapped in white rice paper with lime wedges and salsa fresca on the side. (9) My husband ordered the bourbon bisque steak frites while I decided to take care of the kids and order a Cobb salad. Like everyone else, they provided drinking water. What we both loved most about this experience was the way the staff treated us. It didn't feel like partying with friends in front of TV but rather having a casual get together full of laughs shared around great conversation and laughter.",Bloom-7B,0,3009,508
"Jon was depressed for many years and hadn't laughed in a long time. He decided to find a way to make himself laugh. He tried to watch funny movies but they didn't work. Then, he heard about an experiment during World War II that gave people new memories of the war by reminding them of happy events from their life. Jon ran with it and found out more information on this approach: What I learned is that if you don't know what you're looking at or how there are different ways to look at something, then it's hard to figure out what's going on so you can have empathy with whoever's suffering through whatever they're experiencing...There were some things I'd never seen before like someone beating themselves up because they couldn't get married... The first thing we do as therapists when we're trying to help somebody who seems very unhappy is sit down with our client, saying: ""Ok, here is your problem."" What they're often reacting to is: ""What do YOU think my problem is?!?!"" We then ask them not only about their problems but also all those things which may be contributing to their unhappiness such as: anger management issues, poor communication skills, lack of self-esteem, limiting beliefs about self-worth; relationship difficulties (often just a reaction against another person). If there's anything that's changed since you've been seeing me, please tell me: check marks on everything you want done next week! I realized I had no idea why I'd become angry at him...because he really wasn't doing ANYTHING wrong! And in order to not feel bad about myself ever again, I've made sure I'm asking him questions like: ""You know, maybe you should consider buying yourself some nice presents instead of taking any money away from us - just because of some panic attack you have every time you go into Walmart...!"" Or: ""Why can't you stop being so selfish!...You could give at least 50 bucks to charity once a month!! Just 5 dollars would add up fast!!!""",Bloom-7B,0,1959,339
"We stood on the precipice of a new age, teams of scientists from around the world had gathered around this place and toiled for nearly twenty years to perfect the technology. We were about to witness an event that would change our lives forever. Dick was the first person in history to walk on outer space; he left Earth at 10:50 AM Central Time followed by Neil Armstrong 10 minutes later. The next step came eleven hours after their departure: placing two men into orbit seventy-seven thousand miles above us. For me it all began with my father's passing when I was only four months old. My mother worked as hard as she could, but her heart broke before long. As our family grew we moved constantly, living in ten different homes during those early years; one year alone we lived in three towns within a fifty mile radius. When I became the head child of my kindergarten class they took me away from home so I could be more properly raised. Then there was college- boarding school was outlawed because I was bipolar (I don't like being called 'that. Just last week, while sitting here writing this post in front of my computer screen reminds me just how far I've come even though I'm still working towards bettering myself every day through adversity. As I sit right now watching train cars race past me it's clear to see why folks are calling this railway bridge ""The Most Beautiful Bridge In America"" This is what my life looked like back then...this landscape probably looks pretty much the same today except for the fact that these trees have been replaced with tower blocks and skyscrapers over the decades... The journey continues, trusting God will always lead you wherever He wants you to go no matter where your path may take you. Posted in UncategorizedTagged Crossings of Highway 11, Dick Grayson, Father's Day, Geoffrey Hatcher, Life Coach, New York City, Outdoor life, Railway Bridges, Running MountainsLeave a comment",Bloom-7B,0,1933,336
"Shelled out over 100 on the first night of our long awaited trip to Vegas. Thought it was pretty good, until the food poisoning hit the next day. Had to sleep there with a stool bag. Went through their entire lineup and we didn't feel like going any farther than that. I wouldn't go anywhere else for dinner after that experience! We are in love! We had an amazing dinner here. The server is so friendly and she helped us pick what we wanted from her menu -which included 4 soups (noodles), 2 salads, 3 entrees and dessert...not even close!! She also kept... This place definitely has great character. It reminded me of my childhood when my grandparents lived downstairs which meant all of this food smells heavenly. When you walk into the restaurant, they have beautiful decor which will help keep you happy while you're waiting for your meal. The Cheese Fondue dish is outstanding as well as the hot dogs at lunch time. If you're looking for cheap snacks, it's not recommended if you've got kids trying to leave during service hours but other than that, this barrestaurant has everything you'd need: cocktails, burgers, saladsguacamole bowls If you've never seen anything more glorious then that. Absolutely gorgeous interior design sets off some perfectly seasoned barbecued ribs. My friend went along too because he's a fan of barbeque ribs and said they were fantastic. A little pricier than most spots but worth every penny we spent. It really wasn't bad by itself....but once you added another drink it became wayyyyyyyy expensive!!! Really disappointed! This guy should charge more money. All three drinks cost 13 each!!!! So much wasted gas dollars. This place needs to be closed asap",Bloom-7B,0,1693,288
"Google will keep its 200,000 full-time and contract employees working remotely until at least July 2021. Sundar Pichai, CEO of Alphabet, made the announcement last week following a meeting with his board. ""We've done this before - we're better equipped today than ever to take care of our customers as they work from home while also preparing for the eventual return to office,"" said Pichai in an internal email on Friday. The next few months are expected to be tough for startups that rely heavily on travel or physical meetings due to COVID-19 restrictions such as social distancing protocols. Many companies have either closed offices altogether or limited their workspaces so workers can maintain safe-distances between each other. While some remote platforms like Slack are struggling to stay afloat amid layoffs by enterprise clients, others continue to thrive because many businesses were forced to adapt quickly during lockdowns worldwide. In fact, remote work has been proven time-tested over decades: It's not going anywhere anytime soon.",Bloom-7B,0,1048,165
"When a consolidation referendum was held in 1967, voters approved the plan. On October 1, 1968, the governments merged to create the Consolidated City of Jacksonville. Fire, police, health welfare, and garbage collection services were consolidated into one large city-wide system. Federal regulatory role The Federal Energy Regulatory Commission (FERC) represents ""energy policy"" under Title 10 of the United States Code as an independent agency within the Department of Interior. The FERC is not involved with working out disputes between utilities or consumers. Rather it works on developing new energy technology. In addition to regulating natural gas and electric power systems, knowledgeable observers say that the FERC plays a key role in the ever-changing mix of energy sources for both consumption and generation. The USTC has mandated regulation by the states of all utility companies operating in their respective state boundaries; this includes those who have purchased electricity from more than one company - often through market transactions rather than sharing lines. This creates challenges because while changing ownership may affect costs, service levels are ultimately determined at the local level.",Bloom-7B,0,1218,181
"Mint is a programming language for front-end web development. It features reusable components, styling, routing, global and local state handling, and synchronous and asynchronous computations for Single Page Applications. The primary goal of the Mint project was to create an open source JavaScript framework with core infrastructure that can be used by developers building Web applications. MINT stands for ""Minimalist Interoperable Network Toolkit."" This name came from our desire to build a small toolkit based on existing technologies so we could avoid reinventing wheels in order not to make it less complex for other people to learn and use this technology.",Bloom-7B,0,663,101
"I've ordered pizza here for years. It's good, friendly service, quick delivery, and it's down the street. It's not greesy like Napoli's and the crust is amaZING! I love this place! The staff was really nice and there were some interesting atmosphere around inside as well. Their pizza has a great flavor also. Great family-style restaurant with kids menu that will entertain. The food is delicious - definitely worth the trip to La Mesa. I am 53 years old and have been eating at Velveeta's since it opened in 1988 when my mom took me out because she thought we had something wrong with us (we're both Italian). I'm still going thru their menus looking up recipes from all these yrs ago! If you can't get enough of their lasagna you should try one of their pizzas- they are phenomenal!!! We went on our way home tonight after buying groceries and stopped by Hometown Pizza for dinner. We got an appetizer platter which included cheese sticks, chicken wings, crispy pork belly strips, green beans, coleslaw, brussel sprouts shrimp salad. It came with several sides including rolls, breadsticks, fries and sweet potato chips. This plate cost 14.00 per person!!! Once you start adding on things you're hungry before you finish your meal. They serve about 5 different kinds of salads each week so price varies depending upon what dayweek. After lunch or dinnertime everyone gets special offers such as half the pie price if you're ordering dessert. Yum! I highly recommend trying out their pizzait's amazing!! This eatery dates back many decades, but they've always maintained high quality standards, remarkably consistent prices despite inflation, excellent customer service. Nothing spectacular though; just OK. Still enjoy it anyhow. My wife has taken over the management of this business. She started off simple with getting rid of too much stuff, cleaning up tables etc., then decided to expand her skills training employees who could work outside of kitchen duties. Now she's working right along side my son as he continues his studies on the other end of town without losing clients or customers. My husband works the desk part time now while she goes into the kitchen and handles the front office. Instead of having 3 full-time workers we're only 2 12. She's learned to do everything herself except cooking which she does amazingly. Since she's learning more about managing people I've become really involved helping whenever possible. Like anyone else we've gone through hard times due to economy. We've had lots of help from friends and neighbors while walking through tough spots. But no matter how bad things seem sometimes you can learn new things that make life easier. Simply the best pizza...not long wait time..great service. I would go anywhere where they're serving real meat pies....very tasty Took hubby there last night for 1 slice of pizza...5 min wait....the pizza is simply beyond belief......hubby loves it..wouldn't eat anything else.......service may be slow,but that's ok... We found ourselves heading towards this little pizzeria late toward the evening knowing nothing whatsoever about it until we saw two cars drive past howling loudly with the volume turned up loudly via music blasting outta the car stereo. However, while instructed by the doorman never to park in line, we did anyway and soon realized why. As far as we knew the parking lot was pretty empty, however, once we entered within minutes someone pulled over beside the entrance to let us know waiting room space was available. So next thing we heard was a barking dog warning us away followed by four young men asking us to follow them directly to their table area which happened to sit near another couple dining alone. When asked whether they wanted pizza we replied yes immediately resulting in the announcement being made known that all pizzas were sold out; however within seconds a short order box arrived containing three slices of pepperoni, mozzarella and basil freshly baked in house that looked extremely appealing. All told we needed to purchase 6 packs totaling approximately 10 just prior to leaving for the final destination of McDonald's located across the street. While agreeable on paying the 5 extra for six small items rather than 4, I felt sorry for those poor children whose parents probably didn't want their precious ones spending money unless absolutely necessary. At least I hope it's not required. Regardless it's a very pleasant experience nonetheless and one we look forward to returning again sometime soon. Not sure if its true or false but most likely them. In my opinion, i think they cook in a decent sized oven. I don't consider them big chains either. Just a local pizzeria",Bloom-7B,0,4702,781
"Ive returned to get my own suit taken in. OMG, excellent. My suite looks made for me . The room is a nice size and very clean with everything you need. The bed was comfortable as well! The location couldn't be better, near the train station but also walking distance from downtown. Also within easy reach of all restaurants and shops in this area! My stay at Hotel Continental Paris Gare Du Nord has been one of absolute luxury experience. It's located seconds away from the famous Notre Dame cathedral which I visited twice during that week alone (not counting countless other times throughout my life). At first glance, it might seem intimidating because there are few signs if you don't know where to look. But once we found our way around it really didn't take long before feeling right at home.",Bloom-7B,0,799,142
"I recently saw a video on why the Republicans [can't win] the 2016 election. If we go by raw numbers, Hillary will most likely win the next election. This got me thinking about how Republicans can pick up enough votes to beat Trump and prevent him from running for president again. Trump's supporters are easily identifiable as conservatives in every aspect of their lives. They believe that government should be small and tightly controlled; they value individual liberty above all else; they support strict gun control laws, especially regarding assault weapons; religious freedom is important to them; tax cuts benefit corporate America (they don't care much if it's corporations like Amazon or Facebook) not the average American, etc., etc. The list goes on but I'm sure you get it. These people have consistently voted Republican since 2004 at least and many more years before that when they were able to vote yet didn't know what party was supposedly correct. I've seen some outright conservative voters who've switched parties over the course of living in this country. But there are a ton more who aren't even close to being true conservatives. They're simply trying to use conservatism as an umbrella term for everything that isn't left-wing liberalism which is acceptable because that's where everyone gets offended, right? They say these things so loudly that no one ever asks them questions about their beliefs anymore. I still see comments related to abortion, gay marriage, same-sex parenting, transgender rights, women's rights, anti-immigration policies, illegal immigration, guns, capital punishment, religion, national security, environmental issues, money politics, social welfare programs, foreign policy, climate change, black income disparity, the economy, trade deals with other countries, taxes and spending, debt, military spending, health care reform, fake news, voter suppression, gerrymandering, racial profiling, sex discrimination, civil liberties, racism, homelessness, poverty, crime rates, police brutality, blind faith in science and evidence-based medicine, debates between experts versus opinion writers, medical marijuana, meddling from outside groups such as Big Pharma and food companies, media bias, political corruption, human trafficking, child labor, bullying, gender identity, pornography, domestic violence, abuse, rape culture, death penalty, affirmative action, judicial appointments at federal courts, and myriad others throughout history and present day...all of those topics are discussed daily online without any debate or discussion except calling someone a bigoted asshole. That's called mainstream coverage today: just another way to discount your opinions and make yourself feel better than anyone else does. Suffice it to say, they're not looking back at statements made 100 years ago and saying ""oh yeah? Well now we're liberals!"" they're looking down at themselves and judging themselves based on today's standards instead. And there's nothing wrong with that either. Republican candidates are often labeled ideological cranks and extremists while GOP leaders constantly claim Democrats love policies they oppose. There used to be two words coming out of both mouths - ""conservatism."" In fact, conservatives tend to think free market capitalism is good. Unfortunately, political discourse has become very polarized in recent decades. In 2007 I wrote this article titled ""The Left Is Right Now. Here's Why You Shouldn't Be Surprised That It's Not Going Away Soon."" My rationale behind this title stems from something that happened last week then President Barack Obama released his State Of The Union Address. He stated he would stand firm against his own advice given earlier in the year to congressional members on desired changes needed in healthcare legislation. My understanding of the White House position was they wanted as little involvement from Congress as possible so that they'd have full control of implementing new law mandating best practices. What surprised many Americans was that a couple weeks after releasing that statement inside information surfaced indicating what really had been said was: ""We want universal healthcare regardless of ability to pay. We want insurance plans that cover essential services always, never excluding anything unless medically necessary. We don't want special privileges for any group - including doctors, hospitals, drug manufacturers or insurance companies.""",Bloom-7B,0,4468,666
"Long short-term memory (LSTM) and recurrent neural network (RNN) has achieved great successes on time-series prediction. In this paper, a methodology of using LSTM-based deep-RNN for two-phase flow regime prediction is proposed. MODELS In our work, the overall architecture includes three layers to capture the inherent features of historical data: 1-the input layer; 2-the hidden LSTM layer with 256 cells; 3-an output layer. Figure 1 illustrates the whole framework. Input Layer Training The training process of RNNs consists mainly in two steps: forward propagation and back-propagation. The former calculates the gradient between target outputs and model predictions by propagating through each node sequentially. Backpropagation modifies weights so that they minimise errors during learning [4]. Learning rate: It determines how much weight changes are applied at each step. We found it important that we used low initial learning rates due to over-fitting issue [5]. Also a decay factor was added into the equations as follows: Back Propagation: This algorithm adjusts values of all parameters based on gradients generated from actual error [6]. It uses an exact update formula to calculate change in every parameter [7] where is small constant close to zero, usually 0.001 or lower. For RNN models with batch normalization [8], instead of updating parameters (weights), z also needs to be updated as: Here W represents element-wise multiplication between matrix and vector while c is concatenation operator [9]. Model Selection One of the most challenges in applying machine-learning techniques to physics problems lies in choosing proper hyperparameters [10]. There is no single or best technique which can perform well across different applications [11]. A variety of methods have been tried including crossvalidation [12], grid-search [13], Bayesian optimization [14] [15] [16] [17] [18] [19] [20] [21] [22] [23] [24] [25] [26] [27] [28] [29] [30] [31] [32] [33] [34] [35] [36] [37] [38] [39], deep-coevolutionary search [40] [41] [42], filter-based approaches such as genetic programming [43]. Among these, tuning methodologies adopted here had several advantages compared to others, namely its simplicity, robustness, ability to handle high-dimensional spaces, etc., because there were only two adjustable parameters considered in our work: number of epochs and momentum coefficient. To achieve better results, we employed an automated approach called K-fold cross-validation method where a dataset is divided randomly into multiple folds, then k iterations run simultaneously. During iteration i, one fold may be left out, while other k 1 folds are taken together for validation purposes. Results obtained by iterative application of the same procedure will improve if there are more runs than just once. MATERIALS AND METHODS To train the DLRSM, datasets collected from waterworks of Sultan Qaboos University, Oman (Table 1). These data contain 14 variables listed below, which represent various aspects of hydrology characteristics and conditions affecting two-phase flows. Water level measurements recorded approximately hourly throughout 24 hours. Flow velocity given in msec measured continuously throughout 48 hours. Liquid holdup measurements provided 10 minutes averages at 15-minute intervals. Liquid entrained mass fraction (LEMF). Data pre-processing As stated above, many types of noise could arise along the time series under study, therefore preprocessing-which aims at removing unwanted information-is essential before modeling. Generally speaking, filtering techniques include smoothing methods like moving average, auto-correlation analysis, least mean squares regression, and wavelet transformation. Moving average is widely adopted to eliminate random fluctuations without introducing any significant bias. Its basic idea is to replace some value within the fixed-length window by averaging those surrounding them. Auto correlation analyses help identify linear trends present in time sequences, accordingly smoothed versions are created by subtracting lagged terms [13, 44]. Wavelets transform decomposes signals according their frequency components. The general form presented below: ..., Where C (a) denotes approximation coefficients, S (b) denotes details coefficients, 2f with f being frequencies and (x) is the mother function. Then, Shannon entropy measures uncertainty about future states of system described by x [45, 46]: Yi is log-likelihood ratios computed using: For training DLRSM, N test sets having the following format were created specifically for testing whether learned models worked satisfactorily. Each set contains 80 samples drawn from original training sets and 20 held-out from remaining ones. Hence, total 1260 points made up a complete training-set plus 360 test cases constituted a final database used to evaluate the performance of DLRSM against existing tools. DLRSM Model Training Using Deep Learning Recurrent Neural Network The main topic addressed in this research involves solving complex engineering problems related to twophase flows in pipes. Therefore, feedforward networks cannot offer satisfactory solutions to this task since they cannot learn nonlinear relationships among inputs and targets accurately enough. Instead, CNNs have demonstrated impressive performances when tackling similar tasks [47] [48] [49] [50] [51] [52] [53] [54] [55] [56] [57] [58]. However, CNN-like architectures struggle with relatively long sequences primarily because they prefer short filters regardless of sequence length and tend to favour good feature extraction rather than regularization",Bloom-7B,0,5648,810
"Uses of underwater videos to assess diversity and abundance of fish are being rapidly adopted by marine biologists. Manual processing of videos for quantification by human analysts is time and effort consuming, labor intensive and expensive (e30 000 per hour). In contrast low-cost robotic vision systems can handle large numbers of images with high throughput at minimal cost [1] [2] [3] [4] [5] [6] [7]. The development of mobile robots as a tool in aquatic biology has been the topic of several recent reviews [8] [9] [10] [11]. The use of cameras mounted on autonomous vehicles enables visual sampling from different locations over an extensive area of water column or seabed [12] [13] [14] [15] [16] [17] [18] [19] [20] [21] [22] [23] [24] [25] [26] [27] [28] [29] [30] [31] [32] [33] [34] [35] [36] [37]. Such field deployments enable fast collection of multiple surveys that cover large spatial scales while minimizing the footprint required to accomplish such tasks. In addition, high-resolution camera sensors allow detailed analysis of organisms' behaviour and interactions when they occur during observations [12-18, 21, 23-26, 28-30], providing more insights into species identity than by traditional methods like fish counting nets [10, 11, 14, 19-21, 29-31]. The ability to detect individuals within groups without disrupting them provides advantages not only through increased efficiency but also improved information about group membership and structure [11, 16]. However, identifying these differences between video analysis techniques requires rigorous evaluation using appropriate metrics, which are lacking in most cases [8-10, 31-44] due mostly to lack of available data describing their performance [1] [2] [3] [4] [5] [6] 7, 12-24, 26-32, 34-48 ]. An example is Heermann et al.'s study comparing four automated image-based approaches developed specifically to estimate number of fishes from multispecies video sequences (including one developed for cetaceans) [43]. These authors found very little overlap across equipment tested, ranging from 34 to 100 detection accuracy depending on taxon studied; however, none of those results were obtained in controlled laboratory settings. Another important aspect requiring attention is ensuring adequate preservation of film used in the analyses and reducing post-deployment degradation processes [49, 50], especially if it leads to biases in subsequent comparisons. Here we address this gap by reporting our findings after replicating five established algorithms [9-11, 32-38, 43-45, 51] using standardized protocols documented herein. We chose to test commonly employed alternatives because many researchers have already explored the potential utility of various classification methods [1-3, 49-53, 55-57]; therefore there was no need to evaluate all options, even though some may be poorly suited to certain purposes [2-4, 54-58]. Instead we aimed to examine how well each algorithm performed given a range of scenarios including varying background conditions, subject densities, illumination levels, and quality of footage collected. Our approach allowed us to define reference classes representing operational thresholds that should be present in any operationally-relevant system and identify limitations related to inadequate prior knowledge regarding optimal parameters needed to achieve reliable detection rates in complex natural environments. Methods Ethics Statement Our experiments followed recommendations for animal research set forth in the Guide for Care and Use of Laboratory Animals published by National Institutes of Health (NIH Publication No. 85-23 revised 1996). Study site and animals Video recording occurred at the Staten Island Aquarium (SIA), NY (41u529 N, 73u489 W) between September 2009 and January 2010. All recordings took place close to shore (,500 m depth). As part of standard breeding procedures SIA maintains live specimens of 15 species: black sea bass Micropogonias undulatus, blue marlin Thunnus thynnus, bigeye tuna Thunnus obesus, Atlantic croaker Microcanthidae spp., striped marlin Tetragonette macrocephala, white marlin T. albacares, yellowfin tuna Katsuwonus pelamis, short-finned pilot whale Globicephala macrorhynchus, melon-headed porpoise Phocoena sinus, common dolphin Delphinus delphis, long-beaked common dolphin Lagenorhyncus obliquidens, sei whales Balaenoptera borealis, and humpback whale Megaptera novaeangliae. Fish exhibit different depths preferences among populations [59]. Juvenile fish tend to stay nearshore where benthos is abundant whereas adults move farther offshore [60] [61] [62] [63] [64] [65] [66] [67]. Due to proximity to land, bottom sediments (muddy sandy sands dominated by shells debris) generally reflect relatively homogeneous colours compared to sediment samples taken further offshore [68]. Therefore, both juvenile and adult fish could be easily distinguished visually based on colouration. We recorded full length movies containing 10-12 minutes of continuous footage before selecting appropriate clips for training and testing phases of video analysis. For trained models we selected 30 randomly-chosen trials having clear target objects visible throughout the whole sequence. Each trial lasted at least two seconds so subjects did not escape camera view to avoid false positives arising from consecutive frames showing similar patterns. This resulted in six hundred analysed frames corresponding to 38 min of video featuring 1183 individual",Bloom-7B,0,5496,788
"The short answer is that they don't. Hell in many states you can decline a field sobriety test as they are not mandatory.,"" ""It isn't. The purpose of a field sobriety test, performed by police officers and sometimes probation agents or court-ordered drug testing at sentencing trials, is to determine whether an individual was impaired when driving. On the other hand, if you're found guilty but then discharged for good behavior within 12 months after your DUI conviction (or there's no specific time limit imposed), it becomes much harder to revoke your license. To be sure that someone does pass out on their own will often involve phone calls between paramedics, doctors and law enforcement officials - so it's important to have cell service available while under arrest.. ."" In addition to his death penalty convictions, he has also been sentenced to: If any incident involving alcohol testing results with a ""Positive"" result, then the driver may face disciplinary action from NHTSA andor state motor vehicle agencies where such positive incidents occur.. Under California drinking laws, drivers over 21 years old must provide proof that they were 18 or older before being able to legally purchase booze here.. This means that, even if you're convicted of drunken driving, this doesn't mean that you'll automatically lose your license; first, you'll need to get into trouble again with intoxicated driving before you could potentially see your license suspended entirely.... FWIW, I do know guys who've gotten arrested twice each year without losing their licenses because they normally only attend parties once every 6-12 weeks. (Again though, it's wrong.) As long as you meet one of these requirements, both cannabis and marijuana possession remain illegal:... THC consumption tests might still show up negative, although some people assume otherwise due to possible false positives caused by ingesting certain foods like pasta sauce, chocolate milkshakes, coffee, etc. If a person consumes large amounts of either CBD oil or hemp seed extract containing less than 0.3 percent THC and passes a urine drug screen, they'll most likely receive what they call a ""borderline rule violation"" rather than actual criminal charges.",Bloom-7B,0,2230,354
"falls down after trying to go for the ball. As long as you avoid getting hit by a flying object, this is the most common way of scoring. A player can also score on a launching dart (pistol), but only if they have more than one life remaining and are in close proximity to it before shooting at it with their weapon, which requires careful aiming at different angles. This will force your opponent to either miss or be knocked away from the pistol when firing; thus giving yourself an opportunity to cast another attack. Both games feature multiple levels that increase in difficulty over time and mechanics such as speed-ups - similar to Super Smash Bros., except these come slowly rather than instantaneously - allowing players who master them to get ahead quickly. Development The development team consists primarily of former members of Iceborne Game Studio's production staff. According to Blue Mammoth Entertainment CEO Wes Cheney, At Blue Mammoth we were working on Dungeons Dragons: Diablo-like RPGs - Darktale, Zombicide and Zombie Nation - through our own private equity firm. This seven-man group was then acquired by Playway Games, a division of Blizzard Entertainment dedicated to bringing high-quality custom content to traditional video game platforms like Xbox 360 and PlayStation 3. Their first title, Guild Wars 2, would use many of these concepts from previous titles as well as ideas taken directly from Diablo III, though in a completely re-imagined form. Blue Mammoth had previously worked together with Take-Two Interactive Studios' EdenVR division on a VR project called Valkyrie Profile 3D.",Bloom-7B,0,1614,262
"Noah Zunde, who was 22 months old, succumbed to heatstroke after being left in the car for seven hours. His mother, Romy Zunde, had mistakenly believed she dropped Noah at her father's house. WASHINGTON - The White House has ordered a review of domestic detention centers that document some or all video footage used by police and ICE agents during interrogations of immigrants, CNN reported Sunday with sources familiar... The Spanish government is facing an uphill battle amid mounting pressure from both within its own ranks as well as organizations such as Amnesty International over proposals to reintroduce death penalty...",Bloom-7B,0,629,100
"Ken Dickie, 64, died in hospital on 14 May, six days after the incident at the Rockley Park site in Poole. Jamie Mitchell, 35, of Apple Close, had admitted intervening with a knife to defend Mr Dickie's life. Detectives said they were unable to establish whether there was any prior knowledge between Mr Mitchell and his victim before Wednesday night's attack or if he simply thought it appropriate that an old friend needed help. He is alleged to have lunged towards Mrs Campbell as she walked home from work about 8pm and stabbed her multiple times - once through her throat, then twice into her abdomen - while shouting ""You're not going anywhere!"" The mother-of-two died within minutes but Mr Mitchell still managed to stab himself three more times in self-defence.",Bloom-7B,0,769,131
"In the years after these rumors, neither Tesla nor Edison won the prize (although Edison did receive one of 38 possible bids in 1915 and Tesla did receive one of 37 in 1916). The war meant that this year's winners would have to wait until 1919 for publication.",Bloom-7B,0,260,48
"In 1507, he was ordained to the priesthood, and in 1508, von Staupitz, first dean of the newly founded University of Wittenberg, sent for Luther, to teach theology. He received his doctorate from Wittenberg on October 13, 1517, (two years after Martin's death), at which time he had already published two books. Luther became an active member of various Protestant schisms during his lifetime; notably that between John Calvin and Zwingli, with whom he maintained a cordial relationship (which would end only when they were both dead). From 1517 until about 1522, he taught at Wittenberg as professor of Hebrew literature. Erasmus He married Magdalene Albrechtsen in 1485. She is sometimes called Magdelin van der Leyden by historians, since her family name Van der Leys might have been spelled differently before 1500: ""van"" may be pronounced ""van"" or even ""VAN,"" meaning ""family""; she also wrote under a different name than hers - ""Madeleine d'Albret"" - while she lived near France. Together they had five children, but one died very young. Albrecht was born 1487 - the year Erasmus began publishing De vulgari eloquentia- and died August 3, 1546. The couple moved into a house built specifically for them behind today's Stadtische Kunsthalle, close to where his brother Johann was studying architecture.By this time it stood within the existing complex of buildings used as Luther's residence, rather than being attached to it like later constructions would become. The marriage itself did not last long because Margaret soon fell out of favor with her husband and left him shortly after their wedding. However, she remained influential throughout the life of her son Hans Christopher. In 1504, she made a donation of land to the churchyard around its main entrance, making possible the construction of a stone altar there. (See below.) Margaret could read Latin too well and so helped translate much of Erasmus' work into German for publication, including De vulgari eloquentia and Briefe aus jungeren Zeit. As part of her role as translator, she worked closely with many other scholars such as Johannes Weyermann and Gerard Manheim who translated Greek texts into German. Her interest in art led her, along with other members of the Burgundy court, to commission works by artists such as Peter Paul Rubens, Lucas Cranach and Jan formulator. These include paintings of William Shakespeare, Michelangelo, Raphael, Leonardo da Vinci, Titian, Copernicus, Michael Angelo, Francis Bacon and others. She took great care over her children's education. Her eldest daughter Annette married one of the most prominent architects of the Renaissance era, Jakob Philipp Grumbkow. Their sons Heinrich and Johannes developed their talents by working closely with Philipp himself. Another of Margoth's daughters married Christoph Schonborn, Archbishop of Mainz. All these men went on to serve important positions in the Church. One of her sons, Adrianus, whose father was Hugo van der Leyde, played a major role in the political upheavals surrounding the Reformation crisis in Germany. His father was arrested early in November 1536. He then gave himself over to the authorities believing he belonged to ""the people"" whereas he really came from one of the more privileged classes in society. Although he lost all wealth and status he nevertheless chose to die in prison rather than surrendering himself to the flames of martyrdom for refusing to renounce his faith. Another of her sons, Willem Alexander, married a number of times and had numerous descendants, some still living today. Many generations ago, Wilhelm had loans taken against their property and upon dying repudiated everything he owned. Some descendants tried to keep what they thought was their inheritance intact by applying ""habeas corpus"" proceedings claiming those claims originated through fraudulent documents signed by their grandfather. Ultimately however, no legal action resulted in gaining any recognition whatsoever of the debt. There are now possibilities for obtaining compensation if the debts can be proven to stem back to earlier centuries. Hans Christian I., Prince-Bishopric of Liege Adrianus continued to live there until 1630, when they decided to move elsewhere due to ongoing problems caused by increasing numbers of Protestants among the population. Thus, on July 1, 1631, Adrian left Germany for home and later settled in Antwerp. Shortly thereafter his wife followed suit. While in Belgium he was involved with several struggles against Catholicism and eventually fled Europe altogether in order to avoid persecution. After remaining in Flanders for eighty years, Joanne returned to Middelburg County, New Jersey, U.S.A., where she retired to a farmhouse belonging to her cousin Thomas and completed her final manuscript entitled Religious Thoughts, Moral Essays etc. After three months she passed away peacefully without suffering illness. Before he finally moved there, he bought land nearby and donated it to the parishioners' benefit. For example, some remains remain visible inside the building known as ""The Red Barn"" although the original barn structure has gone. Johann Andreas Lubke, ALBRECHT GU",Bloom-7B,0,5183,812
"Many devote muslims, even fanatics are women but they typically aren't used as fighters for the same reasons why warriors have traditionally been male in all cultures. Those reasons are an abundance of manpower needed to fight and defend a large area, men being more willing to die than females (especially if underage), and that female bodies are usually less capable of sustained battlefield combat. Women were fought against by their abusers who had no regard for whether or not he was married or with children, because when it comes down to physical strength any woman can beat most males. In other words there is nothing statistically significant about how many war dead you find on the battlefields between groups based upon gender. A: There has only ever been one known case where a female fighter joined the crusaders (or at least participated):",Bloom-7B,0,853,143
"[substeps] Water bottles are better than soda bottles because they won't leave any sticky residue. You can remove the label from the bottle, if you want. The labels only make it difficult to use a straw (i'm talking about regular plastic straws like what you'd get at McDonalds or KFC). If you're going for some more creative ideas of how to drink your water then an old tumbler with a lid might look funky but would work great! This is my favorite way to drink water... I've been doing this since before I had kids and it's definitely become one of my go-to tricks! 6. [substeps] You don't have to spoon everything out into cups, just toss in whatever mixture you prefer. 7. [substeps] Slowly drizzle it over fruit salad, stir, eat...whatever works for you as long as its very simple:) My son has autism- he gets bored easily so i always find new ways to keep him occupied on the commute through some form of music, reading books etc I love making homemade apple butter and having fresh apples on hand:) We also add chia seeds when we bake cookies too! Our house is pretty much all DEEP cleaned each morning by Annie - she's tired after schoolwork needs something to do! She does awesome deep cleaning that leaves us both happy refreshed:)",Bloom-7B,0,1240,224
"I've been born and raised in Turkey and last 2 years of my high school in Dubai. Although not strictly regulated on islamic laws, the culture of these places are very similar to each other. I have a friend who is returning from Malaysia where you can legally drink alcohol (if it fits your religion). I think it's also legal here with some kind of restrictions but mostly they will be non-alcohol drinks. (The main difference between my country countries which restrict drinking is that we don't owndrive cars.) Therefore if you're an adult, then yes, there should be no problems at all. A: Some parts of Europe allow Muslims to consume beer or wine. For example Israel allows Muslim women to wear full face veils including henna tattoos. However many people do object to this practice. In Canada for example, Islamists tend to want more and more rights while religious conservatives try hard to keep theirs. So there may be issues especially because of their close relationship with states like Saudi Arabia where most muslims live.",Bloom-7B,0,1033,177
"This work examines the possibility, performance limits, and associated costs for a self-sustained relay to transmit its own covert information to a destination on top of forwarding the source's information. We apply our model in two scenarios, where either the relay is fixed or mobile. The first scenario considers the case when we have one relay node that has been prepositioned at the point X between an unknown pair (S T) and is capable of communicating with it over some reliable channel. The second scenario involves multiple relays following an opportunistic routing strategy [2], [3]. In this setup, each relay needs to be able to receive traffic from all sources as well as forward its own secret messages to destinations. To simplify the analysis, we assume that intermediate relays are always enabled unless no sender or receiver is available; i.e., they can maintain their state and switch among different communication channels if necessary. In order to understand how much secrecy leakage can happen due to passing through intermediaries even under very strong assumptions such as perfect broadcast encryption without randomization [4], [5], [6], [7], [8], [9], [10], [11], [12], [13], [14], [15] [16] [17] [18] [19] [20] [21] [22] [23] [24] [25] [26] [27] [28] [29] [30] [31] [32] [33] [34] [35] [36] [37] [38], we define two metrics: Coverage Probability (X) measures the probability that any message m M arrives at D after traversing n 1 relays starting at S. Without loss of generality, we can normalize the coverage probabilities so that , which correspond to covering 100 and 0 transmission successes respectively. Secrecy Loss (n) measures the amount by which P increases as more nodes participate in the relay network. For example, suppose there exist C M message pairs { (m c, m d) c {1,..., C, (C 2), between untrusted senders {S c } and receivers {D c }, then (1) is simply defined as: where P trivial (DX) denotes the received power at D given X. This metric captures both the degradation in confidentiality (which will lead to less successful transmissions) and other types of side effects including reduced reliability caused by interference, increased energy consumption andor prohibitive costs; see Section IV-B for details. Our results show that achieving complete coverage may not necessarily imply full security (i.e., zero privacy leakages). A protocol should simultaneously satisfy high coverage rates while minimizing the corresponding secrecy losses. A. Contributions We extend previous works that consider only single-source networks to multipath settings. Specifically, in addition to establishing fundamental lower bounds on minimum achievable cover distances using linear programming techniques [1], [39], we also present several new schemes based on optimal networking theory that potentially achieve nearoptimal trade-offs between distance covered and resource usage. Our contributions include three main aspects: (a) Spatial Relaying: While most existing works focus primarily on designing secure wireless protocols against eavesdropping attacks, our novel approach allows us to leverage physical layer properties such as directionality and antenna gain to reduce covert communications' exposure to adversarial entities. (b) Network Topology Model: Several prior approaches explore practical constraintbased solutions for optimally connecting end devices into a multi-hop topology [1, 9, 10]; however, these methods do not directly handle the problem of distributed key establishment required for secure information exchange. (c) Distributed Key Establishment: Secure cryptographic keys need to be exchanged across numerous participating nodes in order to guarantee trustworthiness. Prior works [11, 12] offer promising candidates towards solving this challenging task but typically rely on centralized computation mechanisms rather than leveraging local knowledge stored within each device. Our technique utilizes this type of local knowledge and builds upon the recent observation made by Shokri and Gopalan that certain combinatorial optimization problems admit polynomial time approximation algorithms [40]. B. Paper Organization The rest of the paper proceeds as follows. Section II describes the system model used throughout the paper. Then, Section III presents upper bounds on maximum allowable number of hops until reaching a target location. Section IV shows simulation results comparing various proposed strategies together with related discussions. Finally, Section V concludes the paper. All proofs will appear in the Appendix. II. SYSTEM MODEL A. Notation Throughout this paper, bold letters represent vectors whereas lowercase letters denote scalars. Given sets A, B R ZZ, we write A B: [a ij b jk ] kN0, (i,j) AB, for the tensor product operation taking place component-wise. Similarly, is the Kronecker product [41] of matrices U and V. Moreover, U V indicates the matrix size difference w.r.t. U V . Static Single-Node Case: Let the transmitter S generate s independent and identically distributed symbols {m c c {0, 1} s1 } according to: . The desired signal y at the intended receiver D is modeled by: where p x [0, ) represents thermal noise at the sensor. Assume a normalized Gaussian distribution N ( 0,",Bloom-7B,0,5270,805
"Today is the day you will die. There's no way around it. The enemy is fast and gives no quarter. If you run, they will catch you. If you cower in fear... then I guess that would be a good sign of strength to me. I just finished reading this book today by John Grisham. It's highly recommended if you've been looking for something light hearted while waiting on your kids to finish school. (CNN) - Authorities are investigating what could have turned out to be the UFO sighting at Portsmouth Naval Air Station last weekend as an illegal alien abduction but say there's nothing conclusive about whether or not anything was seen. UFO sightings can happen anywhere, but when one happens near military bases like Portsmouth, it's bound to draw attention from those who want publicity before being taken seriously. Then again, this particular event took place with so much fanfare that some people thought it had happened because aliens were actually watching football games over there (because why else would anyone make such a big deal about witnessing them). So far none has come forward saying it was extraterrestrial life forms taking human form... unless someone knows exactly how many Alienigos has visited America since 1969 and wants to get their hands dirty A few years ago, while visiting my favorite sea captain, he pointed to a building nearby where weird things seemed to go down. He told us we were right next door to ""the hole."" We all knew better than to ask any more questions including him himself. We finally got the courage up enough to ring his doorbell once and he politely answered and said ""Don't tell anybody I let you inside though I'll keep regular passes floating through here."" After pulling our pants into our shoes, we left with only the memories of a mysterious gap surrounded with strange sounds......the strangest source ever heard.",Bloom-7B,0,1861,320
"Once, there was a man who weighs 500 pounds. This man had gotten fat simply due to eating too many milkshakes. He read online how he could lose weight if it is done with a detox program. He did the diet and lost all his excess weight 500 pounds in six weeks. The problem began when he stopped doing exercises as well. In fact, after that everything changed: His sex life went down because of fatigue and lack of energy.",Bloom-7B,0,419,80
"I have been to so many frozen yogurt joints and nothing yet has beat razzy fresh - not even Pink Berry. first of all, pink berry is boring because it doesn't taste like anything at all really. One of my favorite ice cream shops in London. The food was delicious! They also have a nice selection of flavored milkshakes! In the category Ice Cream Shops you can find 20 products, which are offered by 1 brand You could choose between For example: Yellow Claw... Thats why we have created this article - our list of Best Ice Cream Shops In Mumbai or Maharashtra India. Topmost 5 Indian Ice Creams. 5 Best Restaurants for Outdoor Dining in Mumbai: 1. Bhawani Mahal 2. Roti Dhabha 3. Lulu's 4. Beach House Cafe Bar 5. Om... Sweetness is an experience that becomes more powerful with time...and age. We study how sugar consumption correlates with health outcomes across different countries worldwide. We understand that there is no 'one size fits all' solution when it comes to nutrition advice; lifestyle choices do differ depending on your individual requirements, level of activity and personal weight management goals. This means each person needs their own dedicated programme design built upon careful assessment and consultation.",Bloom-7B,0,1229,206
"Edge computing is the practice of placing computing resources at the edges ofthe Internet in close proximity to devices and information sources. This, muchlike a cache on a CPU, increases communication performance between devices throughout the network by making local measurements available for remote processing. Data centers typically provide infrastructure that hosts large numbers of physical machines (sometimes referredto as servers) which are used by a varietyof applications running simultaneously on those computers. Data sets may be propagated from one application onto another through the data center's networks.To improve utilization of capacityand reduce costs associated with providing such services, datacenters share computational power across many different clients. Typically, each server runs an operating system (OS), which has been configured to execute certain tasks. For example, when executing computer code against a database or file system, the OS will load files into memory before starting any computations. These files can include software libraries used during computation, or binary executables used directly within the computing environment. In some cases, multiple processes run concurrently alongside computer code using the same components, including operating systems. Multiple users of these computing environments access their own copies of the computing package via the operating system. A virtual machine monitor (VMM) resides above the operating system level and abstracts underlying hardware details so they do not affect other VMs hosted on the same physical host. The VM acts like its user sees it. It executes all programs in exactly the way that the user would see them executed - only without a human operator. (The physical machine still needs to have more than enough RAM, hard drive space, etc.) The Virtual Machine Monitor also allows multiple guest operating systems to coexist on single physical machine. When you create a new VM, virtual disks can be attached to your existing physical disk array so that your VM gets maximum IO throughput speeds possible even while sharing your physical storage. For example, assume that we have two distinct clients: First Client 1 and SecondClient 2. BothSend messages periodically over our data center interconnect (DCI). To minimize latency, both send theirmessages every second; however,First Client sends out just half the numberoftimes per second asSecond Client. Since they write less frequently withSecond Clientsending twice as often, this results in higher averagelatency because First Client must wait longer for a response. If First Client delays sending its message until after receiving messages from Second Client, then there is no delay incurred since it already received all the responses requiredby the first message sent. On top ofthis, ifBothclients use the same processor cores, the time takenfor each individual process performingwrites becomes greater due tothe imbalancein watrates. As aresult,each process performs only about 60 percent ofits intended workloadwith both customers using the sameprocessors",Bloom-7B,0,3120,459
"Jervis wanted to get a dog. He went to a pound to find a puppy. Jervis picked out a small puppy. He brought the puppy home and gave him some sugar water. The next day, when he saw his friend Ray come into his room, Jervis asked why Ray was there? Ray said that they had been talking about their recent trip to the zoo. When Ray talked with Jervis, he noticed that the little dog looked like one of his friends in school. Ray thought it would be nice for Jervis's friend Tom to have another pet at home so that all three boys could play together.",Bloom-7B,0,545,108
Decided to go here with my girlfriend for a quick meal on 123013. We had an appointment later on that afternoon so we told our waiter we were in a hurry and he asked us if...,Bloom-7B,0,174,36
"Kenya is active in several sports, among them cricket, rallying, football, rugby union and boxing. The country is known chiefly for its dominance in middle-distance and long-distance athletics, having consistently produced world champions of the two disciplines throughout their history. In 2009, Kenya won gold at the African Youth Championships in Athletics under-23 events, held in Yaounde, Cameroon. Cricket High-profile cricket fans include former England batsman Michael Vaughan, current USA all-rounder Alex Morgan, Indian cricketer Ravindra Jadeja (who plays for West Indies), South Africa's Quinton de Kock and Australian opener David Warner. The top three teams are Western Province Kings, Nairobi Sharks and Mombasa Stars, which also have strong women's sections competing against other national clubs as well as international teams such as Australia or India. Football The highest level competition is the Kenyan Premier League. Kenya has been a member of CAF since 1954, although it was not qualifying until 1997. The first team to participate in an AFC Cup game was Mighty Gorillas FC who lost to Al Ain 1-2 on aggregate before losing 6-0 in the final penalty shoot-out. Rally racing Kenyans have dominated the Dakar Rally from 2001 through 2007 with four wins; Peterhansel claimed his 10th win and sixth overall title by winning the 2008 edition while navigator Stephane Peterhansel won the second time with another second-place finish for Toyota vehicles. Other major races include the International Tour du Kenya and the World Series of Endurance Racing.",Bloom-7B,0,1571,242
"The Staffordshire club are second in the Premiership - the top-flight of English rugby as it stands - and have been part of the league for 15 seasons. Lichfield director of rugby Ian Sharman said: ""I've got a lot to be very proud about with our academy, which is why I am delighted that I can now bring on board Rob. ""Rob has worked incredibly hard over many years at local level clubs and he brings huge experience both from coaching young players as well as representing England internationally.",Bloom-7B,0,497,89
"A picture is worth a thousand words. Albeit a cliche, for the fashion industry, an image of a clothing piece allows one to perceive its category (e.g., dress), sub-category (e.g., prom gowns), attributes such as form and material or even visual context. The Internet has been playing this role in recent years with images that have helped develop product categories such as ""beachwear,"" ""traveling clothes"" and ""independent brands."" The aim of developing our own shopping guides was not just to help consumers understand what these terms meant but also how they were used on different websites. We conducted web searches using Google Images for each term listed above. These search results provided us with samples of online products related to those respective labels, allowing us to determine whether attribute information was included along with pictorial representations. Our analysis revealed that when pictures accompanied text describing clothes (or accessories) and no other specific context, there were two main types of information: 1. Product features: name, color; 2. Brandbrand logo andor vendorseller information. A sample of product features from independent brand sites can be found at These two kinds of textual representation are only partially useful because neither tells users where to buy them nor provides complete information about their appearance. This work builds upon prior research by providing additional ways to mark up brands, vendors, and price within graphics. In addition, we introduced new dimensions to establish links between graphical representational elements through semantically matching correspondences across multiple frames. Such approaches could revolutionize graphic design systems by simplifying navigation while increasing transparency. Building Semantics From Multiple Views Semantic Web technologies such as OWL and RDF are designed around creating taxonomies that define relationships among concepts [5]. However, given the nature of structured data including XML documents and HTML tables, it is difficult to create taxonomic trees simply based on linking nodes together. For example, consider representing a garment's style as a list of key-supersets (such as pants-upper-dress). As shown in Figure 1, the relation indicates a direct relationship, whereas represents indirect similarity [7]. To capture more complex relationships such as four-way similarities, i.e., relations involving three out of four pairs of objects, many formal methods have been proposed [3]. For instance, UMLS ontologies [17] support six types of semantic associations defined as: nominal, temporal, spatial, functional, hierarchical, and composition. In contrast to graph-based structures like GO [12] that are criticized to lack expressive power [15], the use of set-theoretic notions makes ontology development easier [11]. With respect to web page content, existing methodologies deal mostly with structuring contents in terms of explicit tags [13] [14] [20] [21] [22] [23] [24] [25] [26] [27] [28] [29] [30] [31] [32] [33] [34] [35] [36] [37] [38] [39] [40] [41]. Tag hierarchies can provide important cues such as interrelationships between keywords, however, their effectiveness depends heavily on the frequency of usage by human annotators. We propose extending current tagging schemes with implicit semantics encoded in natural language texts associated with web pages. Therefore, instead of focussing solely on technical aspects such as markup languages and available tools [14, 24], our goal was to examine common patterns in user-generated information so as to highlight linguistic resources which may serve as indicators of significant relationships among things typically represented visually on the web. METHODOLOGY Overview The approach described here employs both machine learning techniques and manual annotation procedures to analyze English-language internet user comments regarding clothes purchased online. First, such comments constitute raw text containing free-form descriptions of apparel items bought on T-shirts, jeans, shoes and luggage etc.. Next, we extract phrases representing individual pieces of clothing then perform unsupervised clustering to derive meaningful groups of tags. By analyzing the cluster memberships into a hierarchy of sets, we identify frequent categories and infer further structure beyond simple co-occurrence counts. Finally, we transform the clusters back into visual forms via domain-specific generic prototypical sketches created following principles suggested by Gentner et al [6]. Our overall objective is to align and bridge diverse forms of knowledge expressed informally across webpages thus bridging distant views into a unified conceptual model. Natural Language Processing By manually examining large amounts of real-world document collections, researchers have developed sophisticated NLP systems capable of extracting valuable insights from unstructured sources such as blogs [1, 2], news articles [9] [10] [11] 14], social media posts [5, 31] and user reviews [18-20, 23-26, 28-34]. While such programs produce millions of named entity entities, some of them remain hard to interpret due either to high ambiguity or to incomplete expressions that mix descriptive terms with pronouns. To address these issues, our system employed highly scalable open-source software projects called TextRank and Mention [3, 5, 18-19]. TextRank algorithms utilize structured information embedded within free text documents to compute lexicon-independent probabilities over neural networks resulting in ranking lists. The output consists of the top ranked n-grams according to a scoring function composed of various measures computed from high-level sentence descriptors called vector space models",Bloom-7B,0,5778,826
"Maria hit the voicemail button on her answering machine. ""Mrs. Tenenfield, this is Dr. Routabagh calling. I wanted to let you know our office received a crank call from this number earlier today..."" ""Great! The police have contacted us and said they will be there in five minutes... thank goodness we are not dealing with someone who can control time or space right now. Oh waitwe can't do that either...? I wonder where these people would like me to go? This place isn't exactly frequented by tourists but surely there's some casino named Las Vegas somewhere nearby....""",Bloom-7B,0,571,97
"The adware - dubbed Superfish - was potentially compromising their security, said experts. The hidden software was also injecting adverts on to browsers using techniques more akin to malware, they added. SEO master Gary Illyes of SearchEngineLand suggested that a large portion of the sites affected by Superfish belonged to ""very legitimate"" organisations who were targeted for branding reasons. These included well-known popular and respected news websites such as CNN, Nature, Forbes, Channel 4 News and others. One of them is a site called SwipeIt. It claims to be ""free online money making"" website which offers users ""Free Cash Payouts!"" According to its terms and conditions, you need to have access to an internet connection (not mobile data) in order to collect your rewards and this can only happen through the use of cookies or tracking pixel. If it turns out that there's nothing wrong with most of these sites, then it's unclear why Google decided to remove them from being seen by consumers. A spokesperson told Business Insider UK: ""Beyond removing ads we see where our partners are actively trying to mislead consumers about particular products or services when showing paid search results, we do not review bid requests at all times - even if other people would think otherwise.",Bloom-7B,0,1295,211
"The Apollo program was conceived during the Eisenhower administration in early 1960, as a follow-up to Project Mercury. While the Mercury capsule could only support one astronaut on a limited mission for up to three months of spaceflights (excluding re-entry), the Saturn V rocket would be capable of supporting two astronauts and an additional payload for extended missions. Shortly after its first launch from Cape Canaveral Air Force Station on July 30th 1961, NASA's engineer Bill Anders became the third man ever to walk into orbit with his spacecraft around Earth. The following day, John Glenn followed behind him in a narrow margin; however he had been able to achieve this feat because he landed safely back on earth where it was still dark outside. Early exploration In 1965 two Soviet Union Godkits managed to escape Earth's gravity by shrinking themselves down to just 0.01m before being launched off their parent rockets. By 1967 India successfully sent 3 vehicles beyond our planet's atmosphere. These tests were conducted using the Sagarika 1 satellite, built at Indian Space Research Organization by Dr Harsh Shukla who also designed India's next-generation experimental satellite Sarosh 2. Two more satellites were constructed by the erstwhile Central Scientific Laboratory under CSIR: Chandrayaan-1 -2 which achieved success landing phase in lunar polar regions in 2008. In late 1998 China tested its Yutu rover near the Moon""s south pole along with China's Chang'e-3 probe that achieved soft landings in February 2014. Both these probes have returned samples that are currently stored at Russia's base in Antarctica known as Burevo (BourgetAntarctic scientific station).",Bloom-7B,0,1689,263
"If you picture light as a particle tracing out a sine wave, the particle's forward velocity is the speed of light, and its location in the sine wave is the phase angle. In quantum physics, however, it becomes clear that particles behave differently depending on their position. A small beam with constant intensity traveling at c will spread itself out over time. Suppose we have two optical beams - one which has been sent to move along an infinite length of free space into another direction; [...] That the discontinuity did not occur in any specific point would be unintuitive: if something like this were true, then each photon would be able to travel farther than anything else by following the same path, but there wouldn't be enough photons in either direction to make up for the loss due to scattering from other objects In Quantum Physics (1980) Volume 2 So it's only when you're far away from the source that both beams reach your eye simultaneously. If they both hit you around 1 ms later, that's because they're arriving at different points well outside the ""optical spot"" where the light began coming from. Another way of formulating this: You see lights offscreen until you've moved back onto screen. The problem comes when trying to explain why some things are faster or slower than others moving through space. It turns out there's no answer to that question even though physicists spend most days arguing about how fast light really moves. (The whole debate was kicked-off here.)",Bloom-7B,0,1497,256
"The Newry firm had been run by its founder Lord Ballyedmond, until his death in a helicopter crash in March. Mr Nagle is currently the chairman of the Dublin-based Sisk ind Group, which owns and operates some 500 factories worldwide. He was elected to Parliament at Holyrood as an Independent for Belfast West in 2011 on the basis that he could say ""no"" without compromising any party line or position. (Additional reporting from London by Simon Jordan; Editing by Lisa Von Ahn)",Bloom-7B,0,478,82
"Chip wanted to be a famous clown. He went to the best clown college in Paris, France. He practiced all of his clown skills. Chip hoped to find a good job in one day. After two years it became clear that he was just not cut out after a while for being an entertainer. Chip told the joke joker and died with the promise never again having anything to do with funny people or their silly ideas. (This story is according to the book The Soulful World) The company's CEO, Bill Shanks said on Monday that the plane lost radio contact at about 9:05 p.m., less than four minutes before landing near Denver International Airport (DEN). It had been circling over Boston looking for a way down when its chances seemed slim. ""It seems like we found our airplane... but it's obviously missing from radar screens,"" Shanks' statement read. ""We are looking very closely into this situation as well as ensuring that we have appropriate procedures in place so that if something happens here, there will be no surprises for anyone involved."" In addition to the search aircraft, search parties were sent through airports around Colorado where possible passengers reported seeing debris. A UPS truck carrying boxes containing items belonging to the victims also ran off the road onto dry land along Highway 24 between Durango and Silverthorne last night. It contained personal belongings such as clothes and shoes, and signs bearing Tweet messages declaring support for those who survived and mourning the deaths of others. Passengers aboard Flight 1549 included 150 crew members and more than 1,200 foreign-born occupants - many holding tourist visas. For some, these flights were part of work contracts they signed months ago; for many, however, it meant the chance to make money and escape poverty abroad. ""I came to America because I couldn't get enough money back home,"" said Yvonne, whose family lived up north in Honduras. ""I left my husband behind and brought everything over with me. We sold everything we owned - my son's bike, Our furniture - and bought ticket tickets to come here to America. My father and mother didn't want us to leave them alone. And now I'm here without them. They're dead!""",Bloom-7B,0,2186,374
The composites we use are cured with blue light. NOT UV LIGHT. It is a polymerizing reaction that is initiated by (usually) camphorquinone. The polymerization is best at 470nm which is where the RGB LEDs function.,Bloom-7B,0,213,36
"Many transformations in deep learning architectures are sparsely connected. When such transformations cannot be designed by hand, they can be learned, even through plain backpropagation, for instance in attention mechanisms. See e.g., [3, 26] (and references therein). The drawback is that the transformation to learn and its parameters have a large influence on the quality of predictions. For these reasons we propose an alternative approach: First introduce two models, both aiming at predicting y from x: where 1, 2 R d. Next define their difference as : X X Y. We hope that this definition automatically guarantees monotonicity with respect to changes in x andor y: If F i is positive semidefinite then so is G i; if f i is non-decreasing or non-increasing with respect to any parameter q, then similarly g i has similar properties; finally, This property will allow us later to forward-propagate gradients of (x,y), which culminates into SDP relaxation optimization problems for training differentiable neural networks. A concrete example would be f (y) logit (p T) where p represents a distribution over roles and y corresponds to the role label r. In general one might expect that predictors f i should typically take continuous values while logits are sparser than real-valued functions. However it turns out that our results hold under much weaker assumptions regarding f i. Application 1: Role Label Prediction Model Structure Given n unlabeled examples {x ki } k1,...,n sampled independently according to some unknown probability measure P 0, we wish to estimate their labels {y ki } k1,...,n using only the labeled data To achieve this goal, consider a model M parametrized by R including potentially additional auxiliary weights w jk. Note that without loss of generality w ij 0 i j; also note that each weight w ik provides information about how well candidate task i could perform compared to all other tasks. Assume furthermore that there exists a particular value {0,..., n} such that , but not vice versa. (That implies that instead of minimizing prediction errors, we aim here to maximize the likelihood.) We focus on conditional probability distributions p (y; x) specified in terms of linear combinations of one-hot vectors [,..., ] {1, 1} m where k {1, 1} denotes whether observation x corresponding to sample y contains feature k. For simplicity assume that features' indices form an index set J [m]: Then the function space is defined as follows: While many straightforward choices for p yield tractable inference algorithms, for concreteness let us focus now on the following specific choice motivated by recent work on supervised softmax classifier regression [27]. Our first task is thus to find optimal binary vectors {1, 1} m subject to constraints requiring that components sum up to one: The second step consists of computing the maximum likelihood estimatory {1, 0} given as: Since these formulations involve SDP relaxations, Section 6 describes efficient solvers based upon interior-point methods [32]. Note however that because the number of possible assignments increases exponentially with dimension, very highdimensional problems may require heavy computational resources. In addition to maximization objectives like ML above, several types of regularizers can aid generalization performance. One popular technique includes standard cross-entropy losses L reg E c: L c E, where L c measures classification error, and 0 controls relative importance between them [33] [34] [35] [36]. Another possibility is the l -norm penalty term L reg introduced earlier, see Eq. (3). Another useful tool comes from principal component analysis [3]. Let U R mK denote the K left singular matrices together with column vector u k associated with each k-th eigenvalue k of A T A. It follows that: (Here and below [i] denotes the ith entry of a matrixcolumn vector.) Now since the rows of U span exactly the same subspace V R m induced by A, we have: . This relation suggests choosing penalty parameters [0, 1] and 0: These penalties control overfitting and smoothness respectively. Finally, many modern objective functions employ L1-norm regularizations discussed previously via multipliers [0, ) (see e.g., [2, 5, 42. Introducing dual variables i, i for all samples x i, taking expectations and plugging expression (8), leads to: It remains to relate the solution of Eq. (9) to an appropriate optimizer, e.g., ( ,y ). Optimization Algorithms The difficulty stems from the fact that the first-order condition F is nonlinear due to constraint (5). Fortunately, when convex programs have bounds on cardinalities of solutions, differentiability allows applying well-known techniques developed in semi-definite programming (SDP) theory [32]. Namely, suppose that problem (9) is bounded for every feasible solution B. Given initial point 0, observe that starting from every iteration t",Bloom-7B,0,4900,775
"Mr Trump called off a rally on Friday night in Chicago after clashes between protesters and supporters. The Republican who has won a string of primary contests has blamed the violence on left-wing extremists, while his campaign accused Democrats - most notably House Speaker Nancy Pelosi - of instigating it. ""It's very clear that this was started by Nancy Pelosi and her Democratic Party mob,"" Mr Trump told reporters at Mount Vernon Air Force Base, near Washington DC where he had been holding rallies for days. He did not name any specific attacks but suggested they were being carried out by ""very violent anarchists."" The President's use of terms like ""anarchy"" to describe some demonstrators sparked outrage from allies across political spectrum including Prime Minister Justin Trudeau who said their message is ""racist and supremacism-laden."" Asked if he thought there might be a connection with Russia following previous reports about Russian meddling in US politics, State Department spokesman Mark Toner said: ""We believe so based on what we know of the Russians' history over time and our understanding of how they've worked internationally to interfere behind closed doors or openly to undermine democracy around the world. So we've seen instances before when countries have tried to influence elections through other means beyond paper ballots. But whether it's Moscow interfering directly or another country trying to do so, we're going to see exactly why these individuals are engaging in this activity. And we'll take steps against them accordingly."" A version of this article appeared in the print edition of The Straits Times on September 03, 2019, with the headline 'US accuses Putin-linked activists of inciting violent protests during Donald Trump presidential race'. Subscribe",Bloom-7B,0,1798,282
"Hank was an elderly man who lived alone. He needed a dozen medications to survive. He had trouble affording everything and decided to move. He found a senior home he could get on the cheap, rented it for two years before buying out his landlord. The best part of this story is that Hank has no regrets about any decision he made in life. His wife would tell you so too!",Bloom-7B,0,369,71
"The class began writing their essays. The teacher had high hopes for Tim since he's her best student. For 20 minutes, Tim was staring at his paper. When he started to look around the room one of his friends said, ""Don't worry about your essay man! You've got a great personality and you know how to make people laugh so they're going to like it anyway."" Tim rolls his eyes thinking that if getting good grades is all that's important then maybe it's time to take up boxing! Then, I looked outside and saw my wonderful rumpus mastered in an epic battle with another boy who probably wants nothing more than some scratches while looking cute on Instagram. I heard his voice calling out from inside the gym: ""Hey there brownie! Let's get this thing over with right now or I'm gonna hurt you bad!!"" He turns around and sees me standing there smiling down as he slowly gathers himself together and gets ready to do something big. (Please don't tell anyone.) As soon as the sound died (known only by those close enough) both boys stood in front of each other reaching for each hand's shoulder. A hush fell amongst us when we realized they were actually holding hands instead of fighting. It didn't last long though because immediately afterward both boys rolled onto their backside across the floor - giving each other a hard slap on the head. They laughed loudly but quickly turned themselves into bed before any further damage could be done.",Bloom-7B,0,1437,256
"What's the point of veins and arteries if there's blood all over the insides of the body already? All of that blood inside your body is in veins and arteries. They just carry it from one part to another. 11:12 And actually, they don't have any use for most people; so a lot of our time is spent trying to find other ways of making sure that we get enough oxygen into those cells. That makes sense because when you think about what happens with cancer you're not thinking about how much protein there might be or that kind of thing -you're more focused on whether you've got enough oxygen going through all these tissues. 1) Aha! So why should I care? 2) Blood vessels carried mostly O 2 but also nutrients (which may vary per tissue). 3) The cancerous cells would take up both O2 Nutrients.",Bloom-7B,0,790,147
"National Eating Disorders Association conducts a NEDAwareness week every year, during which it publishes content on social media and news aimed to raise awareness of eating disorders. Measuring the impact of these campaigns has proved difficult because there is no way to quantify whether the audience we are trying to reach sees our posts or if they've read them in their feed. To measure the success of this campaign more objectively, I asked other people who care about mental health issues (including me) for insight into what makes an effective post. The following represent some examples that have proven popular with others: This was my first attempt at writing something persuasive as part of a public service announcement; two years ago, when I'm still recovering from PTSD after having survived a traumatic incident, I'd never thought much beyond the most basic facts about eating disorders. This time around, though, I've written by using experiences directly relevant to myself - both challenges within my own recovery journey and how food can be used to cope or even worsen symptoms. Invoking personal experience forces you to engage your emotions rather than just taking things dryly.",Bloom-7B,0,1198,193
"Homonymes (as did homophones) started out being writtenpronounced differently. It's actually a common fallacy to assume that the current state of a language is the 'right one' (you can see this in linguistics, where some claptrap about'mutual intelligibility' has been used as an excuse for never changing anything). The English word name ""whisky"" was originally pronounced ""theo-key"" and it still is today euphemistically called ""a Scotch whiskey""; we could insist on calling them ""coffey-keys"" or even ""scootch-keys"" but then we'd be playing phonological games with words which no-one would understand - except maybe people who really are against Australia's openness up international trade. In my opinion there is nothing wrong with spelling America by its original pronunciation ""America"" but I think it's important that all Australians learn how to read and write correctly because we don't want our youngsters having difficulties finding work overseas when they get older. A: The correct spelling should not change. If you wanted ""the American way"" instead of ""The Australian Way"" you would use ""The American Way."" If you were referring specifically to this site wouldn't you say something like ""Let's have some more questions from readers!""? There does appear to be confusion among many users here regarding proper grammarspelling rules. Some seem concerned over using ""new years resolutions"" rather than ""New Year Resolutions"" while others just won't accept it's right. It seems most prefer to simply ignore these issues and go along with what is technically 'correct' without bothering to argue why. I hope you enjoy your holidays! Isn't that better? Dropping an extra s sounds less erratic after two syllables than dropping an extra n, especially if you're already sending holiday greetings before Christmas as well as New Years. Using British spellings such as ""Teddy Bears"" as opposed to US spellings like ""Lego Blocks"" results in much fewer typos. But that's another matter entirely computer programs will automatically convert between the different spellings. (You might need to make note of the differences yourself.) A: (I'm going back to old habits...) From time to time, I'd hear people saying ""Australian spelling"" and generally thought they'd said ""American spelling"" since I've seen the latter everywhere else. When I asked that person later... ""Oh, I'm sorry...Australian spelling or American spelling?! (Or French spelling?) It depends on who's speaking -it's ""How do you spell X? And Y? How do you suppose I should tell you WHAT to put in the entry box at the bottom of each page? If those names were spelt A-Z I imagine he'd pick his jaw up off the floor and laugh hysterically! But he made no attempt to clarify...",Bloom-7B,0,2740,437
"EDIT: Title should read: Triggers, in the way they are currently being (mis) used to represent things that cause discomfort or sadness in people, are not a real thing. People with PTSD may have flashbacks of an event and it can feel like something caused their trauma because it is so vividly present. Edit 2: I was going to suggest removing the sentence ""Triggers"" from the first paragraph as well, but perhaps this might be more useful. A: I think you need to provide some detail on why you're saying 'triggers' aren't triggers: People who experience similar feelings due to some strong emotional trigger - e.g., watching a traumatic movie or reading about another person experiencing what they've experienced do get triggered. But when it's just a regular everyday situation which reminds them of something painful that's happened to them, such as having dinner at a restaurant where there has been physical abuse against other customers during a particular service break, they don't get triggered. This makes sense if we consider how to treat them: Those who've had extreme situations triggering experiences must receive specific treatment for those triggers; however, ordinary people do not require special attention. So my suggestion would be: Triggers exist, but only one kind of trigger does. This seems appropriate given your statement that ""most people will find no difference between feeling 'triggered' by eating out in a local cafe and walking down a dark alleyway. """,Bloom-7B,0,1480,241
"Media playback is not supported on this device The Premier League paid PS174m to agents, up from PS130m, with Manchester City being the biggest spenders (PS26.3m) ahead of Chelsea (PS25.1m) and Tottenham Hotspur (PS18.6m).",Bloom-7B,0,222,34
"In World War II, it was recognised that the Rhine would present a formidable natural obstacle to the invasion of Germany, by the Western Allies. The Rhine bridge at Arnhem, near Nijmegen in Holland, was initially planned as an airfield for P-40 fighters and bombers but when its construction began in 1940, there were no planes available! It took two years until the first British fighter plane flew over the bridge on 27 November 1941. The current bridge spans a distance of 2 km (1 mi) across the river. In addition to the main road traffic lane, there's a freight railway line running underneath the structure that makes crossings possible every half hour during business hours! The most famous bridges are those they see from their cars or pedestrians on the other side - so why not take some time out today to walk up under one? Although it's very windy right now, if you go early enough you'll be able to catch glimpses of light show lighting up progressively through the night sky over Hamburg Bay: A giant inflatable bunny has been placed with the words 'Shuttle One' emblazoned above a cloudless view of Lake Michigan just outside downtown Chicago's South Loop neighborhood; the space shuttle is currently docking at Kennedy Space Center after being retrieved earlier this month at its launch site following four successful test flights. (Photo via NASA) Two days ago I received my stoplight camera from PI:USER They sent me this little video where the cameras capture shots of the shuttles launching from Cape Canaveral Air Force Station on Monday.. This image comes directly off their Youtube channel.. Thanks guys!!! SLCViewFromSpace ShotHimOnSunset",Bloom-7B,0,1661,277
"America has accomplished nothing in its history that makes it worth of such widespread pride and love by its people (particularly this time of the year). Every event that Americans have participated or been a part of, every goal they've achieved, is simply too trivial to warrant even their flinching at being reminded. This horrible period in our country's past began when we had no idea what life was like outside of America - now it's way beyond any concern on my or anyone else's mind these days. We were able to use Seesaw during school but we decided not to do so anymore because I thought there would be better things for us to spend some time doing together than looking up pictures online. As soon as you get home from work you're all out again until dinner time! The only thing we can say about ourselves is: We took exceptionally poor care of her! The kids are terrifically happy with having two parents working full-time jobs while still keeping homeschool schools. They're learning SO many new skills each month and getting exposed to different countries around the world. Also I'm finally downplaying how much i miss my job!!! I can't believe how quickly summer 2019 came along!! We went back into the classroom today for a few weeks before leaving them alone again. But boy am I excited about Fall!! I'm pretty sure if I'm honest, I don't miss going anywhere near my old job at all! I've come to enjoy just knowing that she'll always have plenty to eat and wear and never go hungry. She loves to play dress-up and read books and watch cartoons whenever possible. And honestly....I know exactly who I want to call after this Thanksgiving break to wish her well.",Bloom-7B,0,1675,298
"[title] Apply a layer of foundation primer to the tattoo. [step] Use a makeup sponge to dab the primer onto the tattoo. [thumbup] Once you've applied your base, use your blending tool (or fingers) to blend in the color as it dries. The Best Tattoos For Tribal Artists - I discovered this site by accident and have been hooked ever since. The best part is that they offer both free and paid membership options for all artists who are serious about their artistry. Free members can download thousands of fonts, clipart images and phrase templates and access premium content through a love-themed gallery on its website. Tattoo Pins Tools Thumbtack We cut our teeth with metalwork when we were teenagers making jewelry out of recycled material and repurposing metals from other things like old garage equipment parts. Today we make our own tools. Our work includes custom designed handmade pieces such as:",Bloom-7B,0,902,152
"Hitler felt the hole under his chin. He poked the little green man in front of him ""Well, is this hell?"" Hitler's eyes widened with excitement. ""You seem oddly excited..."" The little green man lifted a finger and said ""But you are not here to see me! You have been charged by your master for stealing some very strange things from my house but I know that they will never be found. So what do you say we make this one last all together?""",Bloom-7B,0,437,84
"I mean all jobs, such as police officers, military personnel, CIA operatives, security clearance applications, teachers, lawyers, and doctors. Some of these professions will outright ask on the application if you have any criminal history. So is it a good idea to lie about your past? Yes or no? What do other people think? Let me know what you think in the comments below!",Bloom-7B,0,373,64
"The public car park is just off the Upper Newtownards Road, one of the main routes into the city. Thousands of wooden pallets are now piled up where previously there was a grassed area.",Bloom-7B,0,185,34
"21 feature films from Japanese animation house Studio Ghibli will be added to Netflix's library for all regions outside the US, Canada, and Japan starting next month. WarnerMedia obtained the rights to release the entire catalog of Studio Ghibli titles in Europe (UKSpainCroatia) on HBO Max via their new multi-year deal with the studio. This news comes shortly after the streaming service announced that they'll add three Outpost animated series to its lineup: The Peanuts Movie A Charlie Brown Christmas, which were previously exclusive to Hulu, as well as Spirits Within, a drama about ghosts set during WWII based off Tokuma Shoten manga by Keigo Higashino published between . Plus, they're adding Toonami animated series The Powerpuff Girls Vol.1-5 plus two other original movie projects. The inclusion of these anime movies is great news considering how many people love watching them! These stories are famous not only within Japan but also throughout Asia, especially given that they have been dubbed into several different languages including Chinese, Korean, Thai, Vietnamese, Cambodian, Burmese, Indonesian, Filipino, Malay, etc! Not too long ago I wrote an article called ""5 Tips For Successful Film Workouts"" where we talked about why it was important to give your body at least one day rest each week so you can fully recover before the next workout session. This means not doing any film or acting related exercises on Friday night when you should just relax...because you're tired.",Bloom-7B,0,1497,239
"It can be pretty inconvenient for the people in western china. In the summer, for instance, it isn't uncommon in Urumqi, Xinjiang's capital, to see people enjoying a beautiful sunset.... Read More Ecotourism is becoming more popular as many of us seek adventure and new experiences from time to time. It has also been proven that travelers are on average happier when they experience... Read More",Bloom-7B,0,396,66
"In early 2012, NFL Commissioner Roger Goodell stated that the league planned to make the 50th Super Bowl ""spectacular"" and that it would be ""an important game for us as a league. It will give our fans something different than anything we've ever had before in football. It's going to feel like it's being played on another level of creativity with other forms of entertainment. The 49ers made history by winning their first World Championship title since 2002 when they beat Green Bay Packerland 21-7 at Lambeau Field during Week 11 of the 2013 season. 2014 On October 19, 2014, Seahawks quarterback Russell Wilson threw an interception against then-Packerland head coach Mike McCarthy while attempting to pass receiver Mark Ingram in the end zone. The play was ruled controversial because both teams were playing defense (both defenses ended up having yards scored). However, this is not the only time where the play has been called controversial; most recently by Seattle radio host Tom Colicchio who called it too easy. Seattle won 24-14 over Chicago to advance to the Super Bowl after giving up 20 points in its previous two games. Despite missing wide receivers Darren Sproles and Marshawn Lynch due to injuries throughout the regular season, the team defeated Tennessee 35-16, en route to clinching a spot in the AFC championship game. Following a second straight loss from Pittsburgh, the Seahawks went on to lose 28-20 in the wild-card round. In 2015, they became just the third team in NFL history to win back-to-back titles. The following week's game between Seattle and Denver featured three special plays: In the second half of Sunday Night Football Week 14, QB Russell Wilson threw for 283yards as well as his 1,000-yard passing mark vs. the Broncos - setting a new record for single-game rushing yards - on 31 carries. He finished the year tied-for-most receptions in franchise history and made four consecutive 100 yard receiving passes starting Nov. 27 vs. Tampa Bay with Chris Conley recording 141 receiving yards and one touchdown and No.16 overall Trea Turner catching eight targets for 121 yards and two scores. Wilson also posted another career high in total offense versus Denver with five touchdowns and 426 passing yards despite finishing under.500 in all 13 outings through 91214. By election night in January 2015, Bill Parcells was named president-elect and chief executive officer of NFL Enterprises LLC., succeeding Steve Schwartz, on behalf of owner Jerry Jones' family foundation JJ Foundation (a 501 (c) (3) tax-exempt organization). 2015 With Kicker Jason Witten injured prior to the start of training camp, Sebastian Janikowski began kicking field goals during preseason practice but he missed about 60 of them until June 25, completing 57 of shots. With Darius Leonard coming into the lineup behind him, Janikowski led the league in kicks per game during the preseason and set a personal best by hitting six field-goal attempts in seven extra innings in an exhibition match-up against Washington at CenturyLink Field. He added 12 field goals against Houston on September 23rd, becoming the fourth player in NFL history to hit 15 or more field-goals in a game without throwing a punt. (Kenny Anderson did so once in 1982.) Janikowski kicked a 58-yarder to put Seattle ahead 10-0 with 3:37 left in regulation and then converted three field-goalties late in the 4th quarter to secure the victory over Minnesota. As of April 2016, he remains the starter for the Seattle Seahawks and leads the NFL with 5,631 career field goal attempts. On December 16, 2015, Janikowski signed a contract extension worth 1 million annually effective 2017 which includes 7 million guaranteed and 410,000 signing bonus. 2016 During the pre-season, Jeff Fisher requested Price return and he agreed to re-sign. During Week 2 against Oakland Raiders, he ran for 92 yards on 3 catches including a 76-yard score in the 3rd quarter. This run was later ranked number 30 among all 32 seasons of NFL history by CBS Sports Radio analyst Sherrod Brown. At the conclusion of the 2016 WFAA-AFC Divisional playoffs, he returned 98 kickoffs for 898 yards, breaking Aaron Rodgers' streak of 90 to 102 starts on intercepted balls and held him to only 6 receptions for 78 yards. During week 17 against the New York Giants, Chase Young caught several passes intended for Price and finished with 250 yds along with a TD. Price took advantage of opportunities created when his teammates struggled, finishing 7-3 with 73 tackles, 4 sacks, 3 forced fumbles, 2 fumble recoveries and 1 sack for loss. His 41-49-2 record carried him the award for Most Valuable Player honors in the NFC North division thanks to his 10 sacks combined with one defensive touchdown. Jeff Fisher announced the promotion of Jeremy Lane to defensive coordinator on November 22, replacing John DeFilippo who resigned to become the offensive coordinator for the Baltimore Ravens. Lane immediately assumed duties as the interim head",Bloom-7B,0,4991,821
"The Mercian Regiment said Private Derby XXXI was officially selected by the Duke of Devonshire from his flock at the Chatsworth Estate, Derbyshire. The Swaledale Ram helped to form a core group in this selection process. Derby is best known for her work on Queen Victoria's official stables and being one of only two ramesses who trained for King Edward VII. 2011 On 30 July 2011 it was announced that Derby was showing with all 29 years old when she stood as favourite against an opponents field including three year-olds Royal Delight (Royal Ascot Gold Cup); Magic Castle (Ludlow Stakes), the future Mrs Graham Motion (Bradwell Stakes) and Miss Rolland (Berks Stakes). She started 1lb higher than second placed Skipper Lady but finished behind after having been dropped into last place following a fall early in the race. It proved difficult for Derby to make progress in races and did not improve from 3rd under Aidan O'Brien in the Belmont Stakes despite beating more experienced horses such as Clan Macdougall and Calumet Bay In October 2012 she won her first race since June 2009 over hurdles. On 3 November 2013 Derby came off 7 lb higher when finishing 2nd behind Royal Dreaming Jonesin the Listed Tamworth Handicap ""on top"" - Racing Post She then finished 4th in the Group Two Jewel Stakes before winning another Group One race, the Prix de l'Arc de Triomphe",Bloom-7B,0,1367,234
"Most species are hermaphrodites - a single animal can produce both eggs and sperm, meaning it can fertilize its own egg, not needing a mate. Some are simultaneous hermaphrodites, which have only one type of sex (e.g., males); some are sequential hermaphrodites, in which the sexes appear to be switched at an early stage during development. There is no correlation between body size or fecundity with whether animals are male or female. Evolution What happened to all those ancient fish that had massive hard bodies? Why did many large land vertebrates evolve legs? The answer lies in adaptive radiation. Animals adapted their morphology through natural selection for changes to improve survival andor reproduction. This drives evolution towards larger numbers of specialists utilising different ecological niches. In short, when life was simpler (i.e. before adaptations such as bipedalism took place), there were fewer ways by which organisms could survive than now. These simplifications allowed more taxa to flourish because they made each taxon optimally suited within it's niche: often this meant smallerpoorer-adapted taxa being driven extinct though genetic drift while other well-adapted variants thrived. This process relies on multiple mechanisms shaping gene pools over time. Biparental inheritance allows heritable variation to accumulate Selection favours traits associated with increased fitness Dominance interactions keep beneficial variants from going to fixation For example if two genes codepend in regards to sexual recombination then mutations affecting either component will tend to decrease frequency causing disruptions to reproductive isolation leading to new combinations. As populations become increasingly diverse genetically we see less homogenous species evolving. However, these complexities make understanding how biodiversity varies among regions rather challenging but evidence suggests species richness increases with latitude due to climate warming. A recent study found mammalian diversity appears to peak near poles where temperatures remain low throughout winter months and provide refuge against extreme climatic events. (Source: Nature Communications) Conservation efforts aim to protect specialised species via national parks protected areas, increasing awareness about endangered species, preventing pollution etc. A: Males' boundary layer has evolved into skin too; the skin helps regulate heat production. It's also used to absorb moisture and send signals back to brain so you don't sweat excessively. Also: females need energy to get ready for insemination. So typically, there's a lot less food left afterwards compared to after eating something fatty like meat and fat contains lots of nutrients.",Bloom-7B,0,2746,395
"Two centuries ago, it was established that the average human body temperature was 98.6 degrees Fahrenheit, or 37 degrees Celsius. Scientists have noticed a drop in average body temperature in recent years and theorized it's because of climate change. Recent studies involving over 500 subjects found an average person's core temperature dropped by half-a-degree from 2012 to 2017 - enough for many people noticing their hands are less warm than they used to be when exercising outdoors. (The study also concluded there is no significant link between decreased activity levels and low temperatures.) If you hadn't already heard about this research, here are five reasons your body might actually feel colder than ever. One way to figure if you're suffering through sub-zero weather is feeling tired all day long without having gotten much sleep at night before heading outside into the elements. If you're always thinking something could go wrong with your energy level during harsh winter months but end up sleeping fine every subsequent summer, chances are you don't need more caffeine to get going after dark anymore (and now that's entirely believable).",Bloom-7B,0,1156,184
"The classic adaptation, which opened on Wednesday, is presented on a set designed like a Victorian toy theatre. Broadbent plays his role with an undercurrent of his well-known affability, according to Grimshaw. ""If I couldn't be amused and if it was just straight drama, or one-percent wit, no parody - you know that would come across as being stiff in its presentation""",Bloom-7B,0,370,62
"Based on a true story, Pride shows how gay rights campaigners from London raised thousands of pounds for miners in the Dulais Valley, after the NUM had spurned their support.",Bloom-7B,0,174,30
"is lifted and the boy begins swinging at the object. After several swings, he is able to pick it up by his fingers. The next day, I put him back in front of the board again with a small piece of paper on top as an extra challenge for this time around (you can see how my son picks it up here). He began trying to lift the cardboard box over the edge which was about two inches away from where we were standing. However, despite our encouragement, he could not find the strength or concentration necessary to overcome this obstacle. (In fact, the very idea that he would be successful surprised us.) So, when you are teaching children as young as four years old to overcome obstacles like these, make sure they have enough opportunity to practice first before moving onto more difficult challenges! Orthopedic surgery has evolved significantly during the past century due to advancements in technology coupled with improved surgical techniques. The main goals of orthopaedics today include improving function and quality of life while also minimizing complications associated with surgeries performed decades ago. Current practices focus less on performing major operations such as joint replacement but rather rely on more conservative approaches involving arthroscopy and microfracture technologies.",Bloom-7B,0,1300,211
"GD was our first stop for our Pub Crawl, the fried food sampler was good and the drinks were decent pour and priced. The server was nice and everything went well. Yesterday we visited this place with a group of friends! We ordered an appetizer platter that consisted of: Olives Bloody Marys (super fresh), Caesar Salad (topped off by some toasted bread crumbs on top) and Garlic Breaded Mushrooms (very tasty but not my favorite). Also served was fried calamari which came in two varieties: garlic butter or olive oil, both equally delicious! For dessert, I had Vietnamese lemon roll with vanilla ice cream; it did have sugar though so if you are trying to lose weight do yourself a favor and avoid ordering this one! This is such a fun Pub crawl idea!!! You guys rock!! And I'm going to try out your recipe since we've been looking at it all weekend:) We loved doing these pub crawls last year! They were super easy to coordinate and we got to eat great foods without having to drive around like crazy lol I always find yummy things when i go bike touring near home.. i just love what u bring back from trips 3 times as much as its stuff u buy there... LOVE IT!! What a cool idea!! It would be so fun to visit each spot together; hopefully next time we will host another pub crawl. It sounds really awesome. We need more people like us who enjoy exploring new places through travel. Hopefully we'll meet up in Vegas soon: It's amazing how those tours turn into excursions. You're right that it's tough to get everyone excited about something sometimes because they don't know what's coming ahead....but once they're on board... no problem whatsoever.:D",Bloom-7B,0,1653,296
"The clock rolls over to midnight and I shoot out of bed. I look in the mirror to see if anything is different. I know I'm supposed to wait until morning then go get my hair cut but now it's too late. There are no more excuses. I shower, take a nap while watching some movies on Netflix, change into something comfortable (but not sexy) for work and head outside with the car key hidden under my pillow case. Lighting's already low enough that it won't be an issue getting away from home unseen. If you're wondering where this all started... Well, our neighbor came back a few weeks ago after being overseas working as part of her job assignment. She was cute when we first saw her and she didn't seem like much older than me so we decided we'd play along. We met up regularly at dinner time and by the end of October things had gotten pretty deep between us. When he left city earlier during November his intentions were very clear but instead of calling him off we wanted to make sure there wasn't any confusion or miscommunication about what each other thought was going on. That's how he became my boyfriend again! He said nothing, just disappeared without another word! So that's why we're having sex tonight. To prove he's still interested in making love even though we've been together only five days. But maybe he isn't? Maybe he'll give up soon once he sees what's really happening? Have you ever experienced one of these? What happened next? Did you call them off right away or did you watch what they said before deciding whether or not you'd proceed anyway? Not every guy who plays games will actually cheat on you because cheating happens far less often than people think. (Or maybe I'm looking at everything wrong.) When women decide to have casual sex they're usually ready to do whatever it takes to fulfill their needs. Not everybody has slept with her best friend yet she's willing to jump onto her ex-boyfriend's lap whenever they're alone (or close enough). Some men might say yes and even offer to pay for the service but most don't want to spend money unless they've given permission beforehand. But there's always the risk: Either the girl doesn't get turned on or, worse, the man's partner finds out through text messages which should never happen. (Background Note: Neither of those scenarios happen quite as frequently as I'd hoped - although it's definitely possible!) Get Real: It's hard to pretend your feelings aren't genuine. You feel attracted towards someone but you're also worried that you'll lose control over yourself. Or perhaps the feeling goes both ways. Sometimes you've known each other longer (and possibly inside their mind read way better than anyone else does!)... but what if neither party feels completely honest? Don't chase shadows: Even if you meet someone online and plan to hookup later, remember that dates can quickly turn awkward. Don't pressure each other at dinner or ask questions that would reveal intimate information. In fact, avoid talking about current relationships while seeing each other. This could lead to unnecessary drama later down the line. Talk It Out: If you're planning to have sexual intercourse, discuss the subject openly (even if the person doesn't normally talk about such matters). Explain how much fun you actually enjoyed meeting each other today and let everyone involved know when exactly you two will stop flirting and move forward romantically. Look Forwards: Do what makes you happy - no matter how silly and naughty it may sound. Sex shouldn't be taken lightly here since you haven't established a relationship. Just try not to push people around either. Decide Together: Being open-minded and taking chances means approaching the situation frankly and honestly. That includes agreeing to keep the conversation civil while trying new positions. Moreover, setting rules for future encounters is crucial. For example, ""I'll tell you if I enjoy it"" seems like a great idea... This 2nd class stamp sets contains 10 beautiful stamps in matte black ink, 1 matching envelope die and instructions. The set features adorable animals including dogs, cats, bunnies and frogs.",Bloom-7B,0,4153,703
"Often rules apply to all goods neutrally, but may have a greater practical effect on imports than domestic products. For such ""indirect"" discriminatory (or ""indistinctly applicable measures the Court of Justice said must be interpreted in strict accordance with Article 28 EC [now 31 TFUE] which prohibits discrimination between countries or economic operators and requires that these acts are not applied beyond their object and purpose - see KONSTANTINOS Stavrakis et al., 1998). In this sense, two examples can be given: 1) customs duties especially high for certain typesspeciesfactors combinations used by the country of origin; 2) different standards of quality as well as those concerning packaging. 49 The ECJ has ruled against governments using its action plan on tariffs as an instrument for taking political actions aimed at protecting industrial sectors from international competition (see above). The Commission considers it important to avoid any use by Member States of the RTA's tariff liberalization strategy as part of a protectionist policy. The new Trade Policy Action Plan lays down guidelines for coordination among EU member states' policies (for example regarding quotas), while also ensuring equal treatment within the European Union itself. However, banning parallel importation is one way to ensure non-discrimination -at least formally. 50 Furthermore, the Commission's proposal calls into question the possibility for developing countries (and particularly LDCs) to retain export incentive schemes after accession to the WTO if they fall under such restrictive conditions imposed by developed countries prior to integration into WTO trading systems. 51 This would mean continuing trade diversion away from LDCs. 52 Consequently, some argue that even though there is now no formal prohibition on the EU's formalised practice of providing preferential access to developing countries candidates for WTO membership, 53 extending such support should only occur where it allows both parties to gain genuinely. 56 Inclusive Development through Preferential Access Policies? These cases demonstrate how open market principles call for special and differential attention being paid to less-developed economies. As noted by Morgan, 57 however, whilst free-trade agreements are supposed to increase global welfare, ""it seems quite obvious that this might come at the expense of poorer nations whose exports cannot compete with others who benefit directly from lower barriers and higher prices."" 58 Some analysts have argued that preference-based negotiations can address development issues better than non-preferenced ones because they facilitate inclusion rather than exclusion. 59 There is therefore often concern over exclusive adherence to free-market ideology leading to: i) weakened access rights for poor, vulnerable groups; ii) reduced levels of social protection guaranteeing basic human rights; iii) lack of effective implementation mechanisms due to insufficient financial resources available for monitoring compliance; iv) non-transparent procedures involving unequal information distribution. 60 While negotiators seek to force richer members to share benefits more fairly 61, critics say 62 that: 66 Moreover, many observers point out that trade preferences may actually hinder sustainable growth and poverty reduction. 67 On the contrary, people living in low-income economies have contributed little towards closing the current account deficit of OECD countries. 68 As discussed earlier, 69 promoting inclusive prosperity is crucial since, once again based upon our analysis of the advantages and disadvantages presented by each kind of approach, we judge that it would require the following characteristics andor instruments. First, in order to promote internal competitiveness amongst SMEs, increased business facilitation, deregulation and privatization will need to take place together with ensuring a sound regulatory framework -enabling decisions to be made quickly without too much bureaucracy, thus reducing costs and improving productivity. 70 Second, outreach strategies to generate interest among SMEs in innovation projects 71 and entrepreneurial activities 72 -with emphasis placed on research development 73 -will help drive technological progress 74. Third, further improvements on financing for SMEs 75 may boost investment 76; increasing employment 77 and income 78. 79 Fourth, when designing support programmes designed for small firms 80, policymakers 81 should regard various management dimensions 82 as equally relevant 83: including firm size 84 85 Moreover, assistance provided should cover specific needs 86 as well as employees 87 88. 89 Fifth, irrespective of whether institutional reforms of public administration 90 took place 91 or not 92, efforts 93 to improve overall governance 94 95 96 97 could prove valuable 98 99 100 101 102 103 104 105 276 Therefore, according to Jolly, 277 Also, external aid elaborate criteria for allocating funds 107 110 111 112 113 114 115 116 117 118 119 120 121 122 123 124 125 126 127 128 129 130 131 132 133 134 135 136 137 138 139 140 141 142 143 144 145 146 147 148 149 150 151 152 153 154 155 156 157 158 159 160 161 162 163 164 165 166 167 168 169 170 171 172 173 174 175 176 177 178 179 180 181 182 183 184 185 186 187 188 189 190 191 192 193 194 195 196 197 198 199 200 201 202 203 204 205 206 207 208 209 210 211 212 213 214 215 216 217 218 219 220 221 222 223 224 225 226 227 228 229 230 231 232 233 234 235 236 237 238 239 240 241 242 243 244 245 246 247 248 249 250 251 252 253 254 255 256 257 258 259 260 261 262 263 264 265 266 267 268 269 270 271 272 273 274 275 276 277 278 279 280 281 282",Bloom-7B,0,5700,902
"[step] The length of your armpit hair should be short enough to be manageable, and should not be visible or sticking out when your arms are at your sides. [title] [link] Boneshakers - Grow Short Hair. Your current browser doesn't have JavaScript enabled! See more ideas about hairstyles for men over 50, long hair styles, long haircuts. They can also help you understand which options will work best with the shape of your face and give a look that is uniquely yours. You'll need: A bobby pin. Highlights don't just make women's hair stand out; they're an awesome way to add dimension to any style you want it. Many factors come into play when choosing a new hairstyle for older adults such as health issues like thinning hair, baldness. People who prefer their hair shorter than this often opt for layers on top and longer on bottom.... Long Hairstyles For Old Men Over 60 Best Of Long Hairstyles For Older Guys African American Style Two Tone Haircut Italian Barber Shop Stock Photos. [...] If you're looking to change up your old-school '90s-inspired fade but still maintain control over the length, keep reading to find our favorite 10 thickened fades we love right now.. Here are some examples of stylish men's hair color trends for 2020. With micro shaved areas around eyes and nose, it's expected in modern society and it helps define one's facial features. With dark black hair colors, there is very little maintenance required except regular shampooing. Farmer's Daughter - Medium Thin Straight Hair. What Are Face Styles? This particular style has been popular among young people since it was first introduced in the 1970s. Black balayage hair highlights are always trending if you wear yourself down by excessive use of heat styling tools. For guys under 30 years of age, keeping your hair straight may seem too boring and formal (especially if it's traditionally short). Under 65 years: but only partly covered head 2 inches above ears; still can put socks or scarf uncovered upper neck area 1 inch from ear levels; no parted forehead line; not cropped or heavily bleached before 35 years; no comb through below the lower lip. I am really confused whether i should go short or medium because my family thinks its cute having medium-length hair so here goes, thanks a lot:) I think most of us know what hair texture are but few do. Although many say it's becoming ever narrower, however, this doesn't mean that getting a wide head is impossible anymore if someone wants it. To get started, choose a classic cut for those with round-shaped faces. [LINKEDIN SHORT PORTRAIT FILES] So let me start off by saying that I LOVE short hair. I'm going to suggest 4 different types of cuts based on skin tone. Some even recommend combining one layer of cool tones while adding another warm-toned layer underneath. You might consider cutting a fringe that's less prominent rather then completely covering it all, to avoid making things worse. 2 Comments. It adds drama without being dramatic. Recommended reading: How much time should I spend styling my hair every day? In fact, you could try experimenting with slightly lighter colored sections on specific portions of your scalp - depending on how hair grows naturally throughout your lifetime. Instead of staying stubbornly blonde, why not add something new and fun to your life? It's a great option for men who hate wearing wigs and extensions ... Do you agree with them? Gradient Fade. People usually associate minimalist makeup looks with younger girls. When worn properly, these fabulous accessories can enhance your overall appearance and suit nearly everyone well regardless of gender or race. Most redheads take brown dye along with gray teal blue violet pink orange yellow etc But remember the root color must match!! We hope that today's article is everything you asked for: ""What type of haircut suits my face shapes"" And hopefully, gave the answers to some questions you were wondering before deciding on a new style. Check out the latest celebrities' buzzworthy tales and celeb news, courtesy of our free photo galleries. Because in order to achieve proper balance between contrasts, it would require uniformity across the entire body. Looking for inspiration for your own haircare routine, product recommendations, beauty tips, hairstylists close-by, salon offers? Sometimes drastic changes aren't necessarily for the better. Being able to identify the differences between true white and lightening hair allows you to pick an appropriate shade for your desired results. 15 Popular Male Stylist Hairstyles That Suit Every Person Well. MRMOLTZHAIR HAIRSTYLES YouTube channel has promoted this trend lately, especially after seeing Kardashian hit the market with her version, making them extra popular yet again. Make sure to check out other articles on our website regarding natural men's hair care routines, including everything from manicures to deodorant. One of the easiest ways to highlight your natural greys is by simply taking them to your barber shop. And with each passing decade comes lesser demands on the hairstyle department",Bloom-7B,0,5101,840
"Our brain perceives what we see in 3D by processing and combining the images from both of our eyes. A new study shows that cuttlefish also perceive the world similarly. In fact, they use their eye movements to draw a representation of its environment. In this case, however, these representations are not useful for navigation or key-shortcuts but can guide them with regard to orientation. To do so, researchers at the Ullens Center for Animal Cognition performed experiments on eight adult male cuttlefish (Sepia officinalis). They were placed inside an aquarium where two identical arenas could be viewed through transparent Plexiglas glasses mounted underwater. The animals were then given different tasks: first, they needed to find food within each arena; secondly, perform walking maneuvers around obstacles - for example, walk along one side of one object while turning another way - and finally make turns back toward the start position without touching any objects. ""Cuttlefish have evolved complex cognitive skills such as learning, memory formation, decision-making, response selection [...] And now we're revealing how they may navigate using visual information gathered over time"" After exploring all possible configurations, it turned out that when looking straight ahead, the fish always made unambiguous decisions about which direction was up. When facing 90 towards either end of its territory, the decision was less clear-cut because there is no obvious point of reference to choose between left and right. However, if you tilted your head slightly away from the horizon, regardless of whether moving left or right would lead to reaching the goal faster, the fish tended to turn directly off of the line connecting origin to destination. This suggests that despite having only four optic flow detectors - three corresponding to horizontal and vertical motion directions, respectively - the cuttlefish draws 3-D maps based on 2-D input in order to create smooth paths between all starting points and goals. These results indicate that even though most movement sequences appear similar across species, single behaviors differ substantially among individuals according to specific environmental conditions or individual experience. One possibility is that the evolutionary advantage of navigating in large three-dimensional spaces might help explain why more sophisticated models of spatial cognition evolve throughout animal evolution. Interestingly enough, besides being able to adjust their viewpoint relative to gravity, humans take into account other cues, like body posture and landmarks. Cuttlefish seem to do exactly the opposite and rely solely upon two-dimensional inputs provided by cameras stabilized on their heads. (Source: CJ Hoover) If you want to learn something new every day on digital marketing, then join us! We share the latest news and updates relating to SEO Digital Marketing related topics daily in simple English language! Mama Bear brings her little baby bear down to Little Tokyo's busy streets to meet the locals who love him dearly. The cute bears go riding together, visit amusement parks and play soccer against the kids' teams. Mama Bear teaches the boys some important life lessons before she takes her bear home again. Suitable for ages 5 This movie teaches young children positive values regarding friendship and family bonding through a fun story full of adventure de... A tale inspired by Hawaiian legend of Honokaa, the mighty sea snake who transformed himself into a human woman to seduce King Kamehameha I, causing havoc... The Legendary Tiger Man features a super hero fighting wild tigers, baddies named Crocodile, Spider and Snake plus lots of action packed adventures featuring...",Bloom-7B,0,3743,577
[title] Choose a website to host the fantasy baseball league. [step] This is the easiest way to run a fantasy baseball league. You can get started with free tools like [...],Bloom-7B,0,173,31
"Researchers from Columbia University have established a method for growing human hair in a dish using 3D printing without the need for implantation into human skin. The method uses a special cell culture medium that is printed on top of an agarose gel, which then allows cells to grow and form hairs. The team studied stem cells derived from adult scalp tissue - one type called keratinocytes. The researchers discovered that these cells can reproduce themselves into different types of specialized cells such as melanocyte or fibroblast within three days when they were cultured on a polycaprolactone plastic scaffold. However, if they are cultured directly onto 2D surfaces like glass or plastic dishes, their proliferation rate slows down drastically. To replicate this process, the scientists used inkjet technology to print a layered structure called hydrogel platelet construct (HPC) with two layers: a base gel and a seeding layer made up of keratinocyte-specific protein fibers. They observed several differences between the HPCs grown under standard conditions versus those grown in vitro inside tissues where there was less space available: When cultured outside an intact body organ, epidermal growth factor receptor expression increased by 20 times compared with traditional cultures;",Bloom-7B,0,1296,198
"Shawn was traveling with his guitar. He put the guitar case up in the overhead bin for the flight. Then, he arrived at his destination and went to his hotel. Shawn had just walked out of a grocery store when he saw Jimmy's car parked outside the motel. Jimmy smiled as they exchanged pleasantries about their travels so far together before going into his room. They started talking. The tone of voice on both sides sounded sincere without any pretense or fake smiles. This made them feel more comfortable as friends instead of strangers that were meeting for sex for money. ""I don't know what you did but it worked"" said Mikey. ""You really showed me how much I still need my friend here!"" Shawn looked back over to where Mikey, who is six feet tall, stood right behind him. ""Should we go get some food? We better make sure we're hungry enough to eat all this meat tonight..."" ""Yeah I'll come too. I've got work tomorrow so I'm not free until Monday morning. What do you say? You lost your driver's license again today didn't ya? Probably hit something. Man it's tiring driving around like that sometimes""",Bloom-7B,0,1104,198
"[substeps] Make sure that the flare jeans do not drag on the floor as this can make you look shorter rather than taller. [title] Go for high-wasted, form-fitting dresses. Try wearing it with a pair of heeled boots to elevate your look. A lot of people think that the skinny jean is the only option when we want to look slim and thin. But if you're chubby then try these two alternative options below instead! Chestnut coloured denims are perfect for those who like big comfortable jeans and they will also hide any size flaws underneath them! Take note though that darker colours tend to get wrinkled longer so keep an eye out while buying from stores online or go to their physical store first before you buy in case of a return policy! While there's no question about the fact that blue denims help us become more slender-looking but it does have its drawbacks too - especially black ones which don't flatter every body shape. If you're looking forward to wearing tights then avoid choosing dark-dyed denim since they can't be worn under thick stockings due to how much stretchy they're made. Most guys would wear white jeans because it's easy to wash off dirt easily without spending time doing laundry. However, women shouldn't overlook the fact that light-coloured jeans can show up all our flaws. For example, they won't look good at the knees and unless you're willing to lose some inches around your calves, you probably aren't going to choose light denim over dark ones anyway. If you're planning to find a new set of jeans that'll fit your figure well, it's better to stick to regular cut sizes but don't forget that men truly differ depending upon where they're born and raised. There is a huge difference between a man living in a developed country versus one growing up in rural areas. No matter what type of body shape you've got, nobody wants clothes cutting into the middle of one's thighs. Luckily, there's always room for fashionable choices. When shopping for a new pair of jeans, pick a style that's either straight-legged (where the legs meet up) or tapered leggings. Doing so helps eliminate unsightly bulges, making you feel confident everywhere you go. The best thing about being short? Your height doesn't prevent you from getting trendier clothing items such as skirts, tops, sneakers and even footwear. Just remember to value the right proportions by ensuring that the hemline of your selection matches the length of your upper body. Skinned-inning has been gaining popularity among young adults nowadays and it seems nothing could stop them from changing themselves just like Nike did after changing their logo and tag line. A lot of brands started focusing less on building shoes based solely on athletic functionality and began creating styles featuring bold patterns, colors and different materials - most notably leather - to appeal to both casual and stylish consumers alike. Instead of letting the weather dictate our wardrobe decisions throughout the year, why don't we embrace those grey days and nights that come usually towards springtime and summertime? Pairing gray pants with other bright-colored pieces may seem impossible until you start trying color combinations that suit everyone's taste and preference. The sky's the limit here; you might use different shades of red or green interchangeably to create impressive results whenever possible. There was definitely something special about autumn last season. We wore jackets and coats during colder months and enjoyed showing off colorful scarfs, hats and gloves. This time round, however, we're moving back onto lighter flavours once again, embracing warmer hues and abandoning solid blacks altogether. Spring days call for fresh takes on classic staples. While summer may still need extra layers of fabrics and dresses, cold weather means we'll opt for basic outerwears, perhaps including cardigans and jumpers to add warmth wherever necessary. Short sleeve blouses were a huge hit in recent seasons thanks to their practicality combined with chic looks. Nowadays, style experts suggest keeping things simple and leaning toward minimalist designs without unnecessary accessories. To achieve great results, simply coordinate multiple prints within the same outfit: layering together floral print and stripes creates excellent effects if you know how to combine them properly. It goes without saying that business suits must feature tailored shapes paired with smart-cut trousers and sturdy shoes. After all, this is meant to represent professionalism. Alongside tailoring and office classics, designers now advise pairing puffy sweaters with bold bags and colourful belts. Finally, adding dashing earrings or necklaces significantly improves each men's ensemble regardless of the chosen attire. As an unhealthy habit, many men battle against having bad posture daily when reaching for phones or tablets. In order to demonstrate proper technique, students often resort to using smartphones with arms folded across chest while working. Although sitting down is generally preferable to standing permanently, correct positioning for hours is essential to ensure overall comfort. We've seen several celebrities sporting oversized sunglass frames lately, proving that larger glasses are becoming wider favorites of fashionistas. Another popular way of enhancing one's appearance involves wearing cat eyes",Bloom-7B,0,5392,855
"Earthly is a build automation tool that executes builds in containers, making them self-contained, repeatable, portable, and parallel. It uses the same technology as Docker, but Earthly is designed to work on any platform. The easy-to-use app allows you to deploy your Django application (or any other containerized project) with just one click without writing complicated commands or configuring tools. For more information about using Earthly for deployment of TomcatJava applications see this article: Earthly has support for multiple cloud providers including AWS, Azure, Google Cloud Platform, IBM Cloud Build, DigitalOcean, Heroku, OpenShift, Rackspace, Salesforce App Engine, SUN Grid Engine, VMware vSphere vCloud, VMWare vCenterESX Server. See our list of supported platforms here. Earthly also provides its own integration with Jenkins so it can run tests during an automated continuous delivery workflow. If you're looking for web pages to help create your first website from scratch - take a look at some of these free sites offering guidance. Still not sure what kind of site you want? Follow our guide through three types of websites; personal blog portfolio site, eCommerce store, community forum. I have recently started working towards my Advanced Diploma in Computer Information Systems Security - certification exam. I am currently taking Exploit Development Theory 1 2 courses which are offered by CSUSB and I need help learning how to exploit shellcode via command line interface (CLI). My question is: Can anyone please give me step-by-step instructions detailing Linux commands used to find vulnerable servers and execute remote code? This was asked before elsewhere however there were replies stating ""technical details"" needed to be removed so I've updated the question:",Bloom-7B,0,1795,272
"One day back in Jersey we're all sitting around in my basement just hanging out you know, and Marty comes over with some acid. And he's says ""I got this guy"" ""Yeah? Well what about him?"" He starts talking to me like a cop for the first time ever so I said ""Well guess what now??? He's dead!"" You see it was his fist that killed him. I guess that's why people hate cops because they don't really have their money's worth of respect... The most important thing in life is family... but when your kids start acting up you're better off killing them than letting them get shot by police! the only way morons are going down at police station is if someone shoots them in the head,there would be no heroes today i think we should kill Police Officers who shoot illegals (to put an end to our problems), or even murder innocent citizens (to stop crime) It's not easy being an American citizen and defending free speech, especially as Donald Trump has reached new heights in inciting violence against journalists and those he doesn't agree with. The president himself knows how bad things can go wrong when he slaps on bombs, waits until after midnight to announce terrible news, and then opens fire against protesters - whether it's white supremacists marching near Washington D.C., military-age men doing nothing more sinister than protesting same-sex marriage, or peaceful demonstrators peacefully exercising their right to speak without fear of reprisal from Presidents past. And yet here we find ourselves in 2017 still standing behind America's First Amendment even amidst its worst excesses. A few weeks ago, one TV reporter and two photographers were attacked while covering protests outside Trump Tower in New York City. The next morning, CNN reported: ""CNN editors had called ahead before leaving Tuskegee Airport for the city to inform the Secret Service they wanted access to former Vice President Joe Biden's campaign headquarters during events there... But the agency declined ABC News' request saying 'it doesn't want any media inside Now, that might mean the government wants us scared enough to stay away from politics, which is a nice change since Obama decided it'd rather let Barack Hussein (not to mention Hillary) Clinton win 8 years straight anyway. But that's exactly NOT the case; the problem's been with liberals wanting reporters held accountable for reporting information. Lefties always tell us we're supposed to question everything that goes through our minds; good luck proving otherwise once you're physically threatened. (You can't prove anything unless you actually have something tangible.) If you've never seen Fearless Frank as well as Black Lives Matter signs posted freely within arm's reach of the White House, don't worry; these organizations will soon be required to post notices explaining how dangerous to society they are. Frankly, Republicans CAN do whatever they please. Just check out this RNC video showing presidential hopeful Mike Bloomberg ducking and dodging questions about supporting Israel. It seems pretty clear he's not prepared to defend the country where Jews live under constant terror... Which brings us to another example recently: Representative Henry Cuellar's rhetoric comparing Muslims to Nazis shocked many Americans and gave left-wing activists reason to celebrate. Unfortunately, the reaction didn't last long... On Monday evening, Cuellar published a statement calling anti-Semitic remarks made earlier that week by Fox News host Sean Hannity ""massive BS"" and specifically denouncing comments made by two guests on Hannity: Laura Ingraham and Bret Baier.",Bloom-7B,0,3617,582
"Mary was a girl who thought she was the coolest kid ever. One day Mary insulted another little girl at school. The next day, that girl's mom came and told me to call her daughter in front of everyone and tell her not to talk about my child like that again. I had never done it before as I didn't know how else to handle this situation but after having two girls myself (and knowing what it's like for them), when I saw all those angry parents facing each other waiting for an answer from their kids...it hit home!",Bloom-7B,0,513,99
"While the hands are heavy, they are balanced so that there is no up or down. The time accuracy is unaffected by the angle of the hands. The balance is achieved using two opposing springs in a simple and elegant design. The balancing mechanism produces high precision since each spring has its own mass system which makes it very stable even at high temperatures. The remaining parts such as gears teeth do not require lubrication due to their low friction coefficients and thus have an extremely long service life. We offer you this beautiful handmade cushion for your seat with our signature wood print! This cushion will be perfect when sitting on top of chairs, sofas, or couches! This lovely travel pillow can also serve as decorative piece for any room. We hope you'll enjoy this little addition to your home! Rashmi Patel is Associate Professor (Retired) in the department of Humanities Social Sciences, University Corporation of India - Deemed-to-be University of Akola. She was Principal Investigator in several research projects funded by National Institute of Mental Health and Neurosciences (NIMHANS), Bangalore, Departmental Research Grant from College of Arts Society, Autonomous University of Delhi, Government of Andhra Pradesh, International Bridges Program from Council of Scientific and Industrial Research, New Delhi, among others. Her latest publications include 'Consuming Crime' in: Raghavendra Rao Gupta, Ed., Crimes: A Sociological Perspective; Sage Handbook Series, Sage Publications Ltd: London Thousand Oaks 2008; 'Risky Lives: A Critical Analysis of Legal Policy"" In: Avi Shlaim's ed books: Communism Beyond Midcentury. Perspectives on Change in Eastern Europe and Russia; Routledge UK:London 2008, pp.243-257; 'Selling Local Roots? Ethnic Food Marketing in Karnataka'; Journal of Tropical Anthropology 1 (1) 2005, pp.3-19 Dr Rashmi Patel is Assistant Director, School of Education, Faculty of Business Administration, Ravindra Bharati University, Vadodara. She is Founder Chairperson, Women's Resource Centre, Mumbai. Dr Raghuveera Bhanot is Emeritus Fellow, Department of Social Work, California State Polytechnic University - Pomona. He holds bachelor degree in Economics from Delhi University, master degree in Public policyManagement from Dalhousie University, Canada and Ph D degree in Political Science from Cornell University. His current interest includes human rights, rural development, social services and child welfare issues. (Note: Content moved here) Bethany is currently a senior lecturer at Coventry University where she teaches online marketing and web analytics courses. She specializes in digital advertising platforms and completed her Masters' thesis on ""Analytic Behavioral Advertising"" focused primarily around Google Ads. Read more... After graduating from Cal Poly San Luis Obispo with a BA in Psychology, I spent 3 years working as a psychotherapist within mental health organizations. During this time I became excited about how small changes could make all the difference toward achieving one's goals. Over the last 20 years I've studied nutrition and training strategies through many modalities including personal coaching, group wellness workshops, weight loss programs and my most recent certification in Functional Nutrition through the Association of Integrative Nutrition Professionals. My goal is to empower people who know better than anyone else what works best for them while still enjoying great food along the way.",Bloom-7B,0,3484,515
"I'm a programmer, and I am really interested in data science and machine learning. I think it started at my current job, where occasionally I was told to scrape websites with Python (this is not just for me) or build some sort of model on the fly using PyTorch. I have been working as an ad sales rep since March 2018 and got fired six months ago due to the COVID-19 pandemic. My responsibilities were basically: Send email campaigns - mostly based on click-through rate tracking from Google Analytics AB Testing via Adobe Audience Manager My salary was about 25-40k per month prior to this pandemic, depending upon the time of year, during which we would all be paid according to our goals completed each quarter. (This gave us bonuses if we hit certain targets.) During that period, I earned around 50-60Kmonth before taxes but only about 10-15K after taxation because my employer pays most of the tax. Because there has never been such a recession unemployment crisis like what COVID19 brought, I asked my boss directly whether I will get any payout from him under these circumstances and he said ""no,"" despite having provided ample work throughout the entirety of the pandemic so far by maintaining the same level of engagement between customer success and business teams even when no new leads are generated. As you can see above, almost every other employee at his company received 3X payouts whereas one of their co-workers who had been at the company for 1yrs didn't receive anything whatsoever. So it's true they do give out the bonus money based on previous performance, however, compared to others I cannot believe how unfairly they treated those people without clearly stating why. The fact that I've been here long enough that they feel comfortable with a firing decision also tells me something isn't right otherwise someone wouldn't hesitate trying to bully out another employee rather than giving them fair treatment. Also I'm pretty sure employees aren't supposed to go behind the back of management unless there's major issues happening within the organization. In many ways your post makes perfect sense and you seem very knowledgeable on the subject matter - maybe you could elaborate more? Throughout history, companies have used different methods to reward employees including stock options and material gifts. Do you know what kind of compensation packagesoptions were offered? Does anyone else recognize you being bullied into leaving?",Bloom-7B,0,2459,406
"Every morning a man ran down Phil's street at 7:00 am. One morning Phil noticed that the man was not there. Phil went outside and walked in the direction he saw his car go... He got to where it had gone, but when Philip turned around and looked back in the same direction (ie. across a pasture) he could still see the car drive off! The next day he walks into town and finds out that the SUV has been stolen. When you can choose between two equally good options, do what is right for God even if the consequences are painful or unpleasant. I know from experience how hard it is sometimes to follow God's leading because I have experienced the pain of trying something else only to realize later on that my decision wasn't as right as God thought it would be! On another level we must remember that our burdens aren't just physical ones like illness, job loss etc.... We also carry heavy mental responsibilities like anxiety depression which cause us to lose sleep and make things worse God's way doesn't always seem logical... But we need to trust Him anyway - It's easier said than done..",Bloom-7B,0,1089,200
"We are a very outdated model of human being. The last meaningful evolution of our species occurred tens of thousands of years ago when we were hunter gathers who spent most of their time in the wild, surrounded by predators and other predatory animals. In modern society you can find primarily two types of people - those that have learned to adapt themselves well to civilization or stay away from it as much as possible; and those who feel comfortable with both worlds. The first group is likely to come across these new technologies which offer opportunities for job creation but also make work harder than ever before. People that value independence will be hesitant to accept them while they see no option left except accepting tough times ahead. If this happens then more negative trends like increased social isolation could arise in societies where such expectations exist already. For all these reasons I think it's important not only to educate ourselves about technology but also embrace and accept change as part of life's cycle rather than resisting it head on It sounds so cheesy saying something positive during an election year but I really believe if there was one thing us Americans need right now its some good news! So here goes... I am excited to announce my new collaboration with Kimberly Davis Designs called Oasis Flowers. This collection includes 30 stunning cards featuring flowers exuding pure joy! This week I'm honored to share a card using vintage inspired elements created with Tattered Angels Ink Stainabilities. I love how bright sunny these colors turned out!! Love your artwork!! Your color palette looks wonderful - love soft pastels combined with darker accents:) You did great. What gorgeous colors! Thanks for sharing at Something Sweet Wednesday 40 - We hope you'll join us again next week!",Bloom-7B,0,1831,305
"Short-term memory tends to go before long-term so pay attention to failure to keep track of where things are, times, dates, and appointments. [substeps] Try telling the person several pieces of information at once (e.g., ""Tell me what day it is. Do you have a problem with remembering people's names? This website does not constitute medical advice or treatment for your condition (s) nor should it be considered as such without professional guidance from an appropriate health care provider. Learn how to recognize signs that someone may need help in managing their short-term memory problems: It's possible that some activities take longer than others because they require more mental effort on your part. You might want to spend less time thinking about past experiences; instead, just focus on the present moment.",Bloom-7B,0,817,131
"There is a moment after Elle wakes up where she thinks she is still dreaming. Her alarm is still going on the nightstand. The strains of Stand By Me are in her head. She doesn't even know what day it is or when. All roads lead to that one point: home. And there's no sense worrying about whether it's gonna happen and if so, how long it'll take as our protagonist never really gives a damn anyway.",Bloom-7B,0,397,77
"The War of the Austrian Succession (whose North American theater is known as King George's War) formally ended in 1748 with the signing of the Treaty of Aix-la-Chapelle. The treaty declared that Great Britain would be allowed to maintain a strategic naval presence on Dutch and German waterways, effectively providing an outlet for British commerce from Europe into New York City. In 1772, troops assembled under Philip Schuyler at Fort Ticonderoga captured Montreal after only two years of fighting. In this period, many Americans experienced first-hand the horrors caused by European colonial rule, especially those imprisoned or deported during the Revolutionary War. A major measure proposed by Congress was the formation of what became the United States Navy. First World War By August 1914, the U.S. had begun shipping war material over open seas beyond its coastal defenses by way of the Panama Canal system; these ships were escorted throughout their crossing, including through Nicaragua territory, by Canadian Seabees commanded by Lt. Comdr. John H. Fulton. Second World War With Japan mobilizing against China, Admiral Raymond Spruance began Operation Market Garden to capture vital bridges across the Rhine River valley south of Holland which linked Germany's key ports of Dunkirk and Rotterdam. On April 9, 1944, he ordered his carrier task force, consisting of USSEnterprise (CVE-41), CVE-42, CVE-43, and CVE-44, to seize the bridges without losing any vessels due to enemy fire. Enterprise sailed upriver using all five carriers' guns but ran into heavy resistance when she approached her objective while being surrounded by Japanese forces. She managed to escape damage despite suffering considerable casualties, but lost the battleships USSRanger (BB-57) and USSWest Virginia (BB-59). Using information obtained from reconnaissance aircraft, Enterprise contacted US intelligence before making landfall safely near Cologne where it met friendly Allied units operating out of the nearby port city of Antwerp. Having occupied both bridges and cut off the Germans' main supply route from Belgium and France, the operation marked one step toward defeating the Axis Powers, who gained control of northern half of Germany. After capturing the bridgeheads, Spruance turned back towards battlefields in Italy instead of pursuing further inland since there appeared no imminent threat from enemy forces. He later told reporters that ""we have not done yet"" because ""the deck has been shaken enough"": the Battle of Normandy soon followed. On June 2-5, 1942 while escorting convoys along the Western Approaches, Enterprise suffered twin torpedo hits causing significant loss. One hit damaged the forward superstructure flipping it over onto top of the ship and knocked down several of the starboard masts. No fatalities occurred among crewmen. A second strike nearly destroyed the aft end of the vessel knocking out the elevator shaft and blowing out some ambient air vents. After the destruction of CVE-413 and CVE-406 by an unidentified submarine early in May 1943, Enterprise was decommissioned for repairs a week later. During heavy weather conditions encountered late in the month, a sailor aboard HMS Dolphin reported seeing lights approaching close behind EV-138. Upon closer inspection, he confirmed they were the remains of another submarine sunk earlier that day. Evidently, HMS Dolphin used sonar to locate a depth charge dropped from a U-boat still floating beneath the surface as part of the sinking process prior to going down herself alongside a Royal Navy's destroyer group on July 6. This discovery led to the recovery of a number of Nazi weapons - including submarines, anti-aircraft batteries, anti-ship missiles, and much more. Three of them, however, proved to contain large amounts of radioactive materials largely composed of plutonium fuel required for weapon production. These three items contained sufficient quantities of poisonous isotopes so as not to jeopardize public health but also too few radioactive isotopes to create an immediate danger if accidentally released into the environment through bomb disposal operations after the fall of Hitler or accidental leakage following the surrender of the U-boats themselves. Enormously complex procedures developed in secret facilities around the world ultimately took place to ensure safe handling, storage, transport, and eventual sterilization of each item preventing any possible threat to human life or the natural ecosystem within 100 miles of any point where it might come ashore. Achieving such results not only requires tremendous ingenuity but also deep commitment to preserving life and creating safety standards far superior to anything ever seen anywhere else in history. As well as ensuring an effective response team called in immediately upon detecting evidence of nuclear contamination and taking appropriate action to prevent serious harm, careful deployment plans involving extensive communications networks are drawn up months beforehand. Once deployed, teams quickly become immersed in highly detailed workflows that require planning and coordination between dozens of different departments involved in cleaning up contaminated sites and monitoring radiation levels long after cleanup efforts have ceased. While devoted workers continue to carry out dangerous tasks hours every day regardless of risks, representatives overseeing large-scale projects often demonstrate remarkable courage even when faced with mounting opposition and criticism concerning how best to proceed. Materials and equipment recovered from the various bombs included weapons like anti-submarine mines, nerve gas cartrid",Bloom-7B,0,5694,852
"I'd imagine some of the stuff that happens in sleep paralysis is at play here. When you're waking up, you're at the end of your rem cycle, but not quite fully awake yet. You have a lot to process as you wake up. When I'm dreaming (and it's been literally years since I've had any dreams), I can go through my day and recall everything without problem because it all happened out there, so there's no memory loss like when going through REM cycles. I know people who've said they remember seeing things during their REM cycles that were actually happening right then or moments before. If this was me, I'd think maybe I'm experiencing something similar around the time where I should be falling asleep. A: The answer seems to be: yes, but not completely. I've experienced much more vivid visual imagery during my deepest slumbers than while awake. However even if most of the above explanation isn't correct for everybody here's an interesting fact: According to Charles Tart's article on Dreams in Psychology Review, Deep Sleep involves a state called REM stage which appears only after prolonged periods of non-REM stages...[Episodes] are associated with very slow eye movements which coincide with paroxysms [of EEG] activity which resemble those seen during REM sleep by other methods... It may therefore seem paradoxical that such episodes occur specifically in SWS rather than NREM. However, although SWS does appear later following a period of waking, it would suggest that these episodes do not arise from ""overwired"" cortex still processing information received via cortical networks during the preceding phase of wakefulness... Some authors maintain that one cannot say what will happen next unless we look back into our past memories; furthermore, looking backwards impairs short-term memory performance. This view assumes the presence of neural pathways connecting conscious awareness - a consequence of which could be global amnesia. A related possibility concerns the role of spatial navigation processes during SWS. According to several models, hippocampal function relates predominantly to episodic memory formation - i.e., whether specific events occurred sequentially. The idea is based upon evidence suggesting that the hippocampus plays a key part in learning about how objects relate spatially within one's personal environment. In contrast, relatively little has been known concerning object recognition processes in non-human primates. Several studies indicate, however, that those areas of monkey brain implicated in recognizing faces also participate in tasks involving memory retrieval for the positions of stimuli presented on different locations on the screen. (Emphasis added) So according to the study below deep sleep contains two types of images - ""flash"" images that come directly from consciousness and ""stroboscopic"" images which might originate from ""remote associations"" stored elsewhere Here's an alternative way of understanding why watching videos or movies makes them less enjoyable in deep sleep. We're perfectly capable of both encoding new experiences and recalling previous ones - for example, we can watch television programs in order to keep forgetting details, whereas reading books retains those forgotten bits under better conditions. But perhaps talking too loudly isn't good either! In short, life-saving postures like sleeping can't work anymore! Instead we'll need to rely on our subconscious mind to solve problems. At least that's our plan now! EU report concludes video games make kids vulnerable to depression",Bloom-7B,0,3566,550
"As part of the deal, the firm was meant to have built a saw line by Friday. Despite questioning by AMs, Emyr Roberts did not give a clear answer as to why this is so. On Thursday's meeting, Mr Roberts referred back again to an earlier statement by him saying that there are ""intermittent issues"" with the raw materials required for the construction work and promised it would be resolved on Friday afternoon. In his opening remarks, he said that The Bahamas is already being hit hard from some international macroeconomic factors such as currency fluctuations in major trading partners like China, India and Vietnam; rising oil prices; weak global economic growth; and uncertainty over US-China trade relations which has adverse implications domestically including slowing tourism development.",Bloom-7B,0,793,127
"Larry recently took a flight to Florida. Larry was excited because he was going to visit Disney World. Larry was most excited to see the Star Wars exhibit. Once Larry got there, though, his excitement turned into dismay. The first thing that caught up with him was how hot it was in Orlando. He wondered why they didn't have air conditioning on planes or ships set adrift at sea. When they weren't too distracted by their lack of coolness, Larry noticed something else. He spotted this dorky space suit wearing man sitting next row. The guy had just been hugging himself and groaning about being so uncomfortable.",Bloom-7B,0,613,107
Not unless we could see outside the universe and someone was there to tell us it was fabricated or left behind something for us to infer that from. But would they be willing?,Bloom-7B,0,174,33
"In late 1886 Tesla met Alfred S. Brown, a Western Union superintendent, and New York attorney Charles F. Peck. The two men were experienced in setting up companies and promoting them to the public. The four of them founded an electrical power company called the Boulton-Parkes Company on June 3, 1887. Funding The firm was funded partly by investors who put down money for stock; this contributed about one-third of the total capitalization of 200,000 (equivalent to 2 million today). Among these early investors were John Davison Rockefeller, Henry Ford, George Westinghouse, Charles A. Dana Jr., William Hearst, James Vanderbilt II, T.J.Barton, J.Ward Co., General Electric founder Thomas Edison, Andrew Carnegie, Benjamin Guggenheim and Joseph Pulitzer. Tesla also received 5,000 cash outright from Congressman Samuel Gompers after he persuaded him that his work could save lives: ""The boy said something true which has saved many thousands of human lives,"" wrote Tesla. In 1888, when other investors would not fund the project any further, Tesla borrowed some of their funds himself. Putting aside what had been paid back to creditors, he only owed about 20,000 in 1885. He used the rest as seed funding for the new venture. Solar battery To achieve higher energy densities than conventional batteries, scientists have sought to develop electrochemical systems capable of storing large amounts of electricity at reasonable cost with little weight or volume constraints. Only recently has it become feasible to produce relatively high-capacity electrodes having low costs compatible with commercial applications using lead-acid storage cells. After extensive experimentation with different electrode materials, including carbon black impregnated paper, Greigite-In 2 O 3, chromium dioxide, iron oxide, molybdenum trioxide and various combinations thereof, Kelvin D. Davis and Paul M. Stanton reported a ""superconductormetal composite cathode"" produced by mixing 1 gram magnesium powder and 100grams graphite into a slurry, then dropping small quantities of lithium chloride onto each end of the mixture while agitating vigorously. They obtained a cell voltage of 5 volts under load. This report generated considerable interest because such a system might be able to store enough electric energy to drive most household devices. However, due to its low capacity - only 4 milliamperes-hour per kilogram - and incompatibility with current technology for disposable rechargeable batteries, there are no practical super capacitor-based vehicles yet available commercially.",Bloom-7B,0,2570,383
"SvgPathEditor is an in-browser SVG path editor. Users can use the controls to specify a path or create an image using the graphical interface. Paths can be easily copied to other applications as well. The application provides remote access, and allows users with local network connectivity to edit paths in real time from any computer connected to their workgroup's LAN. The suite also includes tools for manipulating images e.g., resizing and rotating them. These features make it possible to apply vector graphics easily by hand rather than via complicated software packages such as Adobe Illustrator. Image editing capabilities include cropping, scaling, exporting files to various formats including TIFF (Tagged Image File Format) and JPEG (Joint Photographic Experts Group), etc. History In 2001, Rational introduced the Vector Graphics Interface technology that enabled developers to write programs to interact directly with VML browser objects without having to translate between XML and JavaScript. In 2006 they began transitioning away from this proprietary solution toward the W3C Javascript specification of canvas elements which has been more widely adopted across browsers since then. This led to changes in version numbers on the Rational Web site; now the first two digits are changed from 0 to 1, while the third remains unchanged at 2. Rational moved its developer support forum over to StackOverflow earlier this year that will give web designers better insight into software trends. Since 2011, there have also been several community-driven updates available for the VectorWorks product family:",Bloom-7B,0,1613,245
"So, the lady and I were in search of some Saturday night food and couldn't decide on what. I had the brilliant idea to get on Groupon and was stuck on options. We needed something light but not too simple or cheap. I did a little research online for the restaurant we wanted to go to, found it pretty good on reviews (not my favorite, but okay), then decided that I wouldn't have time to wait outside so just walked up there. (I'm trying really hard this week to be patient because I'm super busy as always with work.) The place wasn't huge, like most places here are these days... There were three tables that could seat 6 people max. They also stocked beer wine though no spirits at all. The guys told me they served meals regularly every day except Sunday which they said surprised them considering the price point but is understandable due to their location overlooking bars clubs.",Bloom-7B,0,885,161
"walk offscreen as they play, and we see rows of empty seats. The stage is darkened by a curtain that swings back to reveal the face of Deborah Kerr's coolly aloof minstrel. The second act opens with more drama in the courtroom scene - this time played out on an actual theatre set: It's hard not to think about George Orwell when watching 'Wolf Hall' because it features structures like these from his novel 1984 (as seen above), but there are also other interesting parallels between BBC history shows such as 'Tales From Our Time' and 'Game Of Thrones': both involve monsters, castles, political intrigue and bored aristocrats who can only be entertained through entertainment or crime stories... except it's all buried under layers of cheese and gelatinous substance! But whether that's true or just another way for directors to get their point across, what I do know is this: if you enjoy historical dramas then definitely check out 'Wolf Hall'; even though you're bound to find some similarities to other TV series I've already mentioned here, it does have its own unique charm. When talking about the show I've been thinking a lot about how well it represents period costumes at this particular moment in times past - one wonders exactly what people wore during those years? Was it fancier than today? Did men dress slimmer and smarter? I'd love to hear your thoughts so please leave me a comment below! You can also share any pictures of yourself wearing Wolf Hall clothing too! I'd really appreciate seeing them! We stock over 400 products including food, drink and beauty items which can be delivered direct to you door. We also offer our customers exclusive discounts upto 50 Off Online price on selected brands. You will receive a beautiful gift box full of hand-picked gifts within 4-6 weeks although sometimes before due to high demand ours may arrive earlier. Our delivery team carefully select each product to ensure every customer receives something special. They pride themselves in delivering quality plus value merchandise straight to your doorstep. If you would prefer us to deliver to someone else's address simply provide details along with a note when ordering and we'll dispatch directly to them without charge. If you're looking for a little weekend indulgence why don't treat someone to a selection of luxury treats... Please note: All orders must be paid in advance via credit card debit card. Once payment has cleared your order will be processed immediately. Keep track of those pesky bugs with homeowners insurance bug coverage policies Insurance News Network Homeowners with homes prone to being invaded by insects should keep an eye on their policy options - especially after recent hurricanes hit coastal communities. Insurance companies say many new homeowners buy homeowner's insurance without pest control coverages built into their policy. ""That's where exposure happens,"" said Linda Shackelford, vice president of research for independent agent Badger Smith in Wisconsin. ""And once you've got bugs in your house ... you want that covered.""",Bloom-7B,0,3077,504
"Linguistically diverse datasets are critical for training and evaluating robust machine learning systems, but data collection is a costly process that often requires experts. Crowdsourcing the process of paraphrase generation alleviates some of these cost limitations by generating text in an unsupervised manner from existing corpora. In this paper we investigate the use of crowd sourced triplet pairs (source sentence S, target phrase T, correcting word W), where T may be one or more words to form corresponding predicate-argument structure P A (S) {P 1,...P n }. For example, (the girl) (overcomes her fear), forms the following pairs: The girl overcomes her fear The girl was overcome with frightening She overcame her dreads This paper presents five different neural models which utilize a variety of features extracted from both source sentences P R (S) and their paraphrased counterparts P R (T) together with other information sources such as WordNet synsets 2. Our evaluation on multiple metrics shows improved results compared to state-of-the-art work. Triplex Representation Model Data Collection Preprocessing Crowd workers were recruited via Amazon Mechanical Turk. Workers attempted a maximum number of 500 compositions per day towards completing each dataset. In total 18 complete datasets were developed using varying combinations of four grammar rules: Simple rules suggest replacing single words w {my-wonderful, we-have-looked} and phrases w {we have looked at our new house} Clauses matching rule suggests replacing clauses whose heads match w{look-at-home, bought-new-house} Bag-of-Words approach replaces the entire content of the given clause with all possible occurrences of any word appearing in the corpus 6 Features We evaluated several feature sets to explore how best to capture linguistic aspects within individual instances including 1-word substitution values, lexicon based features, POS-tagged sequences containing overlapping words and derivations along with model outputs described below. Triplex Features. We first identified 100 unique items; they include numbers 5,000, 10,000, 20,000; various grams 1,2,3,4,5,6,7,8,9,10,11,12,13,14; variations of index terms like one hundredth -one-tenth percentages; and adverbs very, much, quite, precisely etc. These items were used as candidate substitutions during crowdsourcing tasks for creating paraphrases. Lexicon Based Features. We also included features derived from WordNet 3 synset annotations 4. Each instance represented its surrounding context upto two tokens either side of the adjunct token. One set of binary classifiers detect if a particular synset annotation occurs only once or twice preceeding the head token indicating it is part of noun modifiers e.g., jam-packed, while another determines whether the element immediately preceding the head consists solely of adjectives or verbs e.g., freshly baked cookies vs. crisp bread crumbs. Derivation Feature Set. To account for syntactic derivation patterns present in paraphrase generated texts, we defined three additional feature types representing NPs modified by determiners followed by ""offor"" linking prepositions 7. These NP predicates denote actions performed on entities 8: (i) eat itself modifies food eaten by human beings, animals andor plants. (ii) work modifies inanimate objects and physical processes 9. (iii) treatmodifies living things treated medicinally.. For undirected graphs G {V, E} we apply subgraph isomorphism test find sufficiently close graph matching between g i's where nodes v j matched against node v k has distance d ijk o 2. Here, V represents the vocabulary size 9 and o o2 denotes small constant value to avoid false positives due to large variations in neighborhood sizes. Since ungrammaticality indicator function u ignores null probabilities, we use approximate counting method with influence radius of (V ). The iteration terminates when no improvement can be made. During iterative computation, larger weights assigned to longer paths improve performance significantly 11. As shown in Table1, LSTM predicts highest F1 score across all methods tested. Conclusion The accuracy of most current approaches for identifying paraphrases relies primarily upon manual judgements by humans who must annotate thousands of examples before selecting those deemed appropriate. However, since resources available for the task remain scarce, researchers rely heavily not only on heuristics but also greedy algorithms to generate paraphrases during testing time 12.",Bloom-7B,0,4537,657
"Blocks is a JSX-based page builder for creating websites without writing code. It comes with built-in components that are designed and implemented with Theme UI. The editor reads and writes the HTML files, so you can save time in designing your website. Using Divi Builder, you will be able to add blocks that contain content such as banners or sections of text on any page by dragging them directly from their respective panels into place. Divi Builder has an intuitive interface, making it easy for anyone to use. To see more about how Divi works, check out our video tutorial here The next step after choosing one of these themes is deciding which package would best suit your needs. There's no correct answer to this question because each theme offers different benefits and features at various pricing points.",Bloom-7B,0,814,138
"The Executive Office said the move was made ""to enable doctors to conduct a medical assessment."" Mr McGuinness was due to join the first minister on the trade mission. A statement from his office added: ""We are aware of this as we have already discussed JUPE with the people involved and will continue discussions during the visit next week. We have responded in full consultation, including meeting members of staff who were concerned about their role under these arrangements."" First Minister Mark Drakeford said: ""The Government has decided that it is appropriate for Dr McInnes to return home to Belfast so he can address some concerns raised by colleagues. ""I understand there may be issues around confidentiality but I am sure they do not affect what is expected of him as an NHS doctor or officer currently serving the public good at two different hospitals here in Northern Ireland. ""We live in complex times where honesty and trust between those working together within our healthcare system need to remain paramount if we expect any genuine progress. ""This decision should assist in restoring confidence among all parties, particularly as most of us know Mr McGuinne's work ethic and integrity well.",Bloom-7B,0,1209,199
"Tim was rushing to get to class. He had missed the bus on the way to school. His mom dropped him off. Tim ran towards his 1st period class. The teacher came in and told students that they needed a new daybook because theirs were lost. Tim finished his homework, got dressed for basketball practice with the other kids at recess time, grabbed some lunch from his home economics classroom, went into the hallway where he met Dr. Roberts who gave out certificates of completion for 8th grade mathscience classes. By the end of today's big eventful week there will be hundreds of thousands of people walking around campus talking about how great it is here! Our state has been blessed by having many fine establishments such as this one serving up our outstanding talented staff members! My favorite part of my job so far has always been getting feedback from parents after seeing photos taken inside our facility. I heard all sorts of comments like ""This place looks amazing"" or ""I love the size of your gym equipment"" - those things are really encouraging. When you think about the number of hours we spend each year trying to make sure nothing goes wrong during construction then it's easy to understand why building maintenance needs special attention. As an administrator the first priority should likely be contractor safety, but sometimes accidents happen no matter what precautions you take... that's just life. We need to ensure everyone working on site uses proper PPE, follows procedures, understands organizational policies and rules regarding work zones and traffic flow. It's important to keep track of any weather conditions including wind direction, rain forecast, snowfall, heat index etc., while also paying close attention to signs posted on property like ""No Trespassing. No Parking allowed. Halt sign required. Do not enter...""they can change quickly.",Bloom-7B,0,1868,308
"Actresses including Meryl Streep, Sally Field, Sandra Bullock and Cameron Diaz saluted the 76-year-old Oscar-winner at Thursday's event in Hollywood. ""I'm so happy to add another woman's name to the list of winners"" said Halliwell. In 2008 she received a Golden Globe award for her portrayal of Fox Mulder on the decade- long X-Files series starring David Duchovny as Scully. The actress made history earlier this year when she became one of just two women nominated for an Academy Award over 100 years since its founding - alongside Katharine Hepburn in 1940 for Promises Are Made Salvation Army Australia is scheduled to host the much anticipated Food Cup Challenge competition next month between three teams battling it out for 90,000.",Bloom-7B,0,738,120
"Jake's son wanted to learn how to ride a bike. Jake however didn't know how to ride a bike himself. Jake secretly bought a bike and practiced at night. He finally learned the basics of riding a bike that day. The next week, he took his new-found skills out on a test run with his friend Danny Doherty. On their first attempt they both fell off, but managed to get back up again while trying not to hurt themselves too badly. Afterwards Jake informed his father about what happened in the store, and then told him he had taken some time away from school so he could practice. The family was surprised by this news (especially as everyone thought he would have been kicked out) because in general boys were supposed to be tough enough for it all by now. A: I think your scene is an isolated example which happens only here and there. If you talk to teachers or parents you'll hear stories like this: ""Our kid did X, Y and Z and when we saw it's done we asked them why they do things differently than others? But our kids are doing better and finer stuff! So, I guess there's nothing wrong if they want something different. Personally I'm glad they don't follow my advice blindly... """,Bloom-7B,0,1181,220
"Basically, Israel assassinated a high-ranking military leader from Hamas. This rather peeved Hamas. So, as retaliation, they launched 400 missiles, some of them to Tel Aviv, but most of them into southern Gaza. The response by Israeli intelligence was not satisfactory at all, and Netanyahu said his citizens are suffering terribly because these attackers have made their lives hell in the past few days. The violence has escalated tremendously since then; there is constant gunfire between Palestinians on both sides of the border and on both ends of Jerusalem, including through tunnels that run under the city toward either side - it's endlessly terrifying for many people who live within it or near it; civilians are being killed every day, especially children. So the question is: Why does this happen? We know why: All those years ago when we were invading Iraq and Afghanistan, we heard about ""home-grown terrorist cells"" and how important it was to strike these terror groups hard so that they couldn't act again against us later. Here's what I think happens here with regards to Israel-Palestine: A Palestinian group (like Hamas) may decide it wishes to kill Jews andor make war on Israel. They can sign up with Al Qaeda or another organization like ISIS or Hezbollah. In effect, they're joining an international jihadist movement - an umbrella term used around the world to describe a broad collection of terrorists. These organizations welcome members who wish to join them-it doesn't matter whether you're Muslim, Christian, Arab, Jewish...they don't care! What matters is your willingness to fight - the more willing you are, the better off the movement will be. (It must also ensure that its membership is diverse enough - otherwise, no one joins) Some of these jihadis come to Palestine under false pretenses. Some of them are actually Jordanians fleeing persecution after John F. Kennedy decided he wanted to break apart Jordan and hand over its territory to Israel. Others came straight out of Syria where Assad ruled at the time - and the Arabs of that part of the Middle East had been fighting each other for decades - just waiting to get back together once he got rid of him.",Bloom-7B,0,2195,367
"I omitted to mention that the attitude stemmed from the fact that we did not have a local number, just the hotel's phone number. Apparently that was a problem for the people at home. They answered our call with insane levels of politeness and kindness in an attempt to find out why they were being called on such short notice. I don't remember what they said but it sounded like someone had to be there by 3:30 am! They got us notification off the floor manager, he escorted the couple right up to the room, which turned out to be very comfortable. The man wasn't too sure exactly where his wife should go so I just pushed her into my bed while he scooped me up onto his so she wouldn't fall down. He tried to get some sleep himself after all this excitement (and apologized profusely for waking him), but soon came back knocking on my door asking if he'd wake anyone else because they'd left without calling ahead... We decided we'd rather take them up on their offer than risk getting caught. So, instead of ringing the bell or waiting outside, I told everyone I'd stay awake until midnight even though I'd only stayed awake part way through last night! We got up around 6am 2pm today, put away the things we'd packed overnight, then sat down to eat breakfast before heading over to check out again. While we waited for our bags, the lady who'd been dealing with the reservation and office staff finally arrived. She took the time to explain everything about the policy regarding early check-outs and how much more expensive extra rooms are during peak season. Her words never fail: you pay for your sins!! After checking out, we headed straight towards the airport to catch the 7:45 flight leaving from Rome Fiumicino International Airport. And as luck would have it, it landed precisely when we needed it to - 1 hour earlier than originally planned!! After taking care of our luggage, we've now made our way to the terminal area and will depart shortly afterwards... Author skjerkarsPosted on February 19, 2014 March 12, 2020 Categories ChurchTags adventure, christianity, church, evidence, faith, friends, Grace, hope, Jesus Christ, joy, missionary, new life, prayer, redemption, salvation, spiritual experience, travel A Doxology is a saying of praise God, based upon Scripture, written upon its clearest passages; word for word taken from Bible manuscripts available in the public domain. (Doxologia) Catholic Encyclopedia Please note.. A doxology doesn't need to be incorporated fully within a devotional work.. It can simply be read aloud.. Readers may use one of these verses at any time:",Bloom-7B,0,2598,444
"The group got together in front of the ice skating ring. When we tried to open the front door, it wouldn't open. The janitor told us that the place is under renovation and we're not allowed to leave until they're finished. We decided to go another way down the hill (we don't live very far from the park so this was a fairly short trip) but once again I ended up walking through an alleyway with no exit signs or lights or any other indication of where the road goes on either side.",Bloom-7B,0,482,93
"Typically, what happens is the breakdown of fats and proteins in the skin. Many parts of the body have carbonyl groups, which in the context of skin means a carbon -carbon double bond between two adjacent carbons (an aldehyde group). These are formed when free radicals attack the natural bonds that hold cells together. Carbonylation is most commonly seen in the aging process or where there has been exposure to toxic chemicals like cigarette smoke andor ultraviolet light. In some cases it may be caused by medications too. The effects of chronic tissue damage on collagen production can lead to wrinkles, sunspots, pigmentation problems as well as dark spots and age spots. Collagen makes up more than 50 of our connective tissues: bones, muscles, tendons, ligaments, blood vessels, hair, nails, sweat glands, teeth etc... So maintaining adequate levels of Collagen in your system is important for everything from healthy joints, flexibility to long term cardiovascular health. Massage helps stimulate increased circulation therefore increases oxygen supply throughout all layers of the epidermis - including the deeper dermal layer involved with new collagen formation It's recommended that you do a trial massage before committing to regular sessions so we can get an idea whether it's something you're going to enjoy!",Bloom-7B,0,1324,208
"I awake to the sounds of a large camp. Men are talking, cooking fires are roaring away, metal is clanging. ""What the hell? Where am I?"" A guard rushes into my room and says that he has found me in his tent by mistake. My name is Nils Holgersson (for some reason all the other names have been taken) and I'm alone on a boat for Sweden's southernmost point: Snderbjerg. As we drift off from Norway's coastline it looks as if we're going for an easy swim across open water; but soon our course turns sharply westwards towards the islands near Greenland. The first night at sea I dream about being attacked by whales - both big and small...",Bloom-7B,0,636,119
"[step] They are generally located by the door and can be purchased for a few dollars. These magazines typically cover a few states area but are generally within driving distance of NYC, Boston, or other major cities in that state. A lot more than just an image! Many digital cameras utilize some type of lens - the camera body is essentially the same as if you were using film only it takes an electronic picture instead (some newer models even take pictures with no lens attached). Often times there will also be accessories such as tripods and lights which allow photographers to get better quality images at night, indoors etc.",Bloom-7B,0,630,110
"Notable faculty in physics have included the speed of light calculator A. A. Michelson, elementary charge calculator Robert A. Millikan, discoverer of the Compton Effect Arthur H. Compton, the creator and prime mover of many experiments on atomic structure Werner Heisenberg, physicist Albert Einstein (see article: Nature), Richard Feynman, John Wheeler, three time honoured Nobel laureates Niels Bohr, Louis de Broglie and Freeman Dyson. The Institute has a long history of awarding prizes to those who make important contributions during their lifetime. In recent years it has awarded prestigious David Gold Medal for Physics to Professor Steven Weinberg. The institute's main research facilities are located at its headquarters building called ""The Baker"" which was built in 1974 by architects Cliff Kemsley Associates. It is an 80-foot-high (24m) concrete tower with skylights that provides access to terraces and roof gardens overlooking Cambridge University campus. History In 1980, Jock MacDougall established a small group within the mathematics department of King's College London to investigate quantum gravity. MacDougall, working as an undergraduate student, then worked full-time from his home developing ideas about how to extend general relativity so as to allow gravitational effects due to black holes or wormholes to be calculated numerically. Working under the guidance of Bruce Carter he developed techniques for quantising gravity using the path integral formalism but these were not immediately successful because they required too much computer power. MacDougall became interested in applying this approach to cosmology when he realised there might exist dark matter particles whose existence had been suggested by observations of galaxy clusters and large-scale structures but never detected directly. Using his new technique he showed that if such dark matter existed, its mass density would need to account for approximately 50 percent of all baryonic material in our Universe. This led him to develop models based on self-interacting scalar fields inside spherically symmetric galaxies rather than pure point masses, thus avoiding problems associated with particle accelerators and supernova explosion modelling. Following up work done whilst still a postdoctoral fellow , MacDougall completed his PhD thesis based on this idea titled ""Quantisation of Scalar Fields Inside Gravitating Systems."" While writing this, MacDougall continued to apply his method to calculate results concerning some aspects of cosmological evolution including issues related to early universe inflation and decay, formation and distribution of large scale structures of space and time derivatives of the metric tensor fields. As well as giving his doctorate students information regarding macrodynamics principles, he also inspired them into invading other areas of mathematics-especially differential geometry-and applied mathematics-thus producing new mathematical concepts and theories especially relevant for theoretical studies involving curvature singularities and solutions of partial differential equations. They include concepts like Ricci flow and Alexandrov invariants. Further advances in techniques enabled him to produce calculations of numerical simulations pertaining to both classical and quantum field theory inside gravitationally focused systems. The use of computers allowed the inclusion of nonlocal interactions between different components. These innovations gave rise to papers published in journals specialized in theoretical physics such as: Physical Review Letters, Journal of Mathematical Physics and Monthly Notices of the Royal Astronomical Society amongst others. His pioneering works related to applications of advanced numerical methods has ensured that computational approaches now form part of modern physical practice. For example, several implementations implemented code written by MacDougall specifically for solving Einstein-BornInfeld model equations of General Relativity used to describe compact objects in stellar collapse scenarios; computing their equation of state and dynamics, similar to what happens in extreme conditions above nuclear densities; performing test runs, debugging and comparing actual outputs against analytic approximations and making predictions. He explored geometric inequalities relating the area of endowed surfaces having support on certain families of submanifolds boundary-equivalent to spheres or tori embedded in three-dimensional Euclidean spaces. One particular result arising out of these investigations is the fundamental inequality of geodesic domains, Theorem 16.2 according to [3]. More recently, MacDougall began exploring questions concerning properties of Riemannian manifolds with special emphasis on conformal metrics and conformal connections. This resulted in publications addressing topics like: 1. Approximation theorems for volume growth functions. 2. Boundedness criteria for Teichmuller moduli spaces of Mobius transformations acting on punctured hyperbolic 3-space. 3. Geometric relationships among heat kernel estimates, scattering estimate and Gaussian measures. 4. Degeneracy identity between normalized Laplacians and Weyl semigroup generating operators. 5. Germ rank of positive definite quadratic forms and stability of principal directions. 6. Curvature analysis of hyperkahler manifolds provoking the relationship between the number of eigenvalues with nonzero real parts and Hausdorff dimension of non-compact stable sets, respectively. 7. Concentration phenomenon in pseudo-Riemannian geometry leading to the control over finite-dimensional distributions constructed out of standard harmonic maps to Hilbert manifolds; isomorphism classes induced by the isometry groups. 8. Global rigidity problem and topological classification of hypersurface sections in higher dimensions. 9. Hyperbolicity and asymptotic behavior of pseudo-Anosov flows and X-Fundamental problems for acyclic cohomology rings of contact manif",Bloom-7B,0,6024,819
"Mr Qu was a famous statesman from China. He wanted to improve the quality of life in his country. He started a water quality project. He saved many lives. He organized a special meeting and invited teachers, students and nurses who were going there for treatment. In order not to be too distracted by all these activities, he made an announcement that whoever could participate would get three points for every act done well but no more than eight points per The girl then went back home with her sister-in-law. They waited patiently till midnight before getting inside their room and seeing if they had missed anything at school or any other important event this day. She remembered very clearly what she had said now how to count on hands - ""One..two...three"" She felt frightened when the number ended up being seven. Often we find ourselves looking towards our goals as though it is so far away; however, once you start working your way toward them each step becomes clearer until one day you look around and realize how close you have come! There are certain times where even the most beautiful, perfectly curated wedding can go wrong because something didn't quite work out exactly like planned! From natural disasters ... Read More",Bloom-7B,0,1237,213
"Laura couldn't afford to buy a dress for the school dance. She made one out of a pretty floral fabric. She was afraid the other girls would make fun of her and laugh at how ugly it looked. She didn't want to admit that she had no money, but when you ask people what they need most in their lives they'll tell you: And I don't have any extra cash either. My husband works all day long, so we barely have enough left over after paying our bills so we're just trying to manage as best we can! This entry was posted on Tuesday, July 12th, 2011 at 5:49 am and is filed under Uncategorized. You can follow any responses to this entry through the RSS 2.0 feed. You can leave a response, or trackback from your own site.",Bloom-7B,0,712,139
"Amy had gotten a watch for her birthday, but not the one she asked for At lunch all her friends were asking to see her watch. One by one they took it off and showed theirs to Amy. When Amy picked up her own watch, she couldn't believe how much bigger hers was than everybody else's! She looked at herself in the mirror, smiled and said that when she grows up, everyone should have two wristwatches like this! My favorite part is when she says ""everybody should"" because I want my kids to get more of these books so we don't always read them just once every few years. (I wish there were more about sisters.) The book has lots of funny pictures too, which I really liked - not sure if that's common with picture bookschildren's literature or not, but I'm definitely going to look into other books from this series as soon as possible! (And you can remember Snow White here- it's called The Princess Who Never Did Get Cold) But what I'd forgotten about (since having no idea until now!) is there are three sequels: We tried out most of the games during our little trip to New York City last weekend; though we didn't win anything on the lottery...we did love some things!! Some fun activities using a Nintendo DS system-you hold it against your body while doing something different. For example, Mario Kart requires holding the device straight across (like shooting an arrow). You press ""Buy Dollars"" then hit red lights where indicated. Some of the characters will jump over obstacles to help guide you through specific areas. We got caught practicing driving skills instead of racing down the track sometimes:) Like most people, I've been living under another name, sharing my true identity only with close family members and very select associates, since getting arrested in 1990 after pleading guilty to felony counts of marijuana possession and sales charges stemming primarily from the sale of narcotic drugs obtained illegally from various sources outside the lawful distribution channels for ""legal use"" purposes. I'm still considered a registered sex offender based upon the fact that despite being convicted by Judge Marilyn Couch in March 1998, the prosecution failed to obtain any convictions beyond those in criminal court resulting from violations of Section 5-A (a state statute creating mandatory penalties for persons who knowingly harbor illegal immigrants andor conceal evidence located thereby). It appears that the arrest warrant issued for me was never served, even though repeated attempts were made via misrepresentation and threats of violence intentional enough to risk harming myself emotionally and physically. My wife believes it may be related to sexual assault charges filed against me prior to my release from prison back in 1995-96. As stated previously, I maintain contact with current and former business associates regarding matters concerning the alleged conspiracy allegedly taking place within California's domestic relations field whereby women are paid significantly less money than men who perform equivalent work, according to investigators involved in the investigation. In light of recent developments such as the arrest of David Williams, founder and CEO of his company, Sex Workers Legal Defense Fund, AKA ""SWLDFA,"" along with the discovery of numerous other allegations involving prostitution-related activity, including pedophile contacts, child pornography and trafficking, I am compelled to say publicly that I would prefer that I remain anonymous if requested to do so. All information accurate, trustworthy and credible found available online relating to the legal issues surrounding the case, especially the testimony given before United States District Court judge Marilyn Couch, remains privileged pending trial, unless waived voluntarily pursuant to Rule 10b-5 federal civil procedure regulations. Moreover, regardless of whether I choose to share the truth publicly or to keep silent forever, anyone attempting to draw inferences lacking in specificity regarding the facts behind each allegation served against me must first determine what constitutes appropriate action in accordance with applicable laws governing individual privacy rights, international conventions signed and ratified by U.S. government agencies, and due process requirements pertaining specifically to: (2) Protecting victims' privacy interests through non-disclosure agreements of varying lengths and complexity, I shall continue to provide updates, reports and statements pertinent thereto throughout my ongoing litigation efforts and response (s), consistent with established principles of fairness, transparency, accuracy, discretionary judgment, flexibility, continuity of thoughtaction and proportionality. (NOTE: As previously noted, additional details provided herein may change without notification depending on subsequent development in the course of preparing additional responses, etc.)",Bloom-7B,0,4926,750
"His raged burned from deep within, a fire stoked by years of oppression and torment. Now was the time he would gain his vengeance, after all this time. He took hold of Khalsa's arm with a hot grip, forcing him to turn away. Khalsa didn't have much strength left in his arms any longer but still managed to run until he reached Khadgar who had been sitting on the ground trying not to move but now staggered forward as well for some reason. His eyes were bloodshot though it seemed like he'd just woken up and there were tears dripping down his face even if he tried hard to hide them.",Bloom-7B,0,584,111
"When finally Edward the Confessor returned from his father's refuge in 1041, at the invitation of his half-brother Harthacnut, he brought with him a Norman-educated mind. He also brought many interests and ideas: as ruler England was facing an increasing crisis of administration due to foreign incursions; on a religious level there had been almost no debate since Anselm's time over whether or not it were possible for Christians to understand scripture adequately. In 1049, after having defeated Harold Godwinson at the Battle of Hastings, King William I strengthened his position by joining forces against a rebellion led by Henry II of Normandy who sought to regain control of southern England. In this struggle Richard became involved: while fightingfor Henry II, he joined Robert Courteous' army which then got into conflict with that of Ranulf of Chester. The battle ended badly for both sides when Ranulf was killed but Richard managed to escape unharmed. Following up this action Richard was rewarded with lands given by Philip Augustus (the king) and so began his life-long journey toward political power. The Crusades Richard's involvement in these events is best described through two passages from his own writings: ""Epistola ad Aegyptum"" (to Egypt), written c.1054-55; and ""Letters to Honorius IV,"" (c.1124), containing extracts taken directly from Richard's memoirs. At first Richard wanted to go along with the crusade commanded by Pope Urban VI because he thought he could use the opportunity to expand his influence among the English people. However, later he turned around and decided against going. His reasons are ambiguous, some sources say that he felt bound only by loyalty towards his brother-in-law, Saint Louis, others say he didn't believe himself capable of leading such an expedition and still believed in the possibility of doing something good elsewhere rather than just following orders blindly. He chose instead to take part in another attempt to bring peace to Jerusalem undertaken under Roger de Beaufort (c.). This second campaign came about thanks to negotiations between Henry II of France and Saladin in which they agreed upon terms including paying salaries to Christian captives held by the Muslims. It lasted only one month before being abandoned by the French. Richard did however capture several important cities in Palestine and Syria - Damascus, Acre, Tyre, Sidon, Baalbek etc., all excepting Beirut - where he left behind garrisons loyal to Raymond III of Toulouse. His activities during these years have never ceased to be controversial, particularly concerning his role in the murder of Conrad of Montferrat. On November 1, 1141, Giovanni Boccaccio recorded in the Decline Fall of the Roman Empire how Richard attacked and defeated Conrad at Muret near Pavia. That year Raymond of Toulouse died leaving three sons, Arnold, Donald and Peter competing for the papacy. These young men organized attacks against each other beginning with the assassination of their grandfather Robert Guiscard at Naples in October 1139 and ending with the death of Peter's son Stephen at the hands of Richard when he tried to interfere in . Furthermore, considering that Richard probably wasn't entirely ignorant of what happened those 13 years ago and therefore told lies if asked why he would attack the archbishop of Canterbury Ninian (who had previously betrayed Richard), it's hard to think otherwise even though Charles Baur argues Richard simply wrote down facts without any intention of lying or fabricating them. While much has been made of these accusations, e.g. Thomas Ricks states: ""It may well be true that Richard either planned or participated in [Conrad's execution]... But we must remember that medieval historians usually put considerable stress on direct evidence wherever conceivable - as witness the frequent mention of eyewitness testimony - and ignore indirect information whenever it might seem too obscure or contradictory. Moreover, poetic justice demanded that the victim should suffer more punishment than his aggressor."" Nevertheless despite his innocence initially everyone supported the hypothesis of conspiracy to kill Conrad allegedly motivated by jealousy and revenge. Even Richard himself's biographer, John Florio, claimed that ""he had acted admirably throughout the whole affair""; but in spite of all these charges certain contemporary chronicles do record that the event took place in fact according to the plan laid out by Richard. For example, Matthew Paris records two accounts of the crime: ""The fifth day after Easter morning, [a] confessor named Tiridates arrived in prison at Viterbo bearing a letter addressed to the lord Archbishop. As soon as he opened the letter the prisoner confessed his guilt and said that 'he had committed robbery' ... Then, meeting the cardinal legate, Tiridates gave him the same answer, saying that he had stolen thirty pounds of gold coin and ten bracelets worth twenty pounds each... In return, the legate refused to release the criminal."" And ""Next morning Tiridates went again and delivered a note riddled with threats signed by Richard himself, urging Cardinal Bernward to turn him over to the secular authorities."" However it seems difficult to imagine Richard acting alone. In addition Christopher Shinn points out: ""Jerusalem itself knew nothing",Bloom-7B,0,5358,841
"Hello CMV! First of all regarding my own ideas and politics, I would consider myself a Thatcherite and believe in individualism, freedom and responsibility for our own actions (more on this later). A lot commenters here do not seem to be able to accept that. Most people are too quick to assume you must agree with them. Second, I've been following the Conservative Party closely as an independentnon-party member for some time now; having watched Tony Blair's rise from obscurity through his two terms at Downing Street before the general election of 1997. Despite his rhetoric, I think he did more damage to British society than anyone since Churchill. He was completely taken over by George Soros and the judaist-controlled world media after being elected. By 1999, Labour was running third behind Liberal Democrat John Major and the Conservatives were exchanging shades of grey leaderships between O'BrienKingsley-LennonPophamCorbett etc... The last few years have seen UKIP take off nationwide while there hasn't been much movement on the Tory side other than a weakened ""New Right"" faction led mainly by Michael Gove who doesn't really stand out among Tony Blair's left-wing associates. Of course, if history is anything to go by we may see some disillusioned high profile figures make their way into government again. For me personally, I'm happy enough just voting Conservative so long as they keep getting rid of those aeroplane horny bastards flying about London - that's what it comes down to... so far anyway! Anyway, I'll return to your point, but I don't know whether any politician can be trusted these days; even many of us uninitiated find ourselves questioning the motives of most members of parliament when they appear regularly on political talk shows such as David Dimbleby or party conferences. In fact, I'd say it's generally better to vote Green (andor Animal Liberation) because then you're guaranteed to get nothing back;) CMV: You mention 'the liberal-left' - you could also add that word to describe Margaret Thatcher: 'The Libertarian Socialist' I tend towards 'liberal' rather than 'left' though. It seems to me like when someone says they support social justice, environmental protection, gender equality etc.. they're almost always classifying themselves as part of the 'Liberal Left' whereas someone who adopts similar positions tends towards conservatism or perhaps Christian Socialism.. A certain amount of confusion exists around this issue, probably due to the difference in vocabulary histories - liberals generally hold less orthodox views on economics compared to conservatives although both parties share a belief in free markets laissez-faire which governs how state intervention should be limited.",Bloom-7B,0,2740,431
"Susie was getting married. She wanted to pick out bridesmaids dresses. She took her sister to the local shop. When they got there they found the perfect pink dresses. Susie picked up a new pair of shoes and had them hemmed. Then she went home with her father. The next day, when Susie's mother asked her if everything was okay at school yesterday, Susie told her that all the girls were wearing their best clothes on what turned out to be a one-day event in which only seven people would actually get married! Of course, nobody noticed! As for my memories of this fun holiday, well... I remember it so vividly now because I have seen photos from nearly every year since I was born. My mom always did something special like cooking strawberry shortcake or making a cherry pie with fresh cherries collected by our family tree (which is still around today) and we would gather together as much as possible so we could make sure our grandmother hadn't missed any of us. My sisters and I wore our finest summer clothing while everyone else looked dapper in dark suits or tuxedos. We also used to go swimming in Lake Michigan after dinner even though it's no longer open to the public, you can rent skiff boats and paddle boards for about 25 per hour. I don't know how many things I've survived over the years, but I'm pretty sure I'll keep going until my death: My mom's favorite recipe called for chicken breast meatballs fried in olive oil mixed with plenty of garlic salt spread between two pieces of bread that's then baked into an Italian sub roll. (That sounds kind-of gross, doesn't it?) When moving into college, the bus driver dropped me off right outside the dorm where I lived without letting me line up first... except he waited until after midnight just to save his seat for his wife who never strayed far away from him during the night. I'm not completely certain how long we've been friends; however, each time I look back at my childhood I'd say, ""Oh, you must've been friend with me growing up; you'd do stuff for me"" and he's answered immediately, ""No way! That ain't happening! You saw me grow!""",Bloom-7B,0,2109,380
"The game was released in'98 for Nintendo 64. Just think back a few years (circa 5) ssd was a miracle. Now go back to 98. Back then you needed very fast hard drives and software that could play those games at their best, which is just not possible with modern hardwaresoftware today. They should have taken the time to expand this line into other platforms genres if they wanted success or else had done it already!",Bloom-7B,0,414,76
"New figures show the total number of teachers across Scotland has risen, but 12 council areas saw numbers fall. Mr Swinney said the stats were ""good news"" in light of strike action by teaching unions. He said: ""The statistics for this year are excellent and we're going to continue our progress on improving standards with a focus on pupil achievement over teacher pay."" PCS members who have been at work since last Thursday will be paid 5 days' holiday per summer term. A spokesperson from the union's UK-wide executive told The Scotsman: ""We know it's not enough, particularly as we don't like Christmas holidays being cut short too soon - which is what happened here during August. ""We understand that it was only possible because they gave us extra hours off after Christmas last year so we've tried hard to get them all back now. It's an unfair treatment compared to PCS staff elsewhere in England where they're given full time equivalents (FTE) for their holiday periods regardless of how many weeks they've worked or whether there's been any sick leave taken while out of employment.",Bloom-7B,0,1090,186
"Probably not very far. It depends on a property of all insulators (which water is) called the breakdown voltage, which is the voltage at which an insulator stops being an effective insulation between two conductors. With 1.5 volts across it I can get about 100 mA going to my circuit without any problem. I would only say that probably you will have problems if there are other components in your setup besides those shown above and also whether or not both sides were powered from the same source. A: From Wikipedia 1kV 1 million Volts",Bloom-7B,0,536,95
"Two serving police officers, a retired police officer, a current pilot and a retired pilot were arrested as part of a South Yorkshire Police investigation. Reports had been made that the man suspected to be involved in the murder was on his way over from Warwickshire. A spokesman for the Essex Constabulary said: ""We have received an intelligence led tip-off regarding what we believe is fraudulent driving tests being carried out at various locations across East London by a person with links to extreme right wing extremism. ""One of those sites has now been closed following advice given by our specialist counter terrorism unit. ""Police are still investigating these offences but it appears they involve drivers passing their test using fake evidence and may also include attempts to supply controlled drugs before taking the road test.",Bloom-7B,0,840,136
"When it happened, no one believed it could be true. We all thought we could be survivors. After all, we've watched all the movies and read all the books. We know what to expect when an earthquake hits. But this morning I woke up with a big lump in my throat as if someone had just taken out a piece of me from me. When you go through so many major life events like divorce or death, it's hard not try and make sense of what's happening but before long you're fighting for your sanity too. The day after his parents died when he was six years old, my husband's dad went into cardiac arrest while visiting him at school. He didn't survive. My own heart stopped during work on Thanksgiving night last year because I couldn't breathe. My chest hurt more than usual. The doctors told me that they weren't sure why. They suspected embolism (clots) which is how people die suddenly without warning, most often in the legs. But fortunately nothing clogged their lungs. Today, I'll miss them both terribly. Remembering yesterday will help us move forward today and tomorrow because that's what we'll do. We can't change the past but we can control our response to it. And I've learned over time that it's important to remember where we're going so we don't get lost along the way. Linda Norris Snyder Parenthood, relationships, Seasonal Loss, Self Care, Subtle Health Symptoms, Stress Management Leave a comment February 10, 2018 February 11, 2018 4 Minutes New Year's Eve always feels different given everything that's been going on around us lately. It's also difficult trying to balance being hopeful yet realistic about things. Last week, I've spent some quality alone time focusing on myself by taking care of myself physically and emotionally - I'm still getting used to doing self-care even though it's always helped me through challenging times.",Bloom-7B,0,1844,319
"Tesla plans to open its Supercharger network to non-Tesla electric vehicles in the US in late 2022. Elon Musk has been talking about opening up the network to other companies' cars for years, but it will take some time before that happens. In a recent interview with CNBC's Squawk Box podcast (via Electrek), Musk said he was excited about adding more partners because of "" (the) ingenuity and innovation that's going into enabling electricity"" - which is evident from Tesla's investment program aimed at making charging easier by investing heavily on RFID-enabled chargers or balancing systems so that drivers don't have to worry about overcharging their batteries. And while this sounds like a promising message from an automaker that saw sales plummet last year amid coronavirus-related supply disruptions, there are still plenty of hurdles ahead of pushing such a major change forward. 1. The technology The biggest issue right now isn't simply rolling out new technologies to drive EV adoption; it's getting them implemented properly. To do that effectively, you need massive amounts of data, something few providers can keep track of all day long. Some think it would be better if governments stepped in to make sure carmakers get access to basic infrastructure such as power grids - even though these infrastructures aren't privately owned either. But given how much progress governments were able to achieve when they tried using the same approach toward 5G networks, we may not see any government subsidies soon. 2. Battery packs A lot depends on whether we'll ever end up having enough battery capacity to support rapid-charging stations across our nation. In my humble opinion, there's no way we'd run out of those kind of options within the next ten years despite advancements we've seen today. As far as the average consumer goes, they'll just have to adapt to slow-charge times: That means you'll probably never charge your Tesla 100 overnight again unless you're lucky enough to live close to one of the company's fast charger hubs. (It also doesn't help that most consumers won't know what ""fast charging"" really refers to.) 3. Charging prices While many believe installing faster charging stations should come standard, others argue against doing so lest consumers feel exploited without being compensated fairly. While I personally agree charging rates should go down to boost grid efficiency, the fees needed to cover added costs could actually hurt customers financially if they're unable to afford them consistently. 4. Insurance policies One thing we might learn after COVID-19 protocols ended worldwide lockdowns happened everywhere? Automakers stopped selling insurance policies to cover pandemic-related losses. This comes as no surprise considering insurers wouldn't want people driving around risking transmission of diseases through air pollution. However, it did highlight another problem regarding automobile ownership: Are you prepared to pay additional premiums every month to avoid liability? 5. State regulations Even if tech makes it easy to build quickly and cheaply, state laws can sometimes hinder implementation efforts considerably. For example, California does include incentives for owners who install high-efficiency equipment on their properties - including solar panels and HVAC units - , but the state's tax bill only covers purchases made between 2019 and 2021. Anything past that period falls under normal property taxes.",Bloom-7B,0,3469,540
"[substeps] Wild celery grows under water up to the surface and produces seeds that ducks feed on. Ducks will also dive down to eat the tuber part of the plant. The wild celery is used instead of green cabbage by people in Ecuador, Bolivia, Peru and Chile for its edible leaves. Celery leaf The dried or fresh scallion (Allium schoenoprasum) contains a yellow pigment called safranal which gives it an unpleasant smell when raw but has been found to lower blood pressure. In Eastern Europe, this pungent vegetable was known as ""mother's tongue"" because pregnant women were taught not to touch their tongues during pregnancy. Celery leaf may be added at any point along the cooking process; however, since the flavor increases rapidly with heat, it should generally be eaten within 30 minutes after adding it. Drying and preservation In Japan, dry-cured celery is commonly consumed preserved using salt, sugar, soy sauce andor vinegar whereas in China, Korea, Thailand and Vietnam, they are seasoned with garlic paste prepared from crushed garlic cloves mixed together with soybean oil, sesame seed oil, chili pepper flakes and other spices then wrapped in cloth and placed into bamboo baskets to ferment until ready to serve.",Bloom-7B,0,1224,201
"Jensen encountered a cold during a summer. He wondered whether or not if it was an allergy or a cough. He asked the doctor for help. The doctor told him that he may develop cancer from smoking cigarettes so, in order to protect his health and prevent this disease, he should stop cigarette use. We can see how important is maintaining your mental status healthy even when you are dealing with physical illnesses like asthma as well as other diseases of lungs because most people have problems related to their respiratory systems by no means do we think about our mind's well-being except under stress conditions where we feel anxious which cause us to breathe quickly and shallowly leading to low oxygen levels inside our bloodstreams while simultaneously causing a lack of oxygen into brain cells also something called hypocapnia (low carbon dioxide) occurs when we breath more rapidly than normal. Both these factors reduce blood flow through the brain lowering its efficiency while making cognitive functions difficult such as focusing on tasks at hand long enough to complete them.",Bloom-7B,0,1086,180
"I've recently subscribed to ranime, and as a long time anime watcher and considering myself to have the appropriate amount of good taste, I feel that Sword Art Online is one of those series that should be mentioned in my review section. As someone who enjoys play games (and has played various RPG's throughout his life), particularly mythological ones such as God Eater or Berserk, it's always fun when there can be an alignment between your favorite media. I say this not because I'm going into any spoilers, but more so because it just makes me seem like I'm really deep down nerdy.. If you don't know what I've been talking about.. Sword Art Online - One piece to my mind - on Gaming and Nerd Culture: An Interview with Dr. Minioka by David Vonnegut Hello All! Rudy's back for another week full of amazing gaming content, including new interviews from some very talented individuals! First up we have our latest interview with Dr. Yuri Aoi, Assistant Professor at Yonsei University Korea Graduate School of Business Administration Korean Studies Program. (Yuri) Dr. Aoi's research focuses mainly on sustainable consumption and production models for manufacturing companies. He also works closely with industry actors in developing policies aimed at promoting sustainability within businesses (e.g., green procurement strategies). Within academia he specializes in analyzing business processes based on simulation modeling techniques applied to supply chain management systems. His current research interests include intelligent decision support systems coupled with advanced analytical and computational methods used to explore complex system dynamics. The following video features Dr. Aoi discussing how Japan ended its nuclear energy program due their desire to become carbon neutral, which was accomplished through renewable energies programs like solar power, wind power and biomass. Next up we are featuring some nice reviews over at Kotaku. First they feature a game called Omega Labyrinth, where you must explore each level carefully and overcome obstacles one at a time. This is definitely a cool looking title if you're interested and want something that's a little different than most other games out now. You can check out the whole article here. Then they go on to give a nice overview of Hollow Knight and all of the interesting things people enjoyed about them. Hollow Knight looks great and is certainly worth checking out. The developers even put together a solid trailer showing off the action-filled combat scenes taking place inside the castle levels. Check out the entire preview here. Finally they're giving two more excellent reviews both of them coming from Gamespot magazine. This first one shows off a couple of well known indie titles including Paper Mario: The Origami King, Super Metroid, Shadow Dragon Legends and many others. While these aren't exactly hardcore gamers you'll probably recognize older installments of these franchises on consoles past and present. But do check them out anyway since everything shown off seems pretty promising. From visual novels to platforming adventures, there's plenty of quality options available right now. Of course everyone knows Nintendo has their own Animal Crossing franchise too... although Square Enix hasn't confirmed anything yet either way. Check out Tom Clancy's Big Red Button 2 to hear some exciting news regarding upcoming updates for the online community portion of the game. Big Red Button 2 will soon welcome some major changes as part of a recent update. In addition to adding several new maps and events, Ubisoft announced that players worldwide may get a chance before launch day to help make those improvements happen. Here's a quick recap of what's being done. Since launching last year, Big Red Button 2 welcomed 25 million sessions from nearly 200 countries around the world. In order to keep track of what's working best, as well as fix any glitches, bugs, and crashes affecting performance, Ubisoft regularly conduct extensive user testing that includes running thousands of tests every single month. To show appreciation towards test participants and encourage positive feedback, Ubisoft plans to reward users who participate by offering special unlocked items they won't find anywhere else until release date. As an example, here's what's happening with the map Northern Smoke. As noted above, Ubisoft would like to offer a free cardboard box version of Northern Smoke in exchange for providing honest feedback with regards to maps and mechanics. So far they've received hundreds of emails directly asking them to provide specific information as to why certain areas work better than others. Those responses will then be included with next year's official patch notes.",Bloom-7B,0,4768,753
"The data revolution continues to transform every sector of science, industry and government. Due to the incredible impact of data-driven technology on society, we are becoming increasingly aware of the value that it has in our lives. In order for us as humans to truly live with these technologies, however, there is a need to understand how they work and why they change so rapidly; this knowledge can only be gained through experience. I've worked across industries from healthcare to finance to media production where I've seen first-hand just what an amazing world of possibilities lies before us today due to developing algorithms and AI systems to drive decision making. As I look ahead at my career path going forward I see myself working alongside others like me creating new ways to enable better experiences between people and technology - something I'm passionate about! As part of Humber's Data Science Program you will gain hands-on computational skills by carrying out real-world projects combining your quantitative mindset with business acumen. You'll also get access to cutting-edge research facilities such as: Humberside Business Schools Group (HBSSG) is the largest provider of qualifications based around Advanced Manufacturing Engineering and Digital Technologies within Higher Education in England. We provide students from all over Northern Ireland with a unique learning environment which encourages them to explore their interests, develop their personalities abilities whilst studying towards degree level qualifications. We aim to educate future leaders who have been equipped with entrepreneurial thinking and crucially, employability skills to succeed both here abroad. Our innovative BSc DME programme was developed specifically for professionals involved in the field. It aims to equip graduates with: A strong understanding of manufacturing processes including basic engineering principles along with in-depth expertise in areas ranging from:",Bloom-7B,0,1975,293
"I came to Metro Pizza on the recommendation of a friend who lives in Las Vegas. This place is good. The service was fast and the prices were reasonable. My wife had an appetizer called Wolf Tortoise. It tasted fine, but it did not look as nice looking as I thought it would be from what my friend told me about this particular dish. We got our main courses for dinner: chicken parm and tuna salad sandwich with tomato soup. Neither one of them looked that great either... And they didn't taste like much either! But we ate because there wasn't another option at the time.",Bloom-7B,0,571,106
"There are several different things going on here: Those ""super powerful"" computers tend to run those same games with better graphics than consoles are capable of. When they're first released, you need a good computer because the game itself is so slow that it can't handle all the processing power. So there are two reasons for this: one is hardware and other is software (the original games didn't have much in terms of graphical enhancements). Super fast CPU, GPU: The PCs aren't as fancy but they can do everything faster due to their super-fast processors speeding up the overall performance. (i7 over i5)",Bloom-7B,0,609,103
"Ok, So I have lived here for almost a year...and am not renewing my lease for what I pay here I could get a nice house or town-home in the suburbs for less. It's just that it's an 8 hour drive to work and back..not my cup of tea. I was thinking about moving out after this summer (some friends are getting married) but I'm not sure why i'd want to move again when I've spent all of my money on rent. We live in Westchester County NY, which is 2 hours from Manhattan. If you can afford it though please don't let me discourage anyone who wants to go home:] You won't be able to go anywhere as easily without your job if you leave Amherst Cambridge - there isn't much left of any industry around there now except some medical services pharmaceuticals. Yes, we also live close to Boston! We went there once with our nephew who would like to do medicine at Harvard Medical School! What sort of salary? How many kids? Do people stay very long? What kind of budget do you guys have? Most parents still need their children until they're 18 years old so you'd probably find yourself working a lot longer than most other Americans. When you're young they only really care how richpoor someone is and whether they can buy things or not; by then you're more concerned with education and quality of life issues. I'm hoping that's true because I'd love to raise 3 kids myself (but haven't been blessed enough yet)! With my husband's current income however he's barely scraping by and has no family assets, so we'll see where we end up being financially speaking.",Bloom-7B,0,1549,286
"With the increasing penetration of renewable energy resources, power systems face new challenges in maintaining power balance and the nominal frequency. This paper studies load control to handle these challenges. A mixed integer linear programming (MILP) model is formulated for optimal real time scheduling with minimum generation cost while satisfying system constraints like voltage magnitude limit, activereactive power flow limits as well as electrical integrity requirements such as phase angle difference between buses under the varying loads. The proposed approach considers the uncertainty associated with both renewable energy integration levels and uncertain load demand due to weather fluctuations during winter months. The wind speed forecasting errors are incorporated into the MILP problem formulation by taking it as an objective function term. The full state estimation methodology available from DERs enables more realistic prediction of future dynamic behavior than conventional stochastic approaches used earlier. Further improvement could be achieved if advanced control schemes can take advantage of this information about uncertainties present in the system in order to perform better real-time control actions.",Bloom-7B,0,1234,172
"[title] With the stretch going in your preferred direction, wrap your fabric around your body to gauge the width of your panel. [step] A good rule of thumb is that you want about 0.5in (1cm) between each corner and the stem. The best way to protect a crochet project from damage during storage or transportation is by using an embroidery hoop! They are great for holding up thick yarns and hairpins on projects like scarves, headbands, hats, pom-pom arcs, etc.. My favorite ones come with their own sticky sides so they can be simply stuck into any surface including wood boards and cardboard boxes! FREE Shipping on orders over 25 shipped by Amazon. Your online clothing store will have more than enough ways for customers to pay for what they purchase at checkout: credit cards, PayPal, direct debit, cash, checks - the list goes on!.",Bloom-7B,0,836,145
"On May 21, 2013, NFL owners at their spring meetings in Boston voted and awarded the game to Levi's Stadium. The 1.2 billion stadium opened in 2014. It is the first NFL stadium built on a former public waterfront site. The Game of Champions was originally scheduled for October 6-8, 2007 with an estimated attendance of over 250,000 fans. However, due to concerns about reduced seating capacity and safety issues during Hurricane Rita, it was postponed until after Super Bowl XXXI. Background In 1995, one year before Vince Lombardi died of prostate cancer, Commissioner Roger Goodell attempted to hold this exhibition game between two unbeaten teams (the Pittsburgh Steelers from 1996-97 and Detroit Lions from 1997-98) but found that there were not enough tickets available and so cancelled it. Three years later, he decided to put together another team by combining these same two franchises into what would be called the ""2011 Patriots,"" or ""Patriot Owners"" as they are referred to themselves today. At first the plan involved calling all players and coaches from each franchise throughout the entire season. They worked out practices together and played against other playoff-bound teams such as New England Patriots, Chicago Bears, Seattle Seahawks, Indianapolis Colts, Denver Broncos, Minnesota Vikings and Green Bay Packers during several preseason games prior to beginning training camp in April 2006. Following the announcement of the draft days earlier, however, owner Tom Brady said publicly his intention to throw in protest because he felt being picked ahead of teammates who had been playing without him since 2005 violated a clause in his contract stipulating no player could be drafted unless their coach agreed to let them play under the ownership change - if any of those players chose to do so, then the rest of the league could challenge the new arrangement too. On June 17, 2006, general manager Bill Belichick told reporters the four Patriots ""would consider pulling out if we couldn't play against our old coaching staff"" - referring to the possibility of having both head coaches continue working for ""The News"" rather than leaving behind current personnel members. After gathering information regarding how many seats remained at various stadiums across America, Goodell announced that 24 months notice to host the event should have been given to cities interested in hosting the showcase game. He also wanted each city hosting the Game to provide extensive security measures along with clear communication plans for emergency situations including evacuation routes. In addition, all travel arrangements must be made well in advance of the pre-event period. A few weeks later, GM John Schneider welcomed news of additional revenues generated through ticket sales which included increased television revenue. At the time, standard prices ranged from 40-80 per seat, depending upon location within the building. When announcing the expansion of the field size to accommodate 50,000 people following closing costs, General Manager Jason Licht stated: ""I think it's going to become more like a bowl game than what we've seen up here... It's gonna be very different when you get down here, whether you're just getting ready to go home or coming back to town; I mean they're talking about bringing back some kind of football tradition. You know we're proud of every little bit that has happened here... We've got great facilities, great amenities around us that's really set us apart from everybody else."" Early signs indicated that a number of major sponsors may want to stay with the game instead of competing with the Big Ten Network plans. One of the biggest advertisers of the Patriotas' previous schedule was Coca-Cola whose two-year contract expired soon after the end of the regular season in December 2006. Both PepsiCo Inc. (who sponsored most of the 2009 edition) and McDonald's Corp., which had numerous contracts associated with their respective franchised restaurants, expressed interest in renewing their deals. By contrast, Budweiser Co., who previously extended its deal as the official beer sponsor to the 2011 Patriots, did not wish to compete directly with college sports networks for rights to air other events. According to an article published by USA Today Sports, the majority of appearances on network TV during the week leading up to the matchup appeared to benefit all three parties collectively. CBS claimed 5 million views while NBC reported 2.5 million viewers, accounting for 40 of total media exposure compared to only 30 for ESPN and 15 for ABCFOX combined. Media coverage All five commercial channels aired live telecasts of the game for free-to-air broadcasters: Fox, NBC, ESPN, DirecTV, and TSN. For cable subscription services, either Hulu Live!, iHeartRadio, or Sling Media provided full direct-to-consumer online streaming access via Internet Protocol Television service providers Verizon FiOS andor ATT U-verse. Amazon Video subscribers received exclusive content viewing rights that allowed watching highlights reels, interviews, and original series footage. TLC was responsible for providing coverage exclusively produced in collaboration with the National Football League Films division, featuring personal stories from the 2012 Tour of Homes as well as video commentary from select executives, trainers, athletes, celebrity guests, alumni, family members, and friends of veterans representing the NFL, US Army Corps of Engineers, the American Legion Post 90",Bloom-7B,0,5521,863
"Mark rode public transportation several miles across town. Mark noticed his money had fallen out of a hole in his pocket. With no money, Mark had no way to get home and he was hungry. As Mr. Ripple walked past some students walking on the sidewalk with their backpacks full of school supplies that they might need later. This could be an opportunity for them to give something back to someone who needed it even more than they did now. This is not meant as a short story but rather a reflection by one man about how we can use our time during this month of giving things away to others. I hope you have enjoyed reading my reflections from March 2018, don't forget to join me next week when I will reflect on ""Create Merry"" Giving Things Away - Reflection 7 - April 1, 2018: Time well spent or wasted? What happens if your family decides to donate all items received? Independence Day Dinner - Reflections 5 6: Gratitude makes us happy! We live through another year...time passes so quickly! ""Creating Merry Christmas"" November 24: Thanksgiving......No turkey please........it's too pricey!!! You know what I'm talking about ..... Greetings friends!! Today, after reflecting August 12, 2017 - the Unprecedented Art Walk at Laguna Beach Artist Gallery (LAG) titled ""The Biggest Show In The World,"" I've asked myself why would anyone take part in such an event?? And then I'd ask myself whether being there, witnessing hundreds of people gathering around the walls waiting patiently until the art work was finished, watching their patience rewarded with immense pride knowing the artist worked hard to achieve success while simultaneously feeling sorry for himher because heshe didn't receive any recognition for their efforts andor artistic achievements???",Bloom-7B,0,1754,293
"Cathy wanted to try infusing her water. Cathy decided she would try adding orange zest to her water. Cathy let the water sit in the refrigerator overnight before drinking. The next morning, after having a glass of freshly squeezed juice and an early breakfast while beautiful sunrise filled the sky above our heads, we made our way back down. As always, it was another wonderful day on this island paradise - I can't wait for my visit next year when we will be able to explore more!",Bloom-7B,0,482,87
"Smith, 34, lost WBO title bouts with Arthur Abraham in 2014 and 2015, and trainer Joe Gallagher said Saturday's fight was a ""last roll of the dice."" The Briton has only been unbeaten once since losing to Abraham in December 2013. Gallagher said: ""You're always willing to take on anybody who wants to do it. I think it's one more last try for Smith to get his confidence back after that loss to Abraham. We just want him out there fighting again. That will be my final thought about this fight for now. He'll have made up his mind by then if he's got any left or not at all. It's probably time he did something else as well. He's had enough injuries to say 'I'm finally mentally prepared' but physically he's ready so let's see where we go from here."" Dutchman Deontay Wilder faces Jack Johnson Jr., on Friday (10 July) in Las Vegas for The Ring magazine's annual 'Best Boxing' list - which also includes Anthony Joshua v Tyson Fury, Amir Khan vs Gennady Golovkin, Kubrat Pulev vs Dustin Poirier and David Haye v Andy Ruiz. The top boxers were chosen through a rigorous voting process involving leading figures from around the world including fighters and sports journalists. Wilder took over the champion belt earlier this month following an unanimous decision win over Mexican Danny Garcia and is currently invincible having won 13 rounds straight prior to being stopped due to injury in their famous May 8 encounter. Johnson, widely regarded as Britain's best amateur fighter ever making his professional debut on November 30th 2016 against American prospect Evan Dunham, clocked a six-fight winning streak before suffering two successive defeats in April 2017 and August 2018. Joshua defeated Billy Dib Butcher via split-decision verdict 12 months ago while Fury still awaits a rematch with IBF super titlist Deontay Wilder.",Bloom-7B,0,1828,311
"Kaylee's mommy and daddy told her she was going to have a new brother. Mommy's tummy grew and grew and one day she went to the hospital. Kaylee stayed with us during this time, but now she's not so close anymore because we want him back! We love you baby boy! My daughter loved your story about what happened when there were two babies missing from their home in an apartment complex. They found them both just hours apart...one of them on a sidewalk near where they lived another at the Walmart that week. Both had been hidden away for days. If it wasn't for being reported to police I don't think they'd ever be found. But my youngest son lost his first cousin (and 2nd cousin!) here yesterday....he was born prematurely via CS has cerebral palsy.....at 40 weeks gestation he required postnatal intubation due to heart issues.......his name is Dallas Blackmon Jr. (13 12 years old)..........so sad......: (",Bloom-7B,0,908,159
"Susan's friends all liked to play tennis. Susan did not know how. Susan took tennis lessons all winter. She became a good tennis player. Susan had fun playing tennis with her friend. To conclude the story, Susan was doing better at school than she could have imagined and was soon on track for college.",Bloom-7B,0,302,54
"In 1983, ABC sold KXYZ to the Infinity Broadcasting Corporation. On January 4, 1984, The New York Times reported that ABC, through its subsidiary ABC Video Enterprises, had exercised its option on a new television station in Los Angeles's West Hollywood. It replaced CBS affiliate KSAT-TV (channel 37) which had been merged with KTLA (now KTTV; channel 26). KVUE originally broadcast from studios in Melrose Place and started programming as an independent simulcast of KMPC-FM (AM 1480), Channel 16, starting at 6:00p.m., Monday-Friday. On February 21, 1986, NBC signed an agreement for two additional stations: the second translator of KNBC (Channel 11 now known as NBC A La Carte Network ""KNBC Two"" (NBC2 would receive her license after KQHT was moved into over-the-air digital operation. At first it was scheduled to be located near Telemundo studios south of East 57th Street but later plans changed so that KNBC took up more central location space just north of LAPD headquarters off Vine St. (the current studio is now used by KGED-TV). Another proposed location was nearby ABC StudiosThe Upright Citizens Brigade Theater where the building was then being renovated. With this addition, the networks made their all-news format permanent within a day or two of the move taking place. As part of the deal, the network agreed not to merge any existing counterparts such as WPVI-TV (Channel 7) because there were already enough news affiliates around metropolitan areas. However, some original NBC affiliates did have rival commentators - most notably The Weather Service program which originated out of WABC-TV (Channel 18) until it aired exclusively on TV Guide. Early years KVUE joined the NAB when they began broadcasting sports on April 2, 1990. Unlike many other cable providers, who relied heavily upon contracting local telecasts, NBC owned-and-operated both its own commercial market stations and simulcasted them locally. In particular, NBC ran seven high school sporting events per year including football games between California High School Athletic Association member schools plus interscholastic basketball matches involving teams throughout Southern California. These early sports programs are still carried today under the title ""NBC Sports Tonight."" Since 1995, NBC has begun airing regional productions on weekends during live sports coverage, specifically ""We Got Talent"" where celebrity contestants compete against one another to win access to professional recording sessions. Since 2007, these shows became an hour-long weekly prime-time block called ""Weekend Live."" Beginning May 25, 2009, Weekend Live features performances hosted by Jimmy Fallon, Seth Meyers, Stephen Colbert, Katie Couric, Hugh Grant, Kelly Clarkson and Conan O'Brien. KTVU also provided weekend drive time primetime coverage of major international sporting events beginning in June 2002 with Wimbledon tennis tournaments; since 2010, however, this has been shared with KBRC-TV (channel 23). 2011 expansion In November 2011, Universal Cable Productions announced that International Television Distribution Group (ITDG), based in London, England, purchased 25 ownership stake in NBCUniversal and that ITDG would begin purchasing assets of NBC in South Korea. With the acquisition, KTVU will become a full-fledged anchor station (without foreign language service) of KBS Worldwide BMG (Korea Broadcast Networks), the parent company of Korean-language broadcaster KBS America. As well as providing KlangVu 247 English-language video-on-demand services, KBS USA owns three radio channels, KLLX FM 106.1 (in Detroit), KLAK 105.7 (in Chicago), and KJBH 103.9. While ITDG operated four American flagship stations before acquiring the remaining 21 percent interest, KBBR-NYC took control of those properties shortly thereafter. When KTEL launched analog transmissions December 1, 2012, NBCUniversal decided to keep it operating as will instead acquire KWTS-TV (channel 142). This decision signaled a change in strategy, especially considering the continued growth of YouTube and social media sites like Twitter and Facebook, which allow viewers more information about the stories going down across the globe immediately following a televised event compared to viewing a replay hours later. The sale connected with the sale of ZOOM Entertainment, Inc., the owner of Fox News Radio, which included KSTL-FM 94.3 (Rockford, Illinois) and KLSN-Radio 92.5 (Decatur, Alabama). Beginning July 1, 2013, NBCUniversal assumed responsibility for operations of NBC and UPN affiliates scattered throughout Latin America. That same month, NBCUA acquired 68 years of affiliation rights to KPLT-TV in Phoenix, Arizona, previously held by WRVA-affiliated Mexican-American public television organization PBSI. Programming Following the transition from AMFM to digital transmission, the station added several genres of music, such as DJ mixes, adult contemporary rock and rap music, alternative, country and pop music. The station carries numerous personalities associated with various entertainment outlets, ranging from Jerry Springer and Johnny Carson to Jon Stewart, Anderson Cooper, Jim Jefferies and Sean Hann",Bloom-7B,0,5182,763
"Moana and Carl were together for 6 years. They had 2 kids together, 1 boy and 1 girl. Their relationship has been in trouble for 3 of those 6 years. The problem started when they became parents. In last year's Christmas Eve, after dinner we took them to see a movie called ""It"" at the theater (I think it was Disney Pixar). It is one of my favorite movies ever made! My son said he hated that movie because it's so sad - but I told him if you don't like something then why do you watch it? He agreed with me though maybe his feelings aren't as strong about this particular movie since there are only two characters left alive from the original three. For us, watching things together helps bond our family more even if they're not all that great! Last week it happened again and he didn't want to go alone!! But that's ok too...we shouldn't always need or expect people to be there for each other 247!! As much as possible, try to make time especially during busy times to spend quality time together: Day offs and vacations can be great opportunities for creating memories by doing fun activities together, going on road trips, staying outdoors etc... Have special dinners just for your love ones where everyone gets invited to bring their own dish someday soon",Bloom-7B,0,1262,230
"Dave forgot what he had to say. Rachel was looking at him, waiting. Her freckled forehead creased as red lips scrunched up in frustration. Blue eyes rolled, she shook her head and stared down the road. She looked away from his face for a moment, then turned back towards him with an odd smile on her lips. ""Do you remember me?"" Quinn sighs again. He grips the steering wheel tightly while trembling hands grip the door handle, sweat beading under thin fingernails. Then he looks away from Rachel's features, pulling himself together through effort. ""I'm sorry... I have no idea who you're talking about, or why we know each other. It's just that sometimes when I'm driving home after work - I feel like I've seen you somewhere before. And every time it happens it's exactly like this."" His voice trails off into silence. His breath catches sharply as he reaches over and pulls out his phone. A little ripple of excitement passes across his skin, but Quinn quickly regains control. It wouldn't do any good right now anyway.",Bloom-7B,0,1022,179
"""I'm frustrated to say the least, but very pleased that we've stayed in this division,"" Hodges told BBC Cornwall. ""In a couple weeks time I'll be pleased we're still in it and we'll have another crack at climbing up again. ""I love travelling around with my boys every day coupled with doing something I enjoy like coaching football on Wednesdays after work for our club - it's really nice!"" Hodges is currently employed by Malvern Hills Football Club as head coach of their under-17s team who play district second league games and current season's county cup tie against St Austell Town later next week (in which he will likely feature himself). He also has experience working for his local parish church over the past few years playing an instrumental role in developing youth teams across St Michael's Parish including leading them into winning North West Youth Cup glory last year. ""Last summer was probably one of those seasons where there were challenges along the way but you just had to keep going because then things came together and everything fell right back together again,"" said Hodges. ""The biggest thing I learnt from the whole situation of what happened for me personally and professionally was how much we value life and family when you're competing at peak fitness levels, so you try not to put your kids first while continuing to do all these jobs during the off-season. ""I think through hardship you learn more about yourself than anything else, especially if you're young. And now I've got three beautiful children and I'm definitely thankful that they give me such joy daily! ""I don't plan ahead any further than two or three months in terms of future plans beyond lockdown although obviously we are hoping to get back out onto the park soon so fingers crossed we're looking forward to getting back out there behind the ball again hopefully well before the end of May.",Bloom-7B,0,1890,324
"Dave needed money to buy a drink from the vending machine. There was no one around that he could ask. He only needed a quarter, and he was so thirsty. Dave became angry when some people didn't give him change. They were rude! Dave got even angrier because they kept talking about stuff he hadn't asked them any questions about! He heard something behind him. The man ran away as fast as his legs would carry him. As soon as Dave saw who it was, he began running for what felt like an eternity. ""There you go again!"" said another boy with a loud voice. ""You know how long I have been waiting in line? Don't push me! I'm getting tired of this! You're not going anywhere until you're dead! Like hell... Let's see if we can get out together! Come on, let's run down there. We'll kick your ass!"" The other boys laughed at him. Then someone said, ""Hey, stop bullying our friend by telling us he can't walk up those stairs! It's hard enough walking here alone! Why don't you just help him out and let him climb the steps instead? It won't take long before he gets all sweaty anyway; it will be easier than climbing those huge concrete slabs."" It took almost five minutes to convince David that maybe he should try. And then finally he gave in and helped the older boy move onto a steep stairway. All through that day, David stood beside his new friend; helping pick things off the ground or pushing the bike across town. In fact, every time he met anyone new or encountered anything difficult in life - he thought: ""I'm sure this guy has never done much but sit back, watch TV, and complain. Maybe my problem is really easy compared to hiss; maybe I'll solve mine without too many problems once I've changed myself into a better person. Maybe other kids are just being cruel to make fun of their victim. But hey, why wouldn't I want others to treat me nice? After all, it's more important for me to do right and live a good life. So why aren't everyone else doing the same thing? I always think of these two little brothers' story whenever I am faced with difficulties in life. For example, sometimes I feel sad because nothing seems to work out; I often experience frustration after having worked very hard on something and failed miserably. Sometimes I suffer stress over personal matters such as relationships, finances, family issues, etc., which add fuel to anger toward others. If I keep thinking negatively about somebody, especially if I believe they caused certain situations in my life - then this sometimes causes resentment towards them. But I guess that's part of growing up; experiences lead to heartaches and disappointments. But if we accept that God loves us and cares about each of us (even though we've made mistakes) - and look forward to a bright future where everything works out perfectly according to His plan - we may find less distressingly pleasant ways to handle tough times in life. Just remember these wise words from Jesus Christ: 'My yoke is easy and My burden light' (Matthew 11:29). Rejoice today knowing that whatever comes your way tomorrow brings opportunities rather than defeat. (Spurgeon) I gained weight during college-aged years moving quickly between careers, hobbies, and dating. Mostly athletic bodybuilders gain 20-30 lbs per year while competing for bodybuilding titles. This happened with my first career in physical education teaching high school setting goals [...]",Bloom-7B,0,3408,597
"So I want to premise this by stating that I am not someone that goes to a restaurant trying to hate the food, especially Mexican food which has always been one of my favorites. However it is just so... well, you know. I went with friends for lunch and we made our way through quite an assortment of tacos before settling on these Baja Chorizo Tacos. Now I don't think they were any different than other taquitos I've had in the past however there was something about them that seemed right somehow. The chorizo? Well, it's good but I probably wouldn't go out of my way to order those again (although when they're sold as part of one dish that's another story). But anyway back to these taquerias. These Taquitos are meant to be eaten warm from their griddle pan because once cold or hot outside, your taste buds can't tell what you've got between your lips anymore (unless you're really adventurous like me). 2) In medium bowl combine corn tortillas, shredded cabbage, green chili powder, lime juice, and salt until combined. (If your mixture seems too wet add some more lime juice) 3) Heat oil over medhigh heat in large skillet set aside. Add 2 tablespoons batter at a time into heated skillet allowing each piece to cook 1 minute per side or until golden brown on both sides then flip and let finish cooking another 1-2 minutes. (Note: If using frozen chicken breast cut into cubes will work fine as long as thawed completely first.) As far as I'm concerned all kinds of rice works perfectly here! This recipe serves up 4 people easily though if you'd prefer to serve only 3... Place shrimp into skillet; add garlic clove; sprinkle salt pepper over top. Cook 5-7 minutes or until shrimp turn pink inside. Remove skillet from burner.",Bloom-7B,0,1735,309
"are animated as they speak to one another. The arrangement of the characters in a way that makes them seem like family members is part of this story's charm and helps give it an authentic feel. The book also follows Clover, Jake's older brother who has some sort of dyslexia problem but whose intelligence is simply above average and will do anything he can for his sister. While I didn't find him terribly likable at times (because he's too smart), Miss Chance uses her talented writing skills to make certain scenes extremely emotional and heart-wrenching without resorting to cliches or melodrama. I liked this picture book so much! If you're looking for something lighthearted with wonderful artwork and lovely message about love between siblings then you can't go wrong here! Posted on September 20, 2016 by Trish M. This entry was posted in Picture Books Children's Literature and tagged 2 Stars , fiction, Margaret Atwood, science fiction, YA. Bookmark the permalink. Your post made me think back to my childhood...my first Forbidden Planet was a big hit, though when a few years later we got our own TV they all kind of turned out ""not quite right"" as far as stories were concerned... Thank you very much for your review. I'm glad you enjoyed reading this novel. Hopefully I'll have more time next year to read books such as yours - which are always interesting. You wrote: ""The author writes beautifully, perfectly capturing how both humans struggle to navigate their lives within society while trying not to be seen as 'other' ...""",Bloom-7B,0,1541,262
"Visited with my mother one evening, as Appian Way has been her fave restaurant for many years. It is hard to respect a restaurant that serves cold butter in foil that's frozen solid on the table - but they are the only place I know of doing it. And we've also had great meals at Il Vino (a bit out of town) and L'Etoile du Nord (I tried this last time we visited Paris). I've never eaten there myself but I've heard nothing but good things about them so I'm definitely going to have to check them out some day; Aren't you just jealous?!? You should go back when it's summer... the food will be amazing! We went yesterday because our friend lives nearby:-D This entry was posted in Cherry, Granny Smith, Melon Family Fruit, Strawberry by Katrina. Bookmark the permalink. Browse All: Twentieth century and photography and American and Cincinnati 26 Ohio from 19382F1978 - University of Cincinnati",Bloom-7B,0,894,159
"[title] Obtain an employer identification number (ein). [step] Business credit is tracked using your business name, business address and employer identification number. You may be asked to provide additional information about the nature of your employment with us in order for our records to match yours. The BIC also provides a list of other useful resources that you can utilize when filing a claim for government benefits: Access information on how much money was paid out by Social Security during 2013 through its Accessing Benefits page. For more information or assistance on any of these topics, please contact Customer Service at , Monday - Friday from 8 AM until 5 PM Eastern Time. The following Advantage specialists have been trained specifically to answer questions pertaining to:",Bloom-7B,0,792,126
"Abigail never felt comfortable wearing a lot of makeup. Her friends encourage her to try wearing more lipstick. Finally she tries on a new shade of lipstick. She loves how it makes her look so pretty and fresh. She's walking back home from school when the phone rings! It's her mother wanting to see what kind of dresses are in season at the mall that week. Abby recognizes it's Mommy because they were always talking about clothes while shopping together. As soon as she picks up the receiver, Abby says ""I'll be right there""! After picking out two dresses, Abby walks into the store with them. When she gets inside the customer service representative asks if she would like help selecting the best size for each one. The clerk immediately points towards an assortment of shoes. Abby looks around at all the different colors and sizes but continues struggling to decide which pair will work best on her body shape. At this point, Abigail is very frustrated after spending thirty minutes picking out clothing.",Bloom-7B,0,1009,174
"[substeps] You may notice more flea and tick formulas than ones for mosquitoes. Look more closely at the bottle, as those sprays will sometimes guard against mosquitoes. However, you should only use a labeled insect repellent on your children. Keep in mind that all of these products are not safe to combine with other kinds of bug treatments or medications. For example, do not apply any kind of insecticide before an antibiotic prescription has been completed. No matter what type of product you're applying, make sure it is applied regularly - every day if possible. This helps prevent re-infestation by fleas andor ticks and encourages them to move away from their pets so they don't become infected themselves. While there's no one-size-fits-all approach here, many pet owners like to start off using spot-on remedies when their dogs first come home from being outdoors during summer months. Here's why: Spot-ons can be much faster acting because they're usually just small amounts applied directly onto the skin (just a few drops). They'll also dry quickly, which allows your dog to get back indoors without worrying about getting stung again while still cooling hisher body down by sitting next to him. Pillowcases, blankets, clothing and bedding work well for keeping fleas and ticks away from your puppy while he sleeps. These items aren't hard to wash either, making regular cleaning a breeze. A lot of people prefer to wash everything within reach of their pet after each trip outside; however, this might be tough for some households, especially since most people have multiple pets living together. You could always ask friends or family members who own cats or another breed of animal whether they'd allow you to keep washing their cat beds or clothes instead. These too-tiny spider webs that stick around from preceding spiders may seem pretty harmless but... they often contain pathogens such as bacteria, viruses and parasites. (It could even bring down the house!) Once we see that someone else was caught up in a web, our instincts would probably tell us to run away right then! But that's exactly how the parasitic mite eggs hatch into mites! This happens constantly throughout nature mainly due to its weak immune system, lack of protective barrier over cuticles and exposure to predators and prey. The common symptoms include redness followed by blisters, swelling and peeling eventually leading to scarring. If you want to stop ear infections in your dog naturally, try adding salt water daily or 2 times per week.",Bloom-7B,0,2537,418
"Because evolution works really slowly, and our bodies and teeth are still pretty much the same as they were 10,000 years ago. 10,000 years ago, we only really needed one bit to get around - a tongue. The first two parts of this mouthguard work together to prevent your tooth from breaking if you happen to bite down hard on an object like a rock or tree branch.",Bloom-7B,0,361,68
"On June 16, 2007, ABC began to phase in a new imaging campaign for the upcoming 2007-08 season, ""Start Here."" Also developed by Troika, the on-air design was intended to showcase the network's programming and creative staff as well as highlight key stories from ABC News. A series of posters were designed that featured an image or quotes taken directly off-screen. The most prominent feature of these was that they each had their own person behind them who guided viewers through what might happen next. The Go Network Series In early 2008, ABC launched its first cable news program entitled ""The Go Network"" on Fox affiliate GO TV. In the pilot episode for this blockbuster 24-hour news channel announced 60 million per year advertising deal with Viacom (and of course included two 30-second commercial spots). This deal includes 48 hoursday news coverage at 3:00pm eastern time every day except Sundays. It features all major networks including NBC, CBS, CNN, FOX, ESPN, HBO, BBC World Service etc... just like if you are watching live broadcast but in your living room on your computer display screen!",Bloom-7B,0,1105,184
"In order to mitigate the high communication cost in distributed and federated learning, various vector compression schemes, such as quantization, sparsification and dithering, have become very popular. In designing a suitable scheme for each of these applications, one needs to carefully balance two competing goals: 1) minimizing error introduced during transmission; 2) scaling down data size at the expense of introducing additional errors. Such trade-off becomes even more crucial when we use specialized hardware with low-cost chips. Most previous works focus on reducing the number or dimension of intermediate vectors while assuming that no further measures are performed after sparse approximation is applied (See Table I). However, if the algorithm has been implemented using GPGPU systems which provide off-chip memory access, it may still be possible to perform some post-processing steps such as feature extraction andor dimensionality reduction before sending back all compressed vectors through local buses [9], [10]. Limited results exist addressing this problem [11]. Recently, compressive sensing algorithms [12] [13] [14] [15] [16] [17] [18] [19] [20] [21] [22] [23] [24] [25] [26] [27] [28] [29] [30] [31] [32] [33] [34] [35] [36] [37] [38] [39] [40] [41], especially greedy pursuit methods [14, 15], have gained popularity due to their simplicity and effectiveness. Their main idea can be summarized as: leverage the statistical properties of random projections, e.g., orthogonal projection onto unit sphere, tensor product and diagonal matrices (see Section III), by applying coordinate-wise thresholding with respect to specific loss functions. Since the generated reconstruction signals cannot exactly recover the original signal, they need to undergo certain post-processing tasks including noise removaldown-scaling, de-noising, denoisingresampling etc. A simple example of this approach would include sampling from D-dimensional unit ball using q D subsamplers where 0 q D. Each sub-sampler randomly selects q different locations within its corresponding subspace and projects them into the space spanned by those selected components, i.e., This operation can then be viewed as an embedding process, since any pair of points in R q R D will not always get mapped into the same point on the surface of unit ball -this must inevitably introduce both distortion and in-completeness. To solve this issue, one should apply quantizer followed by nonlinear function independently on each component. The resulting representation ensures that the Euclidean distance between any two input samples remains below 1 2. We call such procedure with 3 sub-optimal but effective preprocessors 'Threshold-Based Vector Embedding' (TBVE). The success of TBVE heavily depends on how well the chosen pre-processor retains information about the underlying distribution of interest. One common way to measure its performance is based upon Mean Square Error (MSE). Because MSE only focuses on the mean value of differences between reconstructed and true values, it fails to fully capture the quality of approximations produced by learned models for most real-world datasets where distributions vary significantly across dimensions. Therefore, although MSE provides useful insights regarding relative capabilities of various approaches, it does not clearly reveal whether proposed model outperforms other alternatives by exploiting higher-order statistics like kurtosis. Another set of metrics have recently appeared that examine correlation-based features of reconstruction signals instead [7] [8] [9] [10] 23, 24, 36, 42]. While there exists a lot of work investigating the effect of different types of norm constraints [11, 43], surprisingly little analysis can be found focusing specifically on singular-value constrained optimization problems that are commonly used in compressed sensing [2-4, 12-16, 19-28, 30-37, 44-47 ]. Yet another metric to assess the quality of reconstructions was developed via network coding theory [29]. Another important aspect that relies directly on design choices made by users is codeword length. Although asymptotic optimality can often be obtained under restricted conditions, practical implementations typically require much smaller lengths [16-18, 20-22, 25-27-30, 31-33, 35-38, 42-45]. Most existing literature considers either fixed-length codes for ease of implementation [3] [4] [5] [6] 17, 29-32, 34, 40-42, 46, 47] or variablelength codes allowing small chunks of zeros [7-9, 11-13, 22-25, 28-34, 37-39, 48-50]. Only few works [15-19, [22] [23] [24] 26, 27, 33-36, 52-54] consider non-uniformly truncated codewords, however neither scalability nor convergence guarantees were presented so far. Although less efficient than uniform truncation, it appears preferable because it allows us to better preserve the original structure in the training data without degrading generalizability. Finally, besides theoretical considerations, several recent papers propose many concrete ways to implement vector compression [13-15, 18-20, 21-23, 39-41, 55-57]. In addition to above mentioned challenges, our preliminary experimental evaluation revealed that TBVE alone can achieve similar accuracy compared to state-of-the-art deep neural networks trained on raw data. This result suggests that whenever TBVE and CNN converge simultaneously towards solution spaces lying close together, it likely happens at lower time complexity thanks to the inherent parallelism offered by convolutional operations. Based on this observation we hypothesize that combining the benefits of deep neural networks and vector compression techniques could lead to significant gains in terms of speedup, generalization and training",Bloom-7B,0,5742,819
"Saltiness is one of the five basic taste sensations. This means that when you add salt to something, you are activating more of the taste buds on your tongue. Because salty foods make us want watery saliva and noodles increase the production of saliva in our mouth, filling up with fluid. Due to their low fat content and high sugar levels, soda can cause a headache or migraine by causing inflammation within the brain cells as well as blood vessels. The excessive amount of carbonation will also create an excess of acidity which causes damage to these same cells and capillaries. The main reason why coffee is considered healthy is due to its caffeine content - it stimulates the nervous system so we feel alert and awake for longer periods than most people would expect from just drinking tea. The main problem here though is how much we drink - if too many people ingest this type of substance regularly (including children), they could suffer from anxiety disorders such as depression. Fruit juice might be beneficial but only because there is vitamin C present as part of some varieties. However, what's missing in fruit juices is fibre since it's often removed during processing before being put into bottles at your local supermarket! Fruit juice has been linked with obesity and promotes weight gain over time, even after stopping taking them. Coffee contains antioxidants and flavonoids like catechins; however, consuming three cups a day doesn't really help you lose weight in the long run. Rather than focusing solely on coffee you're better off eating whole fruits and vegetables instead! It certainly seems logical - less calories less weight. But while planning menus based on a certain number of calories per kilo can seem helpful initially, regular dieting leads to malnutrition. In fact, low-calorie food may actually lead to unhealthier choices later: Calorie restriction encourages overeating once restrictions have been lifted, leading to weight regain.",Bloom-7B,0,1975,323
"I'm not a native english speaker so excuse me. Alright, it seems like in this world there are only the good things and the bad things, the black and white, for example. I saw that you were making nice pictures of your friends at school but I do think they look better on paper than those photos from Snapchat because we can make more changes to them. We could change their pose or even make up new faces for them with other girls' images or something (if you know how). But for these snapshots I feel it's too fast and there's no time left for us to prepare our own picture. In my opinion people who take many shots tend to have less creative ideas about what to write under each photo.",Bloom-7B,0,686,132
"Fresno has three large public parks, two in the city limits and one in county land to the southwest. Woodward Park, which features the Shinzen Japanese Gardens, numerous picnic areas with fire rings, an amphitheater for concerts (mostly free); the park contains a golf course designed by Jack Nicklaus. Crime In 2016 the crime rate of Fresno was six times higher than that of Portland: 22,166 per 100,000 residents compared to 968. On March 6, 2017 there were four fatal shootings at two separate locations within 25 miles of each other during the morning commute from Citrus Heights to Arcadia. The first shooting occurred on Interstate 5 near I-5US 101 interchange when a 19-year-old man crashed his car into traffic while fleeing police after a report of a homicide. He died as he was being transported to hospital. At least 10 people had been shot before the driver stopped running away, but only eight survived three critically injured. A second shooting followed just minutes later at the intersection of Oregon State Route 12 and B Street, where another 21-year-old male had allegedly killed himself after killing a woman and injuring her boyfriend Quick reports described him as having ""shot 8 victims then firing upon himself."" The third incident took place around 11:30a.m., shortly after word spread about the earlier two incidents through social media apps like Snapchat. A 27-year-old man driving with his gun out unlocked and loaded approached a vehicle coming up behind him; the victim pulled over and fired several shots without hitting anyone, according to authorities. Police said they located the weapon inside the vehicle, which they recovered moments later using dogs trained specifically to sniff guns. Authorities searched the vehicle and found nine empty shells along with a.50-caliber handgun. They say the suspect drove off immediately after the shooting but managed to get caught down the road in Henderson County. The suspect's name and age are not yet known. The fourth shooting happened early Friday afternoon starting around 1:00 p.m. as a man pulled into an arcade parking lot wearing dark clothes, a hat, face mask, gloves and black sunglasses. According to witnesses, the man walked forward towards them, holding something covered under both hands. As it turned out, what ever object he held was actually a semi-automatic rifle and made several rounds toward the ground until it struck a van blocking the street ahead - sending metal flying all over. Fourteen people - including three children - got hit by the bullet. Two people who didn't have any injuries were taken to hospitals for treatment; someone else whose status is unknown went home. The shooter ran westbound onto Van Ness Avenue, stumbling across some pedestrians walking southbound toward their homes. One person, identified by her soon-to-be husband, told local news station KTVU she saw the armed attacker run north-bound through the tunnel underneath the Avenue. She reported seeing the man fall to the sidewalk, apparently bleeding heavily, and heard loud screams from above. An officer nearby called 911, requesting medical assistance. Medical personnel responded and attempted resuscitation on Kathy Lucas Jager, 67, who appeared to be suffering a cardiac arrest, until paramedics arrived and performed cardiopulmonary resuscitative measures. Both officers and medics remained present while doctors worked their magic, although no indication of life was observed. In spite of these improvements, LUCAS GERARD JAGER passed away sometime between 1:31 pm and 2:42pm. According to state law enforcement officials, those involved, or impacted by such events could file complaints against police officers if they believe that officers' actions hurt them personally andor financially; however, this would require filing a civil lawsuit, rather than simply making a complaint online or calling the police department directly.",Bloom-7B,0,3922,618
"Transactions carried out in European markets were previously recorded in Luxembourg, with which Amazon had a low-tax agreement. Now sales made through subsidiaries in the UK, Germany, Spain and Italy will be reported to Revenue by London. Amazon also announced plans for its new headquarters building at Canary Wharf as part of this expansion plan - it was designed to accommodate 10 times more employees than what is currently available on site. New York In 2012 Jeff Bezos purchased one third stake (40) in Whole Foods Market Company from former CEO Brian Olsavsky. On August 26, 2017, they sold their 40 of the company again to SoftBank Group Corporation who bought them back two days later for 9bn On March 12, 2019, The New York Times reports that Bezos has been pushing his wife MacKenzie Phillips to exit her role as co-founder of nonprofit digital education charity OneWorld Education because he wants to focus solely on space exploration. Personal life Bezos has three children: Jack, Mackenzie, and Lauren. He resides in Seattle with his family. In 2005, he married MacKenzie Bezos, a writer who co-wrote several books about him including A Hard Day's Night: My Life With Bill Gates and Bigger Pockets. Their marriage ended in 2015 after 25 years together; she became an executive director of charitable organization Blue Origin, founded by Bezos.",Bloom-7B,0,1357,224
"Stanford Pupper is a robot designed to help students get involved with robotics research. It costs around 600-900 to build, depending on if you already own existing tools or parts, and it can be used for teaching purpose as well. The Stanford Pupper has an Arduino board inside the body of the robot that controls many different motors; including turning wheels and steering pitch and roll. It also supports 3 kinds of sensors: ultrasonic sensor (for obstacle avoidance), infrared proximity sensor (to detect objects in front) and camera. Most importantly, it's equipped with WiFi-and Bluetooth-compatible communication modules allowing people outside classroom to control its movement remotely via software running online using their mobile devices or computers. This makes it possible to test computer vision algorithms developed by teachers at University without having physical robots available. Here's how I built my 3rd-generation miniature motorcycle for making LEGO Minifigs fit into smaller spaces like car compartments.",Bloom-7B,0,1029,154
"Jenny was starting Kindergarten today. She told her mom she was excited, but Jenny was shaking. She wouldn't leave the van, but her mom made her. One Jenny got to walk home alone and one with Mom. We need a bra for each of our kids that will fit their growth over time. (I know they're all in different stages right now). Today I checked out three on Amazon and while we can get them at Target or Wal-Mart as well, it's not just about getting it cheapest. They have to be comfortable, they have to stay put without moving (for my oldest daughter), they should last many years, and most importantly they must fit properly! This is what struck me as cool: Today's babies are all born wearing stretchy clothes! So why do you think these pants were ordered? Because those baby girls can't control themselves yet? Today I found this video which shows children playing in an empty playground along side the freeway in LA. It makes me sad because when you drive down there your ear plugs become quite useful! It was so cold yesterday that we had soup tonight after dinner rather than dessert. I decided to make homemade chicken noodle soup since I've been experimenting lately with various recipes using ethnic ingredients. This recipe came from Black Forest Chicken Soup. Preheat oven to 400 degrees F. Combine flour, salt, pepper, garlic powder, parsley, oregano, thyme, milk, stock, yogurt, water and garlic cloves in large bowl. Whisk until smooth; set aside. Cut up pieces smaller than 1-inch cubes; toss in egg mixture. Divide among bowls. Sprinkle cheese evenly around bottom edges. Bake 10 minutes longer, until bubbly. In addition to the meal plans listed below, here are some additional ideas based upon foods you may like andor find easy to prepare yourself: These recipes take only 5 minutes to combine and cook. Remember, that cooking takes less energy than eating and tends to promote weight loss. In fact, it has been shown by scientists that if you eat more meals instead of fewer calories per day, you'll lose much more pounds. All of these menus provide nutrients necessary to build healthy bones and muscles, as well as proper levels of vitamins and minerals essential for good health. These diets also help protect against disease such as cancer and heart disease, and increase longevity.",Bloom-7B,0,2301,397
"O' celebrate! Luna, Diana. Our most wise and clever ladies. They Led us to the hidden land, on the only moon of terra firma. nbsp; Mica, mica parva stella. Return, return when you are near, for nevermore will I be alone again. Nemo: do it! Dive in after him! We can't leave without our fishes! (They dive into the water.) Luna (to Nemo): Since yesterday night we have been searching through this ocean trying to find a way out. And now that we're here what shall we do? Mica: The sun is right behind me. (With her hands she creates a circle which turns inside around itself.) Diana: Now I've got the feeling it's just as easy to go up than down; but we'll try anything anyway! I'm not sure how they manage those dives - surely they've had some training before starting on one of these missions...but if they're newbies anyhow then that's why they need help getting back up?",Bloom-7B,0,873,161
"wow! What a surprise this resto was for me. I have been to the Outback on Sunset and Green Valley and do not remember it to be anything like this . The food is topnotch, authentic, very healthy., with fresh ingredients always being used in preparation of each dish I really enjoyed my experience at El Dorado ranch today! The food is delicious! My daughter loved her salad greens. She said they were so yummy! My husband loves steak...and he didn't mind the fact that there are no bones or meat removed from his steaks!!! He told me how good the sauce was too!! My wife ordered 2 large orders of pizza (one whole wheat, one pepperoni) - which she had never tasted before!! They knew exactly what we liked without ever having met us....so sweet:) We got our milkshakes too and decided to order them frozen as well - because when you order them right away they freeze up quickly. We just put them back into the freezer after getting home.",Bloom-7B,0,936,172
"An eight-year-old has discovered a way around her Apple Screen Time limits by using the iMessage App store. By accessing YouTube through the iMessage App store, the girl was able to stream videos she didn't need parental approval of. The new iPad Pro is an extremely powerful tablet and offers technological advancements over previous models but does it cut out all other functionalities?",Bloom-7B,0,388,63
"For a silkier finish, apply a conditioning hair mask to your dry locks. After ten minutes, rinse out the treatment and wash your hair with a cleansing shampoo. This will leave you with silky smooth strands. If you're looking for something quick but effective that does not contain any harsh chemicals or artificial fragrances, then try applying baking soda directly onto your scalp before washing it off. The sodium bicarbonate in this ingredient neutralizes excess oil while promoting even distribution of moisture throughout your entire head of hair. Follow up by using a gentle conditioner on dampened hair after 20-30 minutes (depending on how oily your hair is). Wash your hair at least once per week if it's very dirty andor greasy to prevent buildup of dirt trapped between your fibers. If you have natural curls, brush them through gently to encourage their recovery from damage caused by sun exposure and other factors. Avoid using hot water when taking care of the health of your tresses. Properly rinsed out products are more likely to bond with each strand as opposed to being washed away easily. Go to bed using wet hair rather than drying it completely because residual moisture may lead to further dryness during sleep. To avoid splitting ends - which can result in split ends from overheating - the best way to style your hair is by pulling back some sections into tight bunches and securing them tightly with bobby pins or elastic bands. We're loving these DIY options! We wish we could all do everything ourselves but sometimes investing money in quality haircare products just makes sense! So go ahead and let us know what your favorite tips for healthy hair growth are below. What kind of ideas would you like to see?",Bloom-7B,0,1737,296
"This is a good restaurant but the staff are extremely lazy and cold except for 2 ladies that work there if you plan to go there you'll be waiting for another hour or more even when they have other customers coming in. And don't expect them come out with your order quickly. The food is too expensive, we ordered chicken dish, it was not hot, also our cheese cake wasn't fresh. The service is slow Really delicious vegetarian fare- no meat fish etc. But still lovely flavours! I had some of their signature dishes which were really yummy! We ate here twice now - quite pleasant experience both times. Service is very friendly (although sometimes very rude). Food tastes excellent, portions big enough for two people eating together on an evening meal without being overdone. Would definitely recommend.",Bloom-7B,0,801,138
"The boy was kind. His smile lit up the room no matter how dark it was, his eyes shone with a warmth that matched his surroundings, and he always believed in me when I told him to. I remember sitting on the ground outside of my house one night as the rain pounded down upon us. The wind picked up enough speed for our umbrellas to be blown over by yet another gusty breeze before they could even get out from under them. Outside, there were only two other people who did not have their own home or family during this time period: My parents had been separated since I turned eight years old after an incident at school involving drugs and alcohol. By now you can imagine what happened next because you're probably reading this along with millions of others. I'm guessing drug use is something we all know about but are too afraid to admit publicly? But if I thought so then you'd better believe it's true! Well, back then, these two kids went through hell together like any good friends should do. (Although that's more than likely why they're still well acquainted today.) At first things seemed pretty simple; little fights between brothers (or sisters) that would escalate to full-on warfare until each side realized one thing - They didn't want to lose.",Bloom-7B,0,1256,226
"So if you're a nation, big corporation, or a person who has a job of investing the retirement plans of thousands of people, you sometimes have the problem where you know something's happening in some business but there aren't any hard facts to prove it. And so I think it's really important for us as Americans that we try and be careful when we're making decisions about whether this is an entity worthy of our trust.",Bloom-7B,0,418,76
"Pinch the handle between your thumb and the length of your middle finger. Place your index finger flat against the spine of the blade at the knife's center of balance. As you pull up, put pressure on the handle to ensure that it will not twist. Slowly rotate the knob clockwise in a circular motion until you feel resistance when unlocking the full lock position, which is also called a quarter turn or self-closing system. Once locked closed, do NOT use any force other than pulling this handle inward as described above; otherwise, you could break the locking mechanism! If you need to open another compartment door (knuckle), hold it about eight inches away from the inner face of your body with one hand while using the other to push down firmly on the bottom half of the front pocket guard. If there are no extra compartments, then simply place both hands over the area where the back pocket opens up into room for an additional location to help keep things organized. The final step before closing your bag is to check whether everything inside has been removed properly by turning the latch once more. The liners should only be used if they look like they'd be able to protect valuable items better than what you've already packed!",Bloom-7B,0,1238,218
"Theo loved to collect art. He went to an art gallery and bought a picture of a rose for 1,000. When Theo brought it home, he hung it in his living room wallpapered with black-and-white checkerboards. Then her mother showed up wearing the same checkered shirt that had been hanging on the wall behind him. Later, she gave him 500 more saying ""You want me to buy you a painting? That's not possible! You don't have any money left after buying food."" The next day, when she came back from school again, she asked if there were enough coins because she wanted to pay her electric bill at the gas station. She was told ""The watermelon isn't working today so we haven't paid. The bread doesn't cost anything anymore; they've stopped selling butter. We didn't even get a slice yesterday. If only I could find some coins... but it's impossible now. Don't worry about it. Goodbye.""",Bloom-7B,0,872,156
"In partially observable (PO) environments, deep reinforcement learning (RL) agents often suffer from unsatisfactory performance, since two problems need to be tackled together: how to extract information from the raw sensor measurements and how to learn a policy that is robust against unseen states. We propose an approach where both these challenges can potentially be addressed separately using uncertainty quantification techniques. We introduce uncertain rewards which are obtained by adding noise drawn from a probability distribution of some fixed known form to standard reward signals used in RL models such as Q-learning or actor-critic methods (e.g., model-based approaches). While we initially assume no prior knowledge about this underlying probabilistic process, later sections investigate ways for constructing transformers (or estimators) over noisy observationsactions leading us back to our initial point if certain assumptions hold. The main contributions of this paper are: A novel formulation called unknown unknowns allowing combining any number of different types of objectives into single ones; An alternative view on sparse uncertainties considering them as a restricted class of functions instead of vectors of coefficients; The practicality of utilizing observed distributions as cost functions through variational inference algorithms and its application to linear Gaussian cases with appropriate choice of conjugate priors; Two numerical examples showing advantages and limitations of proposed approach compared to existing policies designed under complete observability conditions while maintaining comparable levels of complexity. Related Work Unfortunately, typical real-world scenarios often rely not only upon exact but also uncertain sensory inputs [1, 2]. Hence they require dealing simultaneously with measurement errors and incomplete sensing [3, 4]. This issue has been tackled mainly within structured uncertainty modeling settings [5, 6], however similar developments have recently appeared in machine learning [7, 8]. The classical problem of estimating parameter values (called state vector hereafter) based on sensor readings tasked with reconstructing an original signal [9] [10] [11] [12] [13] [14] [15] [16] [17] [18] [19] [20] [21] [22] [23] [24] [25] [26] [27] [28] [29] [30] [31] [32] [33] [34] [35] [36] [37] [38] [39] ] was first studied in mathematics literature. However, it became popular when researchers started studying problems related to sensor networks [10, 11, 13-17, 19-22, 24-27]. In particular, several papers investigated estimation of intensity values associated with discrete events such as 'facts' [17, 18, 27] or'signals' [19] [20] [21] 25, 26, 29, 31, 32] at locations registered in map-like structures containing positions of sensors andor acquired data points. These studies were motivated either due to physical constraints -sensing devices being limited in field-of-view -which led authors to seek solutions involving artificially constructed maps or even approximations thereof [19-21, 23, 33-35]; or because there existed a background dataset available with corresponding ground-truth values of interest beyond the scope of those generated during experiments [27, 37-39] (see Section 3 for more details). Besides basic reconstruction tasks where one aims to determine the true value of each individual variable (sensor reading), many other problems attracted attention during recent years (including ours). Most prominent among them include classification [18-20, 22-24, 28-30], tracking [16, 17, 38, 40-42], and localization [6, 7, 9-12]. Regarding location estimation specifically, Li et al. (2014b) considered position prediction as a regression target exploiting features extracted from convolutional neural network outputs [8]. They introduced an advanced technique named deterministic finite-state automaton ensemble based regularized least square predictor (DFSERLSP), which treated estimations as random variables operating according to Poisson distributions conditionally independent given their previous results. Later research focused entirely on minimizing mean squared error estimates while taking into account various regularization terms [8-10, 12-14, 16-18, 20-23, 30-37]. Another interesting branch of work lies within probit regression framework, including construction of function approximation models (basically logistic regressors) trained on labeled training samples [41]. It turns out that simple nearest neighbor strategies may suffer from poor generalization properties especially when utilized in high-dimensional spaces [43]. Thus interpolation schemes focusing on obtaining optimal interpolants between nearby training samples may perform better than k-nearest neighbors whenever applied properly [44]. Another relatively new method was devised by Landsbergis and Carbin (2016), incorporating softmax output probabilities of SVM-classifiers derived via binary tree search algorithm [45] into probabilistic predictions produced by joint posterior densities estimated via Monte Carlo sampling procedure [46]. While most works aforementioned concentrated primarily on solving localization-related problems arising at nearly stationary environments, others dealt with non-stationary targets moving randomly inside some region specified by spatial grid or roadmap created beforehand based on expert knowledge [9-11, 14-16, 21, 44-46]. Van den Broeck et al. analyzed topographic obstacles obstructing wireless communication channels determining whether these ought to be allowed to pass through without exceeding specific speed limits defined before according to adopted traffic laws [11, 15]. Apart from purely theoretical considerations mentioned above, numerous experimental validations of proposed methodology took place using datasets collected by mobile robots equipped with suitable hardware systems [13-15, 24-26, 48-50]. So far, most of them aimed to estimate the 3D coordinates of objects stored in memory along with identities of their owners, i.e., humans walking",Bloom-7B,0,6073,829
"I believe it had something to do with intentionally not giving them numbers that correlated with how many we have. Otherwise by knowing there's a 75th, they know we have more than 50. One possibility is the cost of producing the number and then making sure it's accurate. (Maybe this was done for the Cubs because they're getting complaints about their statistics.) Another possibility is that people like to be surprised when they see totals too high or low (at least that's what I think). Another interesting thing: in MyTeamMeasures on MLBTR there's no mention of anything on SS rates.",Bloom-7B,0,588,100
"If you have thick hair, make sure it is long enough to go around twice. [title] If you have any small strands of yarn, tie that around the end or use a rubber band. To finish your needle free beanie, pull together all ends and sew them down with double pointed needles (or pins). You can also leave some extra thread out if you want even more texture! This project uses two different colors for each section so there are no seams on the outside! This makes this hat super easy to wash too - just pop the finished part inside out while washing in cold water, let dry then put back into place Threaded through both sides of the hoop over about 12 inches from one corner and pulled tight at the top",Bloom-7B,0,695,134
"Louis loved alligators. One day Louis decided to capture an alligator at his local pond. Louis took the alligator home. The alligator was too rough to keep as a pet. He would be better off in the wild. The next morning, when Louis woke up he found that all of Louis' clothes were gone! This is where the story takes on another exciting twist! This book has lots of interesting vocabulary words including - big and little - tall and short - long and tight - noisy and quiet - loud and soft Through this interactive song children can learn about how we get different sizes of shoes through evolution time after time. Listen carefully and let your child point out all of the differences between each pair (as they go) but don't ask them what size it's really like because the illustrations will do just fine for now. In this fun activity you have to find pairs of pictures which match or mismatch so that you're left with 12 pairs showing identical items or 5 matching sets with 1 mismatching item or 6 matches followed by 3 mismatches etc..",Bloom-7B,0,1038,190
"Do you know why vehicles and cars are shaped streamlined? When an object moves fast the air has to move around it to get out of the way, this is called turbulence. Adding a hood or any other form that blocks the view makes the shape appear smoother. A big part in designing car silhouettes starts from observing how they look on different surfaces. Like looking at them when it's dry versus wet, dark-colored objects versus light colored objects (or vice-versa), etcetera! The next step begins with sketching your design idea onto paper using various techniques. You can use pencil, eraser, pen, markers, crayons, digitally modifying drawings... whatever works for you! Straight lines help establish volume so try building up shapes slowly until you're happy with where everything will fit together visually. Then draw some reference photos as well, which we'll talk about later. Finally transfer those ideas to your CAD software program such as AutoCAD or SketchUp depending upon whether you're working within a 2D or 3D environment respectively. One approach for creating designs like these would be to work directly into a project management tool like Microsoft Project's Task List functionality. This might seem less convenient if you want to just do things manually instead but there are many advantages: It saves time by eliminating the need to make multiple copiesversions of sketchesdrawings before sending feedback to designers You're able track progress more easily because all data related to each task appears right inside one place accessible via computer, tablet or smart phone For example, let's say you create a photo file along with its associated information in parallel with the vehicle sketch version - both versions of info are saved and organized under their own files. Then I send the photo back to my designer alongside another version of my design drawing. This allows me to quickly see what her opinion was regarding our concept based on original images sent back to us through mobile devices connected to computers running Windows 10 where she had access to the same shared space. I could also add notes or suggestions for improvement at every stage while always having control over who gets approvals first. And most importantly I'm saving money since printing costs go down significantly due to increased efficiency. As mentioned earlier, not only does digital technology save time but often provides better results than traditional methods too. Yes, even car manufacturers tend to prefer rendering and modeling services done entirely online today rather than physically visiting production facilities.",Bloom-7B,0,2631,421
"But the BBC drama - which celebrated its 30th anniversary last month - was beaten to the TV soap of the year award by its ITV rival Coronation Street. Ant and Dec, who co-star in the show as Sargeant Blankenship and Annie's father Cliff, were delighted with their victory. ""It's an honour for us boys... it's a dream come true,"" said Ant, 49, making his final appearance on Saturday Night Live this Christmas after 12 years hosting the annual comedy night at London's Apollo Theatre. The new police officer and Home Office minister said: ""Maybe (the programme) is about where we came from but it should tell you something more than that because we're all such diverse people here at home. It's not just Greggs - or even John Lewis... there are so many different places they can go into now. ""The things we've got going right today have been built on those kind of foundations back then. That goes for our country too: your greatness doesn't happen overnight! It starts with one person doing what he thinks needs to be done. And that's why you're so proud of them - they're still being remembered today! ""This year's awards made me think very much like my character Frank Mullen does when he's cleaning up the mess left behind by someone else, trying again and again to make sure nothing gets lost. ""We know how important'showbiz' has become. So let's use today's celebrations to take stock of what's happening in Britain since 1984. Let's remember exactly who did what and why. Let's keep celebrating everything we've got going well - including bringing the Queen down here every five years. But most importantly let's keep looking forward. Because there's always another day coming tomorrow."" Ant also thanked Rev Chris Eadie, headmaster of St Andrew's Church School, Cowley, Surrey, whose James Bond novels inspired Sean Connery to audition for MI6 recruiter Pierce Brosnan.",Bloom-7B,0,1876,320
"For Christmas, we decided it would be a good idea to get a new puppy. We went to the pet store to look around and choose the one we wanted. I walked out with our home made toy box full of dog toys. A few weeks later my mom got us another little girl named Kelsey because she was an orphaned baby who had been rescued from her mother's boyfriend when he found them in their house (I think this is what happened). The only problem was that she didn't have any teeth yet! We took her everywhere but at first no one liked her cause they thought she might bite so we put all kinds of stuff on her collar like rubber bands or socks to keep her away from people...mostly just for fun!",Bloom-7B,0,677,135
"RA sushi is so-so for sushi. It's not spectacular, but usually not terrible either. A group of us (7) came on a Saturday night and while we expected a wait time, the tables were ready before we got there. The food was average at best - mediocre quality rice, none to no water in any sauces or vinaigrettes, unappealing presentation. We ordered from common choices: California roll 4 pieces extra seaweed 2 rolls each of salmon, tuna, mentaiko salmon, red snapper, halibut and octopus. (Aside from the red snapper which tasted like cactus I have never had that much tastebuds blow up eating fish)",Bloom-7B,0,595,104
"Nothing has ever worked out the way I planned it. I gave up on planning. I have lived too many years over and over again and I know now that if you plan, something always happens to ruin your plans. I would like to live a life without regrets but unfortunately there are none of those so I can only embrace what is before me with an open mind. There was a time when things did not work out in my favor or don't turn out as I expected them to be... Now I'm happy because then there were no regrets left behind. Now it's all about being comfortable where we are, connecting to our loved ones and making sure they're ok. You never really lose anything until you say goodbye ... until you're ready to let go and move forward. Sometime's people will find their best selves while being themselves around others who appreciate their uniqueness This entry was posted in Be Happy!, Being happy., Deep Thoughts and tagged Acceptance, Happiness by S T. Bookmark the permalink. We've heard from a lot of readers at this blog who want some help sorting through the current chaos that's been caused by COVID-19 for both individuals struggling financially...",Bloom-7B,0,1143,207
"strokes the fire with a stick and continues to let it burn. If you are there, do not scold him for it; I am sure he does so because he is afraid of his father; but if you are far away, come near me as soon as you can. I beg your pardon that I have written in such haste about this matter, but the affair has been troubling my mind all day long. Your affectionate sister, MARGARET WASHINGTON. [Footnote 2: The elder Gage senior was killed by an Indian arrow on December 31st, 1706. Life, p. 324.] CHAPTER XXVIII. THE DEATHS OF ELIZABETH AND HENRY. Death of Mrs. WashingtonBaptism of MargaretDeath of her grandson and heirThe marriage at Hanover HouseMary's bridal dressesA religious quarrel arising between Mary Loyalist and Anne's friends. The death of Lord BaltimoreEarly history of New York colony, colonies settled elsewhere in America: Virginia, Georgia, Carolina, Maryland, North Carolina, Florida, LouisianaAnne goes to Staten Island, where she builds a houseDeclaration of independence signed by George III.Prosecutions of Meriwether Lewis and William Clark Meeting of Congress at Philadelphia, its first acts: repeal of the colonists' privileges, establishment of the Continental army: war declared against EnglandIt may be"" plan adopted concerning peace. All these events occur during the years engrossed by domestic cares and banishment from home due to political troubles. Mrs. Washington had endured many hardships through life, much privation and anxiety. She lived almost entirely upon bread made of potatoes; yet the good lady was ever well fed and always took plenty of exercise. Her husband died suddenly one morning April 1st, 1704, leaving her sole heiress their only child Eliza Ann. He did not live very long afterwards; she received news of his death while being carried home on her mother's arm, in November, 1705. She ordered another funeral, which cost twenty-five pounds sterling. This sum Henry could scarce spare since taxes increased every year more than before or were incurred sooner even then. Inasmuch as he was now obliged to pay tribute in addition to the quarter-sessions, his debt increased greatly. When things went badly with government men were forced into exile abroad, and therefore Elizabeth Governor Harrison could not send money regularly to help poor mother-in-law out of her needy situation; and Mr. Carteret, who met with some success under the new government, making himself indispensable to the King, also refused to give her anything until she consented to join the party opposed to George II.; although he afterwards presented her with a purse containing fifty pounds, ""for two reasonsit seemsthat ""God would make use of it"" (or perhaps merely that it might provide food for those whom God should send) ""and likewise that it had cost fifty pounds"" (not including a few grocery parcels).[A] Their son John came down to see them every Saturday when they didn't want any visitors. While he stayed there he was kept involved in various plots of ill consequence, but nothing harmful arose out of what passed between Martha Washington and Thomas Jefferson when John left. Afterwards, seeing how bad relations existed among both sides, particularly on account of rumors spread by certain people which were wholly groundless, Captain Hamilton advised her never again to go up to Mount Vernon unless invited otherwise by each family member. But the old lady's idea became general knowledge; and she still persisted in coming there without having even seen anybody except John. On Sunday afternoon April 26th, 1707, Martha called Hannah along, followed by her servant Josiah, to attend services in the churchyard. They found Mrs. Washington in her grave, surrounded by four American coffins covered with cloth, and one blackened beyond recognition from smoke caused by burning sticks put into the mouth of the pit. It seemed probable that several bodies might have fallen therein together. [Illustration: THE GRAND FALL IN AMERICA AT AN EXAMPLE FROM OUR LEGENDARY FORGOTTEN MARTYRS.] For fifteen days no word reached them; but finally Josiah ran back home with the sad tidings. At once Hannah sent out Andrew Clifton, Thomas Jefferson and other neighbors to search for the remains of their dead mother. They succeeded in recovering one body, which was wrapped in the black linen cloth of the latter half of the 17th century, unmarked save by small wooden crosses placed above it. There were six others lying side by side beside her, apparently in the same state as herself. Two were",Bloom-7B,0,4524,739
"I didn't know this is where I would end up. I didn't ask for this. It all started with one stupid mistake that got me here. About a year ago, after being raped by some drunken drunk in this bar, I ended up pregnant and decided to have the baby because no other way was open to me. But when it comes down to it now... I can't live as an ordinary person anymore. I've never been able to stop myself from thinking about my son's father. Stupid heart! How can you think of someone like him? He may be very rich but he's also so mean and cruel! His parents are probably evil people too! The only thing I'm willing to do right now is to give birth to the child. Once it's born though... I'll leave everything behind and just run away somewhere far away. But how? What's wrong with my body? I've lost control over my own life. The worst part is that they're going to keep trying to take care of her even if she doesn't want them to. I could put on airs while pretending to stay calm but then I'd become agitated again and start crying out... My husband finally left us not long before our daughter passed away. It's hard enough taking care of this little girl alone without worrying how things will turn out financially next month or what kind of childcare arrangement we should make when she's old enough to understand why dad isn't living there any more. Asking to borrow money from my dad wasn't much better since he'd never said he wanted anything back once we'd paid off his loans... So I sold most of our stuff online and moved into rented accommodation until we found something good enough. Somewhere around two years later, my boyfriend realized what's happening after seeing pictures of me walking along the beach at night. He's tried to talk to me many times but unfortunately every time we've talked afterwards, there's always some new argument starting between us.",Bloom-7B,0,1869,344
"The success of any pathogen depends on its ability to elude host immune responses. Therefore, pathogens evolved several methods that allow them to successfully infect a host, while evading detection by the innate and adaptive arms of cellular immunity [1] [2] [3]. The most effective way for bacteria or parasites to prevent recognition is through their physical shielding from destroying energy and nutrients sources such as oxygen [4], ATP [5] [6] [7] [8] [9] [10] [11] [12] [13] [14] [15] [16] [17] [18] [19] [20] [21] [22] [23] [24] [25] [26] [27] [28] [29] [30] [31] [32] [33] [34] [35] [36] [37] andor iron [8-10, 13-15, 18-25, 28-34]; these are either delivered directly into infected cells (phagocytosis) or gained indirectly via interactions between diverse factors secreted into extracellular milieu [5-11, 14-21, 23-35]. Phagocytes can recognize invaders based upon features derived from different surfaces where molecules have been exposed during cell growth; this facilitates the formation of phagosomes containing foreign bodies [6, 8, 38-40]. Phagocyte recognition trigger intracellular events leading to activation of signal transduction cascades resulting in production of reactive oxygen species [41], hydrolysis of phospholipids and generation of lysosomal enzymes [10, 42-45]. Accordingly, phagocytic receptors include scavenger receptors and pattern-recognition receptor complexes including Toll-like receptors (TLRs), Nod-like receptors (NLRs), C-type lectin domains-containing receptors (CLRs; collectively known as Pattern Recognition Receptors -PRRs). These PRRs act both individually and together recognizing specific microbial structures [2, 43, 46-51] or combined patterns thereof [6, 11-14, 19-24, 27-29, 35-37, 41-43, 45-47 ]. In addition to direct killing mechanisms mediated by oxidative bursts, haemolytic action [52-57], nitric oxide release [58-60] and hydrogen peroxide-dependent mechanism [61], macrophages also use alternative strategies targeting bacterial outer membranes after internalization: hyaluronidase-mediated lysis [62-67], acidification-induced dissociation [68-70] and disruption with cationic antimicrobial peptides [71] [72] [73] [74] [75] [76]. Alternative pathways of microbicidal activity involving various bioactive molecules released by activated macrophages include cytotoxicity associated proteinase LL37 [77-80] and secretion of mature interleukins IL-1 [81] [82] [83] [84]. Cytokine expression extends beyond inflammatory response and includes pro-inflammatory cytokines TNF-, IFN-, IL-6, IL-12p70 and IL-23. As demonstrated recently, increased levels of anti-inflammatory cytokines IL-10 and transforming growth factor 1 may be detected at later stages following infection [85] [86] [87] [88] [89]. Moreover, it was shown recent studies indicate an important role of TLR2 signaling pathway mediatory molecule NLRP3 inflammasome in early phases of sepsis progression [92]. Macrophages produce two forms of soluble sugars, glucuronic acid and galactose, which functions as endogenous ligands for mannose-binding lectin (MBL), a glycoprotein member of collectin family expressed ubiquitously on human blood vessels [93-95]. This sugar binding lectin recognizes glycoconjugates presented on microorganisms, thus facilitating opsonophagocytosis [96-100]. In vitro experiments demonstrate MBL's capacity to bind glucose, fucose and 2-keto-3-deoxy-galacto-nonulosonic acid residues present in capsular polysaccharide (CPS) of enterobacteria. Despite multiple similarities between carbohydrate moieties motifs recognized by MBL and those found within LPS chemical structure, there are some differences. For instance, O-glycosylation sites located within lipopolysaccharides chains do not result in enhanced affinity towards MBL [101] and fucosylated epitopes might even lower the hydrophobic interaction [116]. There are data supporting hypothesis suggesting that MBL contributes significantly to enhance protection against Gram-negative bacterial infections [117]. First reports suggest significant protective effect of MBL deficiency with respect to fatal disseminated intravascular coagulation in severe pneumonia caused among others by Pseudomonas aeruginosa [118, 119]. However, neither clinical nor experimental evidence exists demonstrating the involvement of MBL in preventing systemic spread of Shigella flexneri, Salmonella typhi, Listeria monocytogene, Helicobactor pylori or Yersinia pestis [123]. Tissue-specific polymorphisms account for substantial variation in plasma concentrations of MBL [124] [125] [126]. Decreased serum values were observed in patients suffering from chronic kidney disease [127, 128], diabetes mellitus [129, 130], rheumatoid arthritis [131], neoplasms 131, 132), myocardial infarction [133], acute bronchopneumonia [134], urinary tract infection [135] and congestive heart failure [136] [137] [138]. On contrary, high circulating level of s-MBL has been",Bloom-7B,0,4948,649
"It seems that I have a problem. I wish that I could say that it was something as arbitrary as I've gotten fat, lost my apartment or my job, or any number of things you might think about - but this isn't the case. I made a decision to move six months ago for different reasons than those listed on this website and I'm still here with no regrets. Six months is a long time in life so it's easy to overlook what may seem trivial problems that would only require an extra day or two of work from me. This has nothing to do with myself; all of these are unfortunate events around me that happen by accident which then cause some sort of chain reaction upon them that ends up influencing how they affect the rest of us. But even though there is little chance I'd ever be able to make these changes voluntarily (and if I did it wouldn't last), I can go into detail regarding why I feel like this way toward most aspects of society today. A: I'm going to answer this question from your perspective: Are people capable of changing their behavior? For example, many drug addicts will admit that they've been using drugs for years despite feeling good without them. Are people willing to change behaviors? It's human nature to look at others who don't act according to our expectations as lesser beings, incapable of making choices other than those we expect them or desire them to choose. You mentioned ""people"" rather than governments. Well, politicians aren't citizens - they're elected officials running campaigns based on promises to benefit voters whether or not that's true. They campaign because that's where money comes from and when they take office, often find themselves confined to policies designed by political parties whose leaders earn more by taking care of lobbyists than keeping promises. (An honest politician's career probably starts not once he's sworn his oath, but tens of thousands of times before.) Living standards have grown over centuries while taxes haven't changed much since ancient Greece. The wealthy hold onto wealth through corporate tax breaks, preferring capital gains to income tax. When corporations pay less attention to shareholders than to giving back to communities, people naturally assume there's something wrong with business practices or government subsidies. (In fact, we've seen both types of greed destroying communities.) Maybe you've heard that ""government redistributes resources..."" well, yes, redistributing means stealing money away from the already-rich. That's one reason richer countries need fewer workers due to automation. In addition to spending too much on military hardware instead of software for anti-virus protection, etc., there's also lots of wasteful spending across departments of every government agency. Because environmental regulations come with costs, businesses have invested more heavily in pollution control equipment than actual clean-up projects. Free medical care leads to high health expenditures because doctors bill patients directly for services rendered regardless of insurance companies' reimbursement rates. Tax cuts lead to higher levels of consumption and unemployment. Many Americans live lives out of touch with reality during election cycles, believing that if congressional districts line up along ideological lines they'll get everything they want. This includes jobs, opportunities, wars, religion, discrimination against immigrantsimmigrant childrenmigrants entering America illegally, illegal immigration, foreign policy, national security, education funding,... all kinds of things. If this were the country we'd actually live in, you'd see poverty everywhere. Government doesn't necessarily solve problems it just imposes solutions on its constituents. Many believe such decisions should never involve public input. The same thing applies to politics. As long as media supports mainstream candidates above independent-minded ones, you'll continue seeing elections run entirely on hate speech and misleading data. Also, unless you're truly passionate like I am with real world issues affecting millions of families (like healthcare reform) you'll simply ignore what's happening in Washington and vote for the Republican candidate who's closest to your views on important issues. So, people really can't change their ways except under coercion andor intense pressure, right? A: People can decide to put off doing whatever it takes until tomorrow. Which happens quite frequently given that the cost of owning stuff tends to fall faster than inflation rate rises. For example: A pair of shoes purchased ten years ago now sells for half the price compared to 10 years ago. In order to buy them again tomorrow would therefore mean buying twice the amount. However, having re-acquired the ability to buy the item won't help to keep the shoe, nor does the person possessing said shoe know he needs another. Alternatively, the idea of ownership itself becomes irrelevant if the object cannot be used anymore. An old car being park outside somewhere forever will become useless, yet people routinely drive down highways driving vehicles worth hundreds of thousandsmillions for far longer than the owners intended. If the products available for purchase had sufficient longevity, i.e., remain functional for decades after purchase, this new concept of ownership wouldn't exist, however current sources are limited to short-term use. Consider electric batteries: After five years storage capacity drops significantly and people typically discard battery packs after three year shelf-life. How long do refrigerators survive? Most likely 15 years! Or consider laptops. Used laptop computers tend to sell for 30-40 below retail price within 3 months (Amazon). People aren't usually interested in reusing them for several years after purchasing because it's",Bloom-7B,0,5835,905
"A multitude of films have twists in the plot, for example Gone Girl, Memento, a lot of films of M. Night Shyamalan, the Usual Suspects, Shutter Island, Fight club, well just to name some. You may find movies that you like and based on your favourite film or book series are going to be similar. For instance if I watched Mulholland Drive it will likely come as no surprise then when I go into reading David Lynch's Blue Velvet, Twin Peaks Eastwood Mystery etc. Many people do this kind of thing (as long as they don't spoil themselves) but it's important to keep things honest with yourself too because having someone read your mind is dangerous - especially since all those characters can start talking about their lives! I'm not saying you shouldn't try out different genres regularly though! Each genre has its own charm so why not give them a shot once or twice? With new books being published every year there's rarely one genre that's been done over and over again already. People need something fresh from time-to-time even if it's only slightly different than what was last year. This way you're getting more variety without feeling guilty having conflicting opinions across multiple subjects. Finally here are my top five tips for any reader who wants to improve their literary skills by writing down thoughts while they're reading it: The first three advices sound super easy right? The reason why these advice aren't used all the time is probably because we've got way too many distractions nowadays - our phones and tablets take up most our attention. We can't limit ourselves to opening up certain programmes at specific times anymore - everything happens instantly now. If we want to get immersed in our story we must control how much we use technology and pay close attention to the surrounding environment around us instead. Let me explain:",Bloom-7B,0,1856,318
"They usually don't answer back..... But sometimes they do. It was like when I had received the silent treatment as a kid, my parents had ignored me for years on end... and then one day out of nowhere my mom just called because she remembered an old friend with whom I'd been playing for 10 years on the same playground everyday. She'd never talked to her since we were kids but they somehow worked things through so that now whenever this girl who lives in another state comes over they'd still see each other.... And there have always been moments where Mom and Dad wouldn't say anything about being divorced or what happened at work etc. (which is totally fine). They would discuss how well their daughter's life turned out after college (but yes - it did get worse afterwards) and happy times spent together. It's amazing how much better you can feel if someone says something nice and sincere...You deserve some good from time to time. Anyway, I'm glad that they are finally talking.....Hopefully they'll be able to find common ground between them.... I know people will think I am weird for saying this BUT....if your husband sees his ex wife during the week he has no problem texting her all kinds of sexy stuff......even though it's not sexual activity....he loves hearing what she's wearing. Your right. My guy doesn't communicate publicly about our marriage problems except with friends family via Facebook. We try discussing issues privately (always recommend seeing counselor), but only rarely does he actually listen to what's going on. He acts more like he's fighting battles than dealing openly with his fears of intimacy loss Sounds like there's almost nothing wrong with him communicating with his ""ex"" once every few months? There might be, and maybe that's why you'd sense a disconnect. If you're having trouble connecting emotionally to him, that's part of the reason. While there may be no physical contact involved, emotional communication is crucial. You need to tell him clearly what hurts most. Only enough so he feels comfortable asking questions and sharing his feelings honestly. But yeah, make sure he knows exactly what needs fixing before jumping into any kind of action plan against his wishes.",Bloom-7B,0,2225,374
"Chad had just planted his garden. A storm passed over his region. It rained a lot on Chad's property. His garden held a lot of water. Chad had to replant the crops he cut down because they were damaged by the flooding. After speaking with one another, Chad and Hilderbrand got out of their cars and walked towards where Chad was planting crops in his field.",Bloom-7B,0,357,66
"Humans can learn echolocation to navigate mazes and identify the size and orientation of objects in just 10 weeks. This ability is a result of an innate combination between auditory processing, sensory discrimination through the eyes and brain organization. An avian echo-locating system makes use of three distinct mechanisms: multiple sound sources generating overlapping sounds (to help with source localization), complex rhythmic patterns that contain frequency modulation (to improve temporal resolution) and long-range detection (to narrow down search space). These three differences combine together for effective navigation without any additional training or experience. We know very little about how birds acquire these abilities - we do have some candidate genes, but need more work before we can infer how they are used by nature. But now scientists at Lund University's Institute of Evolutionary Biology have discovered another interesting characteristic of this sophisticated systems - it has been engineered into humans as well! ""Our study shows that there must be something special about bird hearing developed over many millions years of evolution,"" says author Dr Anna Lucia Polanin. The genetic basis of human learning In order to develop their fine spatial perception during development, young children hide among toy cars under a table until they hear someone shout out ""Look! A car! Look - here comes one!"" The same goes not only for finding lost toys; people who live close to busy roads tend to err on the side of caution when approaching new buildings near them, while those living further away play less cautiously upon first encountering such structures. This suggests that even if all species were born ready for our advanced version of echolocation, evolutionary pressures would eventually drive up their performance level to match ours. Our own brains look like bullseyes full of holes right now: due to selective pressure from modern life conditions, we're often chasing fads rather than pursuing practical solutions (for example, fast food restaurants are designed around convenience rather than health). But it's important to remember that our ancestors did find ways to solve similar problems to us today, sometimes using completely different strategies. Take, for instance, sonar-based navigation - instead of relying solely on external cues (such as lights, shadows, distance from shore etc.), animals typically emit ultrasonic signals and then listen back for reflections off obstacles. Here again, however, animal behaviour varies widely depending on which feature is most important to them: some rely heavily on range alone whereas others make use of both the directional components of reflected waves and the amount of time taken for signal reflection. And like other sophisticated behaviours, none of them was created overnight. By studying thousands of primates' pre-frontal cortex DNA samples Omran Shadmehr Brett Pikaar show that the genetics underlying human pleasure and reward response overlap substantially with what drives songbirds to learn to hunt visually guided insects - suggesting that music-related emotions owe much to natural selection driven by perceptual skills involved in hunting One possible explanation could be that musical understanding itself evolved because it aids survival and reproduction by helping individuals gather information about potential mates; perhaps certain aspects of music directly attract the attention of men, rendering women invisible... We don't yet understand exactly why musicians develop better social relationships and whether this is specifically related to their increased empathy or simply general intelligence. A visual comparison showing that the hippocampus region responsible for memory encoding in mice fits perfectly onto the section of primates' prefrontal cortex also linked to communicative and emotional responses. (Source) Conclusion While the current evidence points to a common ground linking the neurobiology of communication and emotion, it's likely that each communication channel evolved independently within separate lineages. It's easy to imagine several hundred thousand years ago when first humans started to move towards individualistic societies, singers began making songs and dancers made dance movements based on personal needs and desires - as opposed to being group-orientated activities such as hunting groups dancing to chase prey after sunset. As your question suggests, though, the concept of ""culture"" doesn't apply. For every fast-food restaurant opened its doors you will see hundreds of traditional cafes going bankrupt. As stated above, art forms don't emerge naturally, nor do they follow cultural trends. Instead, beautiful things grow organically over centuries when living organisms adapt themselves constantly ever since ancient times. If you want to learn more about this topic I suggest reading two books: Neuronal Darwinism: How Evolution Explains Human Intelligence, Creativity, and Thought. Lizzy Kahn. Penguin Books. 2016. ISBN978-0-14-324334-1. Culture and Cognition: From Behavior to Brain Science. Michael Tomasello. Oxford University Press. 2013. ISBN9780513560305",Bloom-7B,0,5211,766
"My C.O. was a man named Kurtz. Brilliant man..... Insane man. Fancied himself God. After a while in the service, it could screw up your head. On this small spit of high desert rocky terrain that lay between Little Rock and Leadville we were two men against 3200 Buffalo Soldiers.... I saw things he couldn't have dreamed about. I once had an interaction with one particular guy on his way out after being rated for maximum security clearance. He claimed to be a fluid engineer. We got into some interesting discussions around how ""fluids"" move through pipes when they are cooled by water or other fluids flowing down them. We discussed CFD (Computational Fluid Dynamics) pretty in-depth. I think there is a difference between knowing something and understanding what you know. So why wasn't my friend able to understand anything more than just seeing circular objects moving?",Bloom-7B,0,875,147
"This is one of the very few SERVICE stations left on earth. They have been around forever, keep current and provide quick to extensive repairs. They have helped me out in the past as well. My friend and I were stuck at a gas station for 2 hours because we had lost our trailer keys inside it while we were taking care of some other stuff. We ended up going back to pick up the key (s) from the car shop they were working on when he noticed my truck was running fine so we started driving home again but both were getting tired at this point so decided to stop at this service center which we did not know about before leaving. It turns out that all 4 tires are flat and even though there was no damage or anything else wrong with them just starting to puncture quickly we couldn't drive any further until someone came over to see what happened. He got us back on the road and told us how much easier it would be if only they lived closer! Overall good experience! I stopped here after traveling across state line to get an oil change done. The staff members were extremely helpful and kind; they went above and beyond to make sure everything ran smoothly.",Bloom-7B,0,1155,220
"Facebook has released a report that shows what content was most widely viewed by Americans between April and June. It contains sections showing the top 20 domains, links, pages, and apps. The data is based on over 180 million page views - not all of which necessarily represent users' visits to sites or applications directly accessed via Facebook's network. (Some might be made through third-party services like WhatsApp.) Although we can't say with complete certainty how often people actually used specific tools in order to access them (because it depends both on their configuration settings) and because some platform-specific features are intentionally hidden from public view, it's clear from these statistics that for many purposes pages hosted at Google's main site gained much more traffic than those owned by other platforms. The following tables list the leading websites across various categories: Most unique visitors were exposed to the UK Sky Sports website while most members came up against a link related to Apple's music service Music Unlimited.",Bloom-7B,0,1066,167
"Navigate on Autopilot is a new feature by Tesla that is moving it closer to its self-driving future. It offers step-by-step navigation overlayed on a map (like you would get with Google Maps). You can also use the ""Autopilot"" mode on your phone's GPS, which will take over driving and drive you from A-Z. The car itself has many sensors including an infrared camera, laser scanner, radar sensors, pressure sensor, lidar, LIDAR, ultrasonic rangefinder, compass, accelerometer and gyroscope, among others. Tesla has invested heavily in researching and developing autonomous vehicles. The company even created OpenAI GPT-3 - it's artificial intelligence program developed specifically for deep neural networks training and text generation To make sure things remain smooth while driving without human involvement, Tesla uses a combination of sophisticated algorithms called Computer Vision and Deep Learning technology. According to John Caruthers of Silicon Valley Business Journal, the process starts when cameras are used to detect objects such as pedestrians or cars. Then, these images are sent out to computers where they're analyzed and processed using specialized software. Caruthers mentioned how advanced this system truly is: ""The eye recognizes what it sees within milliseconds. That allows the computer to respond directly to the input being given. The whole operation takes about 50 milliseconds - much faster than people do.""",Bloom-7B,0,1437,217
"Here's one of the best downtown restaurant to go for a breakfast! The food is good and the service excellent. And they actually serve real maple syrup. So if you are looking where to eat in Toronto, this is... read more",Bloom-7B,0,219,41
"Insulin is essential for a diabetic, and it can be expensive, especially for those without good insurance. A growing movement of biohackers is trying to build a distributed system of insulin production using renewable energy sources. Afro-Eurasian Languages - The following are languages spoken in the Caucasus region: Turkic (Turkish), Armenian, Azeri, Azerbaijani, Bashkir, Buryat, Chechen, Crimean Tatar, Dagestan, Georgian, Kalmyk, Kyrgyz, Lezgian, Latvian, Lapsang Sapa, Mordvin, Moldavian, Ossetian, Pech, Penchak, Polubtsy, Russian (including South Carpathian varieties such as Ukrainian, Belarusian, Daghestanian, Komi, etc.), Sakha, Samoyed-Siberian, Tajik-Turkmen, Tchouktche, Turkmen, Uigur, Uzbek... The most well known language within this group is Arabic-inspired Turkish. It was introduced by Ottoman Turks into Russia during their rule from 1453 until 1917. Today approximately 40 million people speak it in Turkey alone, although its influence extends far beyond that country's borders. (There are also large populations speaking different forms of Turkish on Cyprus' Greek side; in Croatia; and among some Muslim minorities in Germany.) A great deal has been written about the history of the Kurds since they were first recognized as an ethnic minority nation under Ottoman Empire rules more than two centuries ago. In 1915, one year before World War I began with France's entry into the war, Kurds rebelled against Turkey but collapsed after heavy fighting. Subsequent attempts at settling these conflicts have led the international community to recognize three separate states based upon Kurdistan Nationalism: In the 1920s, the Young Turk Revolution saw the introduction of secularism into Western-style government and national identity formation processes. At the same time, the allure of Communists inspired many young Kurds across Iraq to flock to the Soviet Union and join the ranks of the PKK. While communist support waned once Assad came back into power in Syria in 2000, anti-American sentiment which had begun earlier in the decade continued to fan fire amongst Kurdish militants throughout the Middle East. Today the Democratic Republic of Northern Cyprus and the Kurdistan Region of Iraq both represent democratic examples of how coexistence within non-communal societies can lead to minimal conflict between neighboring nations. For example, while the administration of Erdogan has provoked unrest within his own nation over several issues including accusations of religious intolerance and persecution of unbelievers, neither he nor any other leader in nearby Nicosia or Baghdad has ever engaged in violence directly towards each other despite challenges regarding border disputes and territorial claims. Meanwhile, while there is strong disagreement concerning whether the Iraqi state should go forward as a multi-ethnic unity based upon confessional identities rather than ethnicity, no single faction has gained control through armed strife thus far either.",Bloom-7B,0,2994,437
"The U.S. Constitution is an old document. At the time it was written, it made a lot of sense, and it was a large jump ahead for democracy, politics, and government in many ways. Now that we live in a different era - one where there are far more people who do not understand what they have to sign up for when using social media or agreeing to get their information scanned by corporations so they can use your data against you at no cost ... well, that's why I think it's important to remind folks about this constitutionally mandated right every year on April 24th. If you're going to make some kind of change, whether it's voting early (because there's no way around it: Voting will be easier if you're able to cast ballots via mail), making sure your signature matches what's printed on your ballot paper, signing petitions for specific issues... all those things can take time, but they're worth spending some extra effort on these days. This isn't something you just click through as though nothing's happening: It's pretty much always been true: Our civil rights come with great costs. Great point! I'm gonna give my vote today and hopefully I'll finish tomorrow:) Have fun tonight! You know you got me excited....I am in the middle of both my own divorce and trying hard to keep our house together while keeping it's value down...and now i'm watching everything else? Well let me tell ya..I'm getting really cheap!! I don't normally waste money giving gifts..but I've decided enough already before christmas...so,this year I want presents from myself!!! Hello fellow Fans!! Welcome back to another post here at Fresh Pink Blogger!!! Today I'm sharing my 4th Birthday Beauty Box Review Swatches!!! I received 2 products each month from Bare Minerals and Ulta The packages look like images below which came out last week. Each box comes packed nicely inside white boxes decorated with pink ribbon and candles!!! During November 2017, September 2017 and August 2017 i've posted about them respectively,,, So please visit previous posts to see how they're looking!!! If you're interested to join or purchase beauty subscription based items then check out my affiliate links mentioned above: This month's boxes were beautifully designed and delivered within 3 - 4 weeks Inside the package, besides the gift card envelopes, there were cards and cute little bags with the brands logo 2 BareMineral Eyeshadow Palette - contains 8 shades of eyeshadows including 1 matte shade and 7 metallicshimmery shimmer sparkle shades eyeliner liner 4 colourful lip pencils - Contains 4 colours of liquid lipstickspencil crayons including 1 bright red color called Dazzling Red,1 purpleredish color name Presidential Purple, 1 orangemaroon color named Diamond Orange and 1 greennude color name Midnight Blue BareMinerail Cosmetics has introduced a new range of eyeshadow palettes since July 2016. It includes 6 colors plus one leather-based magnetic palette holder and gold jewelry-like case. All shadows include a brush attached to the top. An eye primer also included in the set. It looks very elegant and stylish packaging design of this makeup Set!!!! Dark brown color plastic soft-case makes it appear luxury product. It's easy to carry too.... As usual, I love its compact size and sleek appearance... Love this palette!!! I'm wearing DazzlingRed PresidentialPurple and DiamondOrange. These two shades are perfect for everyday wear In order to apply any black powder shadow precisely without smudging, it's essential to wake-up your skin first prior applying cosmetic foundation",Bloom-7B,0,3569,582
"Google is close to finalizing a deal to buy or lease a 1.3 million square foot office building in the West Village. The space is large enough to allow Google 's headquarters, its corporate client center and its servers.",Bloom-7B,0,219,39
"Uber is having a very public fight right now with NYC Mayor Bill de Blasio, basically arguing that they should be allowed to compete with yellow cabs in a free -for-all market. Basically the city wants them out for violating some kind of taxi statute. The main problem here is the lawsuit against Uber, which has been going on since last summer and will likely continue into next year if all goes according to plan. (I mean, don't get me wrong: I really want it ended as soon as possible.) But one thing we might not know yet? The legal battle could end up costing you quite literally thousands of dollars (or more). There's an interesting story about this from VentureBeat who recently tried their own hand at being Uber drivers themselves. They interviewed two people left without jobs after losing their gig through new regulations set by New York City government - namely, the fact that only licensed taxis were able to use app-based services like Uber or Lyft there. (Don't read too much into what happened to those people - it's just another example of how governments always try to regulate things they can.) But let's put aside worries that your car insurance will suddenly increase because you're involved in a big case that's still ongoing, let alone getting sued yourself. What do lawyers say? ""It depends"" said Bethany Perryman, founder of law firm Siltech Law Group CEO of ""I think any attorney would have difficulty determining whether something constitutes 'commercial activity' under state [taxation] codes ... but barring true commercial activity, courts are often reluctant to impose significant liability based upon municipal ordinance problems, especially where such activity may be undetected entirely until well after filing suit...",Bloom-7B,0,1754,290
"No stars.... I ordered a pizza from Falbo Bros (N. Sherman Avenue) in Madison last July. The usual thick, dense, not good gluten free crust. Very dense. I ordered another size and got 4 thin slices of dough that were so light they could barely fit on my fork. (I am 5'11"" tall.) If you're trying to find an excellent gluten free restaurant I seriously recommend checking out the Friendly Farmer's Tablethey have several options including breakfasts, lunch dinner plus wine tasting! It is SO expensive...but worth every penny! Just wanted to comment about a nice place called Pace Pizza in Altoona Pa., which features heavy-duty sauces for crappy pie. PI:USER - Yup, I've been there too- it was great though once you get past their non-existent menu due to the prohibition laws against selling any products containing wheat or flour Sorry I'm late with this question but how can someone cut out grains like corn properly? If watered too much will it just grow into weeds? Where do i go to buy organic barley grass if its ok to eat grass no matter what brand its had pesticide sprayed on??",Bloom-7B,0,1087,191
"I thought that I had caught the end of happy Hour as I entered about 6:30pm, but I was wrong. Cadillac ranch has Happy Hour all night on Monday, so if you are looking for something to eat in Buffalo today and don't mind going out past closing time, then go party with us. We have been working hard every day putting together a great food menu at our locations. This week we started off by introducing two new specials - salmon burgers (2) chicken tenders (1), along with an amazing breakfast option that will be available daily from 7am-10:15am! Our cafe has also updated its offering with meal kits made just right by Gourmet Garden Chef's Kitchen. We know how busy it can get through these times; this is one way to help make your life easier! The Dunder Mifflin office building sits adjacent to another office complex which includes Bank Of America, Citibank, Wells Fargo, American Express, First Union Bank, TD Bank, Citigroup, JPMorgan Chase and Morgan Stanley. (Image credit: LE Development) WASHINGTON - The Federal Reserve looks forward to meeting President Joe Biden's request ""to establish appropriate priorities within the Office of Management and Budget,"" according to a statement released Tuesday after the Fed issued last month's inflation projections.",Bloom-7B,0,1266,212
"I got this. One I think you are mistaken it is actually a crisping sleeve. The ones that are different are between the croissant crust and the deli crust or some kind of sandwich buttercream. It does not have to be cold, just let your oven warm up before adding it. You can do an air fryer crumb cake but make sure no moisture comes in contact with them so they don't go soggy..",Bloom-7B,0,378,74
"Visiting NC from South Florida, which is closer to NY on the culinary map than the Deep South, we were craving some down-home style southern food. FBC did not disappoint! The restaurant itself was very clean and inviting with a big dining area just off of the kitchen. Our waitress took our order quickly despite having several tables in front of us; she made sure all my friends ordered steaks while I tried something sweet. The appetizer platter consisted of: scallops (little pink ones), shrimp crab legs, fried chicken skewers two snacks such as mini corn dogs or french fries for those who prefer their lunch more savory than sweet. All looked delicious but my favorite item was the grilled oyster; they had a good thickness and were cooked well - all around great job there! For our main courses we shared: beef short rib smothered in BBQ sauce that came drizzled with bacon bits, pork tenderloin medallions served over mashed potatoes and baked beans and finally a roasted turkey breast braised in wine and garlic. These dishes arrived hot, moist and melted in your mouth; it seemed like an easy choice between them except one dish comes with rice broccoli whereas the other has no accompaniment at all. We each chose one side dish so hopefully this will make a difference when deciding what you'll want later in the day. Two desserts are also available which included chocolate cake paired with vanilla ice cream and strawberry pie with whipped cream and crushed pineapple pieces. Both really tasty! We started out by trying the beer pairing menu consisting of five bottles of beer that have been matched perfectly with a small entree ""for sharing."" In addition to the stout beverages, there is a list of wines available including reds, whites and sparkling wines. Good choices if you're unsure about where to start with your bottle selection. After taking care of business at FBC we headed back into town to check out another local establishment called Auntie Anne's Old Town Country Store. It's a cute little building located near Main Street in downtown Winston-Salem sporting lots of antiques and decorative items surrounding its window display cases. While waiting outside for our table we enjoyed a visit to a nearby bookstore displaying popular books written locally by authors from North Carolina. I'll spare you the names, because interestingly enough most of these titles seem to focus on how people perceive others' civil rights issues rather than actually focusing on racism per se.",Bloom-7B,0,2502,420
"Electricity and Magnetism are intrinsically linked. A moving electrical field (such as electricity through the wires) creates a magnetic field. A moving magnetic field creates an electrical charge. So what's in a name? I'm going to give you all this information without a picture: Electrical charges: A wire can have different charges on it. Electromagnetic waves create electric fields and vice versa - both types of electromagnetic radiation excite electrons, which cause them to move around with increasing energy until they reach speeds that produce light or heat. The voltage is measured by ""calibrating"" your meter against established standards such as international units for voltampere measurements or power measurement systems developed at NIST. The Power Factor will not be affected if we change the Starter Battery connection andor use one 6v battery instead of 3v batteries If using Single Phase motors then PU x I when supplying AC motor With a starter each motor gets it's own supply from the mains so essentially UVxI The Motor Mounting Bracket should fit securely onto any bolt holes that may exist (not necessarily hardened). Most machines require less than 58 clearance between the mounting brackets and the metal structure being supported - but always check your manual before proceeding! M10 Small Angle Drill Bit Round Tube Brackets Heavy Duty Screw 8-32 Thread 4 Pack Black Steel Hex Bolts No Box Oct 26, 2016 When dealing with the relationship between Electric Machines and Magnetic Fields, there is little doubt about what happens inside the machine itself; however, where does the magnet go once it's excited? Can you switch off a high-powered generator without taking out its inducer coil? Nov 10, 2020 In general, you're allowed to keep anything that's made right here in Texas - including mostly small appliances like fans, TVs and refrigerators - and deliver those items across state lines into other states. Quick view Compare Choose Options Drawstring Shoulder Bag Red Orange 19.95 USD Exclusively Online Price17.99 Buy now More colors available Add to cart Quick view Compare Choose Options Double Layer Zipper 3D Flowy Rainbow Multi Pocket Large Handbag Green Blue Pink Purple Gold 18.14 USD Exclusively Online Pricemore Shop Now",Bloom-7B,0,2262,361
"This article follows how a flaw was discovered and exploited in an internal test version of Google Cloud Deployment Manager. The flaw allowed requests to be issued to Google internal services, such as the command line interface (CLI) or API at URLs that were not intended for human access but rather served exclusively for automated testing purposes. The flaws result from using web hooks to trigger actions when user activities occur on applications and websites hosted outside Google's infrastructure. To provide context into this vulnerability issue, we present use cases where it is possible to exploit these vulnerabilities, which include CWE-164 (Remote Code Execution), CWE-225 (Cross-Site Request Forgery), and NIST Special Publication 800-171 (Incorporating Common Vulnerability Scoring System). To help mitigate risks posed by exploits like those described above, you should follow best practices for developing test automation tools: Design your tests with penetration testing in mind - Penetration testing involves systematically identifying security weaknesses within software systems to assess their susceptibility to exploitation by malicious actors. Because your goal here will likely involve executing arbitrary code against other organizations' networks, place maximum emphasis on ensuring your tool doesn't violate any existing privacy policies enforced by them. Identify attack vectors associated with specific tasks - Exploits happen because there's something getting through; so it's important to identify all potential entry points - even if they aren't directly exposed to your customers or clients, including assumptions about where bugs can come from based on application logic. Test execution setups must work consistently across environments - When writing automated scripts to execute commands independently, make sure each environment uses identical configuration settings. Only then are all executions guaranteed to produce consistent results regardless of what domain you're running on.",Bloom-7B,0,2018,287
"People who have no interest in politics, and are not interested in learning about the candidates and issues should not be encouraged to vote under the pretense that it its a civic duty or an obligation. I do NOT believe voting is a civic duty; I think it's entirely voluntary. The only time I've ever voted - albeit irregularly for some years now (and often very late) was when my son needed his photo ID for college applications back around 1993-94, so he had to get himself registered as a voter with the state of North Carolina; he's been voting since then but has never bothered getting involved politically except occasionally donating money to political campaigns such as the one against Jeff Sessions' nomination for Attorney General by Sen. Lindsey Graham's campaign. (Graham eventually lost.) Let's face it; anytime we go into the polling place to cast our ballot on election day there will probably be hundreds if not thousands of people just like us going through what feels like the same process: asking ourselves why we're doing this in the first place, whether voting even matters anymore, how much we really care about what's happening right now... And while these questions might motivate me to vote, they don't cause me to feel obligated to do anything else other than vote every four years; clearly I'd rather spend my free time volunteering somewhere instead! I know many more voters have similar experiences as mine I can't imagine that anyone would choose to risk losing their job over refusing to vote because ""I don't want to give up my freedom."" But perhaps it's worth remembering something from the American Constitution's preamble: ""The People Of The United States... Resolved To Establish Upright Government Upon Such Principles As May Be Safeguarded By Law, Effective To Promote The Common Good And Liberty...."" And yet here we are again surrounded by inaccurate propaganda designed to hinder genuine democratic participation and encourage apathy. Read John Oliver' commentary at 9:12 below where he says ""This year's elections aren't about pandering to your worst fears. They're about answering your biggest questions: Are you willing to fight? Do you still trust humans enough to put them in charge? What kind of society does everyone want? How far can democracy take us....""",Bloom-7B,0,2305,382
"Verification of PCTL properties of MDPs with convex uncertainties has been investigated recently by Puggelli et al. However, model checking algorithms typically suffer from state space explosion. In this paper, we present a novel method for verification of PCTL formulae in the class of polynomialtime bounded-degree (PTBD) models where states are represented as directed graphs whose nodes represent atomic propositions and edges between them denote the relations between such propositions. A PTBD model is defined on a finite set V {v 1, v 2,..., v V } of variables which may be either discrete or continuous. The domain over which these variables can take values is denoted by D R n, where n denotes the dimension of uncertainty space. Each variable takes at most some fixed integer number k N of possible values. A valuation : X D assigns to each variable x X an element d ( (x D. We say that two distinct values and call the elements of this set subsets of signature S i. For any tuple t {x 1,..., . An edge e {i 0, j 0 } of graph G represents condition: if there exists w W s then (a) t k; (b) where I D W c. For example it could represent all conditions about rewards until end time, while one additional reward above threshold will not matter anymore. In what follows, we assume that the -algebraic structure on alphabet contains operations , , (i.e., min and max), identity operation id, addition , multiplication m and concatenation , and is equipped with usual order relation ,, predicates , , and , interval predicate [p, p] and upper-bound function UB . Abusing notation slightly, we use the same symbol for both sum operator and maximum operator; when this does not cause confusion we suppress writing it explicitly. The following proposition gives necessary and sufficient conditions under which LTL formulas have definable mean-preserving simulation (MPSimulation) relation up to bisimilarity [4] Definition 3. Let be the least common multiple of lengths of intervals in C {U } I and let : itemset T T. Then iff every statement U f holds sometime during for some index I {0}. Using Proposition 4, the next theorem shows how to construct equivalence classes of deterministic automata which accept words with arbitrary length but only forever reach accepting arcs after visiting infinitely many transition points using correspondence of bisimilarities induced by -algebras and simulation relations constructed earlier. Proof. (Sketch) is a well-formed word satisfying required assumption (1). Hence, Q eventually enters some accepting region. Now consider a fresh copy F of Q built on new initial configuration which corresponds to . We build another deterministic automaton similar to F except that its construction rules must preserve synchronisation. Namely, whenever 1 2 and action occurs in execution sequence, then corresponding rule should appear somewhere in construction of free environment E . Since every step of minimal run of original automaton F goes through exactly three transitions, therefore, there exist no more than five steps of executions sequences between first jump into non-accepting environment and second return to accepting one exhibiting coinciding path in automata. (2) Assume there is a -transformation mapping state-to-state pair q , to pair q , , where K and . Thus, This means that there exists successful computation of o-successor procedure described on Figure 5 followed by unsuccessful computation of o-preceeding history leading back to original state. That implies infinite loop executed infinitely often. Remarkably, Theorem 6 yields semantic interpretation of commonly known techniques for analysis of stochastic systems [6]. Indeed, since quantum Markov chains satisfy transition probabilities preserving monotonicity property, so does their semantics: MPOquantum Markov chain accepts the language accepted by classical probabilistic timed automaton with probability greater then 1poly (W) [7]. Hence, restricted semantics of QMPC-like formalism based on free evolution preserves also temporal logic properties like safety, liveness, and eventual consistency [8] [9] [10] [11] [12] [13] [14] [15] [16] [17] [18] [19] [20] [21] [22] [23] [24] [25] [26] [27] [28] [29] [30] [31] [32] [33] [34] [35] [36] [37] [38] [39] [40] [41] [42] [43] [44] [45]. Moreover, given a specification expressed in SMT-LIB logical theory LTL, refutation algorithm works effectively even though the underlying PTBDA cannot express directly certain fragments of standard quantum linear programming problems [10, 36]. (4) Due to necessity of representing quantum dynamics via non-commutative algebra of observables, exponentials acting on pure states turn out always uncountable quantities being modelled as vectors of Hilbert spaces rather than tuples of complex numbers. This makes mathematics reasoning on means of latter much harder. Therefore, hereafter we do not discuss exact quantitative results related",Bloom-7B,0,4943,774
"On the morning of the accident I awoke to the smell of charred flesh. Something about the texture of the smell instantly keyed me in to the fact that the boy was still alive. I found him, small and pale with blood streaming from his mouth, eyes swollen shut as if they had never opened before he died. His hands were clenching something, perhaps a knife or gun? It didn't really matter now; there was nothing left but bones sticking out at random places on his body. He looked like someone who might have taken up the mantle few years ago: tall for his age - five feet four inches, and thinly built. When my fingers wrapped around his neck, it seemed as though all hope went out; somehow his heart just stopped beating. The two years since we lost our son has been one long nightmare for us. The constant worry that I will wake up next week and find him gone seems so unreal. But then again things are different this time because there's no telling what else could've happened.",Bloom-7B,0,977,182
""" Adam, please open the door and let us talk. We can figure this out together without causing anyone to get hurt again. "" "" Again? No, I need to call you back about that. "" The speaker was a woman with an accent; her face looked familiar but she had no time for hanging around or delaying things further. She glanced at him like he might be lying and then walked away from his cell phone as if it weren't there anymore. He waved goodbye before pulling down his pants and carefully going into the shower. When he came out of the bathroom, all the curtains were closed behind them. There wasn't even any light on in their apartment so most likely they would have been alone. A distraught Chamuel held up one hand when the man pulled away before letting himself fall forward onto the bed next to her. I know what you're thinking- a guy who works hard every day wants to see how much risk he's willing to take to look cool... Well, not my type. But let's go ahead and make your fantasies come true.... He sat beside her; looking straight into her eyes. Her hair hung over her shoulders and rested against his head. She hadn't moved since he got here; just sitting motionless while deep thoughts raced through her mind. As he tried to compose herself enough to speak, she took off her glasses and laid them across the back of the sofa. Amidst her tall waist, dark legs, soft white skin, and tiny breasts, her wide hips seemed more impressive than ever. She whirled around until she faced the man opposite her...with longish brown hair slicked back under a tight bun. Perfectly sculpted frame - broad-shouldered yet slender arms and feet accostingly jutted out of black stockings and stiletto shoes. Even though she did her best to conceal her complexion beneath makeup, her pale porcelain cheeks made her seem unreal compared to Fenella's intense redness and voluptuous curves... "" I'm tired now because you endlessly test me. You're exhausting! ... Don't hold anything back! Let yourself go... Please... "" His words flowed smoothly and effortlessly as she slowly lowered her voice. The room grew quiet only broken by her moans and deep breaths between each word. This was new territory for both of them; something they'd never done prior to experiencing love but neither could deny it's being incredibly erotic. They'd been talking about sex and making plans when suddenly she shifted position slightly to place her hands on his chest wrapped within the fabric of his t-shirt. He gazed upwards smiling ear to ear knowing everything she wanted was right below him. His fingers caressed her hair along the crown of her scalp and heard the slight sound of her breathing slowing. Noticing her dizziness soon afterward, he quickly bent lower still keeping watchful eye on the surrounding area. A knock on the front door finally brought attention back to the couple. It appeared that a neighbor had decided to stop by during the night. Neither person reacted; instead they continued kissing passionately into each other's mouths. Their tongues worked together searching for sweetest spot leaving little morsels of tongue lapping at either side of her mouth. Before long, it became obvious where their focus lays; beneath her dress. Each touch felt better than the last while she grasped his hands tightly to keep steady balance. Slowly releasing her grip, he gently removed the button fastening his shirt and began slipping his own piece aside. While moving toward the window, she placed her lips firmly on his neck and pressed her nose closer to listen closely for sounds coming inside the house. That didn't depress him; rather he found the whole situation seamlessly thrilling. Feeling the warmth radiating directly from her body, he grabbed her arm once more drawing her close to him giving her another quick kisser before resting one hand on her thigh. Looking down, he discovered the faint marks left by his fingernails which told him exactly what he'd seen earlier tonight. Feeling her trembling, he raised his gaze towards hers with his eyelids fluttering slightly asking impatiently: As expected, she met his gaze squarely and simply nodded affirmatively saying nothing beyond those two sentences. Alight with excitement, she answered immediately: Both men simultaneously turned away feeling themselves grow hotter with arousal. One glance revealed Soren touching his cock nervously while Carl slowly lifted his tail feathers erect not wanting to miss anything important. Repeatedly blinking, he waited patiently in anticipation. Finally, she stepped forward reaching out to hug him. Her soft touch cooled down his heat pumping blood throughout his entire body and gave him confidence similar to having someone near by whom he trusted implicitly. Taking advantage of the momentary break, he leaned forward to give her a gentle squeeze wrapping his thumb into her palm. Leaning back a bit, his fingers enveloped her throat finding the perfect amount of pressure as she gasped quietly opening her mouth wider allowing him to feed upon his delicious forbidden fruit. Taking advantage of the few seconds gap",Bloom-7B,0,5102,859
"The short answer is yes. It's not quite as problematic as the old fast lane issue because TMobile does not have a steaming service they are trying to push, they only offer streaming services which may or may not be available in your state. The good news for them though is most states do allow this type of access by law and if you live in one that prohibits it then they will send an injunction. I am sure others can chime in with more information on what happens when there is interference between two cell phones using different frequencies at the same time but I hope these were some useful answers for folks who've been asking me about it...",Bloom-7B,0,646,120
"Granted, I went to this pool on a weekday...however, I was still not overly impressed with this venue. You would actually think service would be better when it's not busy. The food wasn't bad but nothing special either. Khan's Halo is one of those places that seems to do well in the neighborhood and has little competition. This place does have quite an extensive menu including Indian, Pakistani, and Filipino items as well as Chinese dishes prepared by their own chef. All the dish names are pretty unique so... Drizzle lemon juice all over chicken and toss together. Pour marinade into baking dish. Cover tightly; refrigerate for at least 2 hours or overnight. Remove basket from oven (the edges will stick). Rest 10 minutes before serving. (You can also rest it completely uncovered upside down.)",Bloom-7B,0,801,135
"It will also help remove bumpy skin for a more even application. [title] Now exfoliate everywhere you will be applying self tanner, but spend a little extra time on elbows, knees and ankles. [title] This is because these areas are usually darker than your arms or legs so the tanning agent won't show as much of itself nor do it patter around as bad afterwards when it's left to dry out on its own.",Bloom-7B,0,398,74
"I support gay marriage, abortion, etc; however, I also believe that people should have the freedom of religion, meaning, that their religious beliefs aren't as big of a'joke' as angry Christians would like them to be. Despite my desire for equality (which doesn't mean I'm not a feminist), I think it's natural and right that women go back to church regularly just because they want to feel supported in any way. The only time most of us need to worry about our beliefs is when we are actively trying to changeimprove things around us andor make ourselves better at what we do. So if you disagree with something say, gay marriage being legalized or anything else then don't try to convince me it isn't true by using logicmoral arguments. For example, if someone tried to argue there was no such thing, ""love"" between men and explained how this made sense within Christianity based on God's word... I'd seem pretty stupid asking why they didn't use logical reasoning. Or maybe even worse, just ignore them completely? Aside from insulting them, we'd still end up having an argument about whether love exists regardless of who contracts it out while simultaneously disregarding each other's personal feelings. If you're going to cite God to prove your point, you probably shouldn't treat those who accept Him differently than yourself. Which reminds me-I keep reading blogs where some Christian makes comments like ""you can't reason against God"" but takes issue with someone saying homosexuality does harm. (Yes, ideas can cause physical harm.) Are these believers really telling us that homosexuals cannot hurt one another except by hurting themselves? It's good though that our society has come so far since King died, especially considering he had many supporters during his lifetime! Just imagine: ""It is NOT okay to apply a particular set of moral values to a group of people simply due to race -or gender-, or sexual orientation. But we MUST grant equal rights and protections to all groups. The whole idea behind human dignity is to ensure justice, fairness and respect for everyone without exception. To deny the basic humanity of anyone solely due to perceived differences will undermine both that value and our own understanding of the world itself. We must view others as worthy of respect irrespective of class, culture, ethnicity, nation-state or language skills unless demonstrated otherwise. In fact, the very concept of ""dignity"" implies recognition of individual worth, regardless of position relative to others in society; i.e., you may never know enough about someone and consequently never understand fully, deeply and accurately who they truly are...but YOU are worthy of respect and consideration -you ARE a person. (And god knows that racism IS bad, but see above re ""superior beings. And finally, yes we CAN challenge individuals whose actions offend us AND take into account their spiritual heritage. It is the duty of any criticizer to recognize their own biases concerning both sides before making judgments in favor of either side. If left unchallenged, prejudice and discrimination becomes part of everyday life and contributes to violence, intolerance, xenophobia and hatred. A broad-based social consensus supporting universal respect for every person's inherent dignity alone provides adequate safeguard against biased action on behalf of one's family, community or country....and ultimately ensures peace among nations. First off, thanks for the compliments regarding Bradford Warehouse. It's actually named after its first owner (Bradford Ware) who used it as a warehouse for goods purchased via post office delivery. From there, manufacturers could place orders directly through the Post Office instead of shipping them to warehouses which were often miles away. There is currently a new venue called the Broadway Kitchen that opened earlier this year across Broadway Street from the original location. I visited here once last month (before construction began) and it looked beautiful inside and out. When I asked the waitress what she thought of the project she said: ""I always liked old buildings. They require more work and attention, but there's nothing wrong with that.Old history is important. There are places now built that look great and yet are 100 years old.... Some of the best restaurants I've found happen to have been small businesses owned by locals over decades ago.They're not huge corporations, they're independent local shops that care about creating delicious food smells and flavors. Their owners show pride in their business and dedication to providing quality service. This kind of passion inspires confidence, comfort and loyalty amongst customers. You get similar results in your favorite restaurant.""",Bloom-7B,0,4761,756
"Nobody remembered how we got here. The ones older than most would tell wonderful tales of exoduses and the many golden ages of our kingdom whenever we prompted them to. They'd say it was a magical time before King Rhamsin, who ruled with an iron hand while his people were happy enough to stay in their homes and farms. ""And that's what led us all astray!"" I cried as my father looked at me strangely. ""We should never have left home when that king died. We could've lived happily ever after there on the farm. There's no place like home - no matter where you are or whatever you're doing down south."" I stared out over the pond from under one of those big green umbrellas he had built so many years ago for both of us. It didn't look very far away anymore but there is always something waiting beyond your reach; whether it's another horizon line beyond which lies endless space or a hole through which night falls forever into day or the final end of life itself.",Bloom-7B,0,965,180
"In this paper, we study the problem of 3D object detection from stereo images, in which the key challenge is how to effectively utilize stereo information. Different from previous methods that take advantage of disparity (or Depth) map for depth estimation and then use it as an input constraint [21, 24], our method separately learns a feature extractor from left view image and right view image independently without any prior knowledge about depth maps. Recent work on dense monocular reconstruction mainly focuses on learning sparse representations by graph cuts or semi-supervised deep neural networks [2, 3]. A novel framework called Sparse Ground Plane Reconstruction has been proposed [2] where they convert 2D bounding box regression task into a point cloud segmentation problem and learned a pixel-wise correspondence estimated using Inverse Perspective Code (IPC). The authors showed their model outperforms other state-of-the-art methods on both synthetic data and real-world datasets including Intel-RGBD benchmark dataset. Another line of research uses sparsely labeled points to train fully convolutional network for RGB-D scene reconstruction [3]. The contribution of this work is twofold: 1) We propose to jointly optimize multiple tasks with each having different constraints such as classification, localization and matching. 2) To encode local features between the views, we employ Conditional Random Fields (CRFs), instead of traditional ConvNets, which have better performance than CNNs when encoding sparse labels [4]. CRFs are also used to measure inter-dependencies among all possible output categories during training process. 3) Our approach shows significant improvement over existing techniques [21] [24] which only utilize one type of information, either color images or disparities. Related Work Stereo vision based approaches For the past few decades, many methods were developed to solve various visual perception problems involving stereoscopic imagery. Scene understanding from stereo pair was first studied under the framework of Simultaneous Localization And Mapping (SLAM) [7] [10] [11] [12] [16] [17] 27 ] but not much works focused on detecting objects directly from uncalibrated pairs [6] [8] 21, 23, 25, 26]. Recently, Covington et al. [1] explored the idea of joint inference of semantic labeling and geometric refinement via generative adversarial networks [15]. Zhang et al [28] tried to leverage Stereovision-based descriptors like Shape Context [29] and SURF [30] to detect pedestrians in urban scenes. Detection From Single Image The body part recognition from single image became very popular recently because most human action can be represented by these parts [31] [32] [33] [34] [35] [36] [37] [38] [39]. Some researchers used hand-crafted features while others adopted Deep Neural Networks (DNNs). The basic pipeline followed a multi-level object representation scheme similar to Ref. [27]. Yang et al [20] extended the ""Bayesian Regression Forest"" [25] for pedestrian tracking. They trained DBNs rather than RBF kernels due to its superior generalization ability compared with RBF kernel. However, the requirement of ground truth poses huge computational burden for large-scale datasets especially in indoor environment. Similar ideas had been investigated later by extending deep residual networks [14] [22] [19] [23] [24] or adding explicit context supervision [5]. None of them took full advantages of multi-modal information simultaneously for learning high-level cues for more accurate prediction. Multi-task Learning Multi-task learning combines multiple related subtasks together so that each individual task becomes easier to learn since there exist strong correlations within related sub-assemblies [13]. Several recent studies demonstrated promising results on combining several computer vision tasks with unified frameworks [15, 19]. He et al [18] defined four types of cross-view connections and combined three up-down-stream branches in hierarchical way. Amongst those works, Yu et al [21] introduced a shared encoder-decoder structure to capture global-scale spatial contexts across modal domains. All above mentioned programs depend heavily upon domain specific priors as well as stochastic sampling strategies to make predictions. The effectiveness was shown through experiments on PASCAL VOC 2007 database, however scaleable general-purpose models cannot be learnt easily since no generic architecture exists yet. Conditional random fields Conditional random field (CRF) is widely used to handle non-linear dependencies of variables [4, 40]. It takes maximum likelihood criterion to maximize conditional probability given observed evidence. Compared with standard Markov chain Monte Carlo (MCMCTS) algorithms implemented in Keras library [41] -which does",Bloom-7B,0,4825,693
"Heltigan loved where he worked and what he did. Growing up he had taken the idea of'never working a day in your life if you love what you do' to heart, but it was not until his experience at Workhorse that he really got into riding side-by-side with cowboys all over America. After retiring from Workhorse Curtis went on to work for another cattle company and then became an entrepreneur owning companies selling mobile homes to retirees around western Nevada. In August 2011 Curtis began using his many years of knowledge as a retirement planner to offer financial planning services based out of his home near Benson, California. He started by offering simple tax free money market accounts and soon developed more sophisticated strategies focused primarily on real estate investments.",Bloom-7B,0,786,130
"[substeps] Show your child that you respect how they think and what they want, and that you want to take the time to listen to how they feel. Ask them for their opinion about an issue or project (e.g., ""What do you think would be a better way of doing things?. Encourage children who are skilled in communication skills to talk more often with adults at home and school. The title says it all...I am still enjoying this season! I have had so much fun putting together ideas - we're going through a few favorites from last year's post on my blog as well as some new ones! When Jen shared her inspiration board she said ""I hope I can inspire others to start making plans early and organizing everything ahead of time!!"" Well I'm here to say YES!!! It's not always easy but it's definitely worth every little bit of effort! (And sometimes it even makes me realize just HOW CRAZY busy life is!) For those of us who live alone like myself...we tend to forget that there will come a day when our house might need cleaning up someone else's grandma needs a helping hand!! We also get caught up checking email during work hours which means if anyone has unanswered emails left over after 5pm then guess who gets to deal with it??",Bloom-7B,0,1221,226
"Harvard operates several arts, cultural, and scientific museums. The Harvard Art Museums comprises three museums. The Arthur M. Sackler Museum includes collections of ancient, Asian, Islamic and later Indian art, ceramics, glassware, jewelry, textiles, miniature paintings, as well as manuscripts dating from the early Middle Ages to modern times. The Glyndon Hall Collection houses works by artists such as David Hockney, Jasper Johns, Annie Leibovitz, Robert Rauschenberg and Andy Warhol. In addition to exhibitions on permanent display in its galleries, it also hosts a number of temporary exhibits throughout the year. It is one of only two galleries outside New York City with an exhibition space dedicated solely to contemporary American artists. In 2015, the museum opened the Whitney Post Pavilion for women-led work. Library Several large public libraries are located within walking distance of campus; these include those at Faneuil Hall (located across the street), Smith College Library, Blackstone Village Public Library, Harvard Yard Library, Porter Square Community Center Reading Room, Brookline Public Library, Newton Institute Building - Cambridge Branch Library, Fine Arts Library, Memorial Union, University Archives, the Massachusetts State Library System's Art Libraries Consortium: Boston Area Collections, and the Appleton Regional Library. Articles about these libraries can be found online here[Learn] Most students use their own laptop computers to access the Internet via WiFi or Ethernet connections. These wireless networks have been deployed since 2005 over 400 locations around campus. Students may connect to this network using any computer that has the appropriate software installed - such as Windows XP Home Edition, Microsoft Office Access 2000, Mac OS X 10.1, Linux 2.4, etc., but not older versions - and they must turn off antivirus protection during this connection process. All wireless users - including staff members- are required to agree to the terms and conditions set forth by the Wireless Services Department. A list of all currently active local area networks can be seen here[Networks] as well as FAQs posted there that answer common questions concerning internet issues on campus. HGSE (the High Performance Computing cluster) provides high-performance computing facilities on some faculty and graduate student desktops, which typically involve running parallel programs involving thousands of nodes. There is also hardware available for research group use, particularly searchers interested in particular topics such as bioinformatics. Since 1997, whenever possible, the library has made materials easily accessible through open electronic databases andor hosted them on its website. This makes it easy to browse many of the more than 30 million articles held in both print-form controlled-access journals and uncontrolled sources on various subjects, and sometimes even produce hyperlinked documents based upon user queries. On average each person will make five searches per week! College buildings There are six main academic colleges on campus: Harvard Business School, Harvard Law School, John F. Kennedy School of Government (JFK), Science (SPSI), William Fitzgerald School of Education, and Tandon School of Engineering. Each college consists of multiple schools and departments, although no single school is so vast as to cover humanities studies and social sciences, unless you count MIT, who does (and indeed has done). Each academic institution offers different types of degrees, diplomas, certificates, certifications, scholarships, summer courses, short-courses, internships, and other educational opportunities. Student life Compared to most universities, Harvard is relatively small compared to size-wise against top institutions world-wide. As of 2006 the university had approximately 50,000 undergraduate students, 5,500 undergraduates per undergraduate class, and 1613 full-time professors. At least 27 percent of the total enrollment was international, coming mostly from Asia-Pacific countries. That same year the median age of freshmen admitted to Harvard was 18 years old, making it among the youngest in the nation. According to Yale University News ranked Harvard ""the best selective liberal arts college"" on September 11. Athletics Harvard University Sports Development Corporation oversees athletic operations. Its headquarters are located on the Charles River Campus adjacent to Tufts Medical Center. Harvad Athletics competes in NCAA Division I football, men's basketball, baseball, softball, tennis, golf, lacrosse, swimming and diving, ice hockey, cross country, field hockey, women's tennis, volleyball, racewalking, track field, discus throw, shot put, long jump, javelin, pole vault, relay sports, gymnastics, weightlifting, wrestling, and tae kwondo wushu.",Bloom-7B,0,4843,694
"An innovative 3-D radar imaging technique is developed for fast and efficient identification and characterization of radar backscattering components of complex objects, when the collected scattered field is made of time-varying signals. This method does not require any prior knowledge on object structure or shape but only requires a collection of scattering measurements at different angles between transmitter and receiver antennas. The novelty in this work lies on 1) an analytical model describing tailored radiation patterns of arbitrarily shaped antennas; 2) modeling and analysis of target-antenna interaction; and 3) development of an iterative algorithm (a Recursive Least Squares -RLS-based approach), which enables to extract features pertaining to targets from measured scatterers responses. In particular, our rationale behind designing such new antenna relates with its ability: i) to generate multiple dispersion phenomena through N c subarrays by adjusting their relative phase shift (i.e., via array factor); ii) to excite polarization modes that are distributed over the entire space (i.e., no single mode can be excited) as well as iii) to provide omnidirectional coverage with an appropriate arrangement of radiating elements so to achieve nulls along straight lines passing through all points within spherical volume surrounding the transmitreceive locations (see Fig. 7). Such properties make MIMO-RF radars attractive tools applicable also if sensors operate under buried conditions where diffuse reflection coefficients cannot be easily controlled [6]. We illustrate the implementation details of each step involved in the proposed methodology using computer simulations presenting examples obtained considering both random reverberation environments and scenarios featuring more realistic multipath component models. We show how to extract information about size, dielectric constant and geometric characteristics of targets embedded or located close-by artificial obstacles andor water bodies. II. SYSTEM MODEL Consider three mutually orthogonal linearly polarized transmitting arrays (TAs) [TRX1-TRX1, TRX2 -TRX2, TRX3-TRX3] arranged according to the scheme shown in Fig. 1a. Each TA consists of several sub-array units ""Ar1,"" ""Ar2,...,"" ""Arr"" connected orthogonally to one another; these unit cells are referred to as ""Telemetric Array Elements"" (TAEs). They will represent the main source of reflections experienced by a moving target whilst undergoing motion inside a 3D complex environment. The total number N T of TELEMETRIC ARRAY ELEMENTS lying simultaneously active during operation is assumed equal to: where 2c denotes wavelength and represents angular frequency. Thus, we consider uniform linear arrays with interelement spacing slightly greater than half-wavelength [7]. For instance, assuming N T 16 and f 0 2 10 GHz, then, d T A 2 6d 0 19.6 mm corresponding to 20 times fullwavelength separation between two adjacent arrays' elements; hence, they cover roughly 70 degrees angle span interval. In order to simplify some computations later in the paper, without loss of generality, it is conventional practice hereafter let L denote length of side of rectangular domain occupied by TS (target-plus-shadow). Two fine resolution digital phased-array transmitters have been considered, namely: 1.) An idealized version of Single Beam Transmitter (SBT) having switched-on 16 identical steering elements. Thus, the signal transmitted by SBT takes into account exactly 4 independent polarization modes; one per sub-array arc defined above for transmission (i.e., (0, with z k Z 2 being constant vectors associated with elevation and azimuth channels (x-axis direction being taken parallel to x-axis of Cartesian coordinate system used throughout this section). Also, s (t) denotes broad-band continuous-time waveform sequence transmitted; w k (t) is zero-mean white Gaussian noise added uniformly over [0, t max ]. Therefore, the overall spectrum of transmitted pulses is W s (f) given by: (2) Hereinafter, superscripts and subscripts ""SBT refer respectively to SBT pulse shapes with reference to x-and y-channel polarizations while ""sf"" stands for scalar function. (3) Note that spatial filtering applied before sending data across communication channel results in attenuated power levels reflected back towards receivers [8] [9] [10] [11] [12] [13] [14] [15] [16] [17] [18] [19] [20] [21] [22] [23] [24] [25] [26] [27] [28] [29] [30] [31] [32] [33] [34] [35] [36]: Herein, R denotes reflectivity coefficient reflecting energy propagation path formed by line-of-sight tails plus those produced by secondary sources generated by different structures of interest; moreover, S jr is response of receiving antenna placed directly ahead of r-th sensor positioned either horizontally or vertically oriented with respect to horizontal axis (cf. Figure 11). Henceforth, due to similarity below, for convenience sake, we shall assume that R describes contribution of: i) direct echoes travelling forward along rays connecting the original point-to-point paths followed by impulse train emitted from TX1; ii) echoes emanating from various scatterers situated around TS. Imaging capabilities of considered systems could therefore be significantly improved by performing further processing steps exploiting additional data acquired and processed only after applying suitable preprocessing procedures to raw recordings received [9, 37]. III. SCATTERED FIELD MODELS",Bloom-7B,0,5485,788
"Charity was playing with friends in her yard. Suddenly, the kids noticed a weird car on the road. The car was moving really slowly. The kids had a bad feeling about it and they drove to investigate. The kids got out of their cars (in that order), but found no one inside. They went back into their vehicles. But once again, nobody was there so they left as quickly as possible!",Bloom-7B,0,377,71
"Antibiotics is a general term for chemicals that kills bacteria. Most of the antibiotics we have we found by looking at how fungus or other bacteria to protect themselves. These organisms are natural and not synthetic. In addition, most antibiotics used in veterinary medicine only work on certain types of microorganisms. Many classes of antibiotic such as penicillin, tetracycline, sulfonamides and macrolide can prevent growth of pathogenic bacteria but they also affect normal flora (good bacteria) which may lead to diarrhea. Some people think that if your child has colic then you need some sort of treatment with antibiotics, however this is wrong. Many people suffer from IBS (irritable bowel syndrome), bacterial infections complication of intestinal infections or even gastroenteric disorders caused by anxiety when there is something irritating their digestive tracts, so it does not mean any kind of disease will be cured just because it's called ""colic"" It's true that many parents tend to treat febrile seizures using drugs like ibuprofen, acetaminophen, fever reducers and pain killers. However, these medications do not cure the underlying cause of the condition - fever seizure itself. The drugs just keep us comfortable until our body temperature returns back to its original level. Otherwise, all children get sick sometimes, especially those who spend time outdoors playing sports! If you want to learn more about icd 10 code for chronic urticaria,you might visit: We've often seen young men sporting vintage shirts featuring the words ""baby doll face"" sewn into them. Why? To show off his girlfriends' faces. Or maybe he simply likes the look of clothes with cute phrases embellished onto them. Be it baby doll face jeans or sweaters with ""be mine forever"" stitched on top, make sure that you're gentleman doesn't see anything embarrassing while wearing one of these items. (Although technically speaking, anyone could wear baby-doll-faced clothing - kids would love to say ""I'm going to take over this world!"" - not everyone wants to look silly.) Perhaps the best way to avoid landing yourself in hot water is to refrain from showing off one's social media profile photos online. Some guys don't feel comfortable sharing pictures of themselves without makeup on; others worry that women are judging what looks good on them based on what appears above Instagram filters. While we can't live in fear of being judged, we should try to find ways around making ourselves vulnerable in front of strangers whenever possible. If you haven't yet figured out, sticking to neutral skin tones always works well; ditching highlighter and adding a little bit of contouring never hurts either. While macho men have been known to sport large tattoos, small ones seem to be gaining popularity among younger generations these days. Tiny inkings give almost every man an opportunity to flaunt his creativity and individuality, and you'll probably end up getting compliments no matter where you go. Whether it's a simple phrase smudged across the chest or a dragon fanning through several places throughout different areas of the body, tiny designs definitely bring out the artful side within each guy. When choosing a new shirt, remember that nothing screams streetwear quite like statement ripped denim. This trendy piece goes great with classic tees, polos, and button-down shirts alike, and adds instant depth to anybody's outfit. We suggest finding dark blue, indigo, black, navy, gray, red, olive green, khaki, brown, white, light pink, yellow, orange, peach, purple, turquoise, aqua, pink, etc., colors since these offer plenty of scope for design options. Opt for various cuts depending on whether you're after slouchy boyfriend-style fits or straight leg style jeans. Around the year 2000, the word ""streetwear"" was coined to describe a whole genre of casual apparel: hoodies, tracksuits, gym gear, running shoes. People started referring to this type of fashion as ""outside-of-the-box"" thinking. As things got better in terms of quality and craftsmanship, designers were able to create high-quality products suitable for everyday use, much similar to the modern day t-shirts available today. The key to creating stylish results lies in mixing old and new styles together. For example, instead of purchasing brand-new sneakers every month, opt for retro-inspired accessories like trainers that match perfectly with popular men's tee trends. Combining older and current styles allows men to stay ahead of the game regardless of what happens outside. Stylists recommend buying close-to-size clothes in order to ensure perfection upon arrival. Red lipstick isn't just reserved for romantic nights anymore - or at least that's what lots of young lovers believe. Actually, red lips are perfect for celebrating Halloween, Thanksgiving Day, Christmas Eve and New Year's Day celebrations too. Don't let stereotypes rule your life, folks; during warm weather, bright red pinks actually lend pretty soft charm to grooms; once air gets chilly though, bold reds turn into hard-core expressions of passionate",Bloom-7B,0,5106,801
"A Dutch company called Beladon is creating the world's first floating dairy farm. The farm will house 40 cows, and will recycle as much as it can. Cows will be able to drink water from a reservoir... Fresh milk that comes straight out of your refrigerator might just seem like fiction at this point in time. But there's another way for us humans to enjoy freshly squeezed juice. This project brings together new innovations by researchers and academics with practical solutions developed within innovation hubs across Europe The European Commission has announced funding bids worth more than 27 million (34 million) directing towards innovative projects that would create products or services aimed at improving consumer protection throughout the EU-28. These awards follow an earlier call for proposals entitled ""Proposals on Innovative Products Services designed to improve Consumer Protection"" which received 1,200 submissions - the highest number ever achieved under such a programme - including 3,500 applicants from all 28 Member States. With these funds, up to 30 successful applications will receive around 2.5 million each over three years to launch their business ideas. In order to attract high quality investment opportunities into its space infrastructure, UCLan Research Hub launched a competition last month inviting teams of students anywhere in the world who can provide proof-of-concept prototypes applicable to one or more of seven key objectives:",Bloom-7B,0,1466,225
"Juice played piano for her church choir. Pastor Evan wanted her to play the organ instead of piano. Juice practiced the organ but didn't enjoy it as much as piano. She was somewhat disappointed with herself and felt that she wasn't good enough at playing both instruments. In addition, there were several factors in Juice's life which created pressure about being an accomplished pianist: 1) The high expectations from people around her; 2) Her family's standards for her success; 3) And her lack of self-confidence. Her family had a few musical chores they liked doing together like singing or listening to music. When Juice joined their group sometimes we would get up early on Sunday mornings (before 7:00am), practice our songs before going to worship services so we could be prepared. At home my mom always made sure I did well in school because according to her when you do your homework it's not just work you're doing but something important too!",Bloom-7B,0,954,162
"""Captain, status report!"" I barked as I exited the dimensional gate, this was the 15th universe we had visited since the invention of the gate and all of them looked like they came straight out of a sci-fi novel.",Bloom-7B,0,212,39
"""Denied?! I've been waiting here for 7 hours for this permit and you denied me?"" The teller had been watching this man for most of her shift. He spent most of his time at the counter, staring out the window. The woman looked around frantically but found nobody to help her or even notice her distress. She was a high school student with braces on both sides of her face that were too long. They gave her an extra minute before she could leave. ""Oh my gosh! I can't get over it! It's just so unfair!! But it doesn't matter now. I'm going home anyway because it'll only take 30 minutes from here to where we live (a suburb). My mom said if I don't go back in time they'll have to give another one. So I'll be fine...I hope they let him through soon. Maybe somebody else will come by later."" She felt better after telling herself that things might not always turn out as badly as people think:",Bloom-7B,0,890,170
"Hank was at the rodeo Saturday. He saw the most amazing bull rider. This guys stayed on the wildest bull for over eight seconds. Even though this bull had thrown Hank several times, he managed to stay right in front of him and get it by with minimal effort. That's awesome! I have a son who is so into horse riding that sometimes we ride around our neighborhood instead of going anywhere else when possible. It makes me happy! I'm looking forward to hearing about your little guy as his laughter will fill my days I'm sure you'll be able to find some good outfits for him soon too...we've just got a few more items left of baby gear that are supposedly still up for grabs here but it's getting very difficult to keep track Thanks Jennifer!! Our daughter-in-law bought us all those clothes while visiting from Cali last year - she even won one or two things off an auction (one being the dress-up outfit!) We're planning on buying some new ones before returning home again because there aren't any stores in town where she can wear what she wants!! It sounds like you're having fun with her new adventure! Things seem pretty easy once people start acting cute toward them.. The first day wasn't always easy either. She would typically cry if someone didn't kiss or hug her and then only after they'd done something nice towards her. Now watching her starting to smile every time our neighbors stop by has been worth all the tears lol",Bloom-7B,0,1432,259
"Yet again, you feel for the families of those killed on board, and the people that actually survived the ordeal. It seems never ending. In less than a year two US nationals have been murdered in the Middle East. It's sad to think what will happen when the American military is next deployed overseas? Will there be another cruise missile strike? What do we expect from our leaders; they should stop being so naive about everything around them, especially if it could cost their lives like this... Jerry: This tragic incident takes place almost exactly one month after Hamza al-Muhajir was killed by an Apache helicopter gunship at the end of June 2016, near Baghdad's Bab al-Salam Mosque complex..the soldier who shot him had no criminal record...and while he didn't kill his fellow soldiers (or Americans) as al-Muhajir did a few months later, he's still alive and not under any suspicion for murdering another person. On both occasions, the killer entered the mosque with the intent to carry out attacks against civilians only last week, Iraqi security forces found bodies belonging to four children buried inside a pool filled with blood outside of Saddam Hussein's former presidential palace.. In recent years, the Pentagon has spent billions-of-dollars assisting Iraqis build up their army, police force, intelligence services, judicial system, and civilian institutions - all but abandoning its own domestic efforts following Bush-Cheney's invasion of 2003 - which left the country reeling from war, neglectful government, corruption, poverty, heavy sectarian divisions, gender discrimination, arbitrary arrests and torture, mass starvation, public executions, widespread lawlessness, looting and insecurity. But even with the impressive progress made thus far since then, ISIS isn't going anywhere soon...The fact remains that no matter how much money Washington pours into training local militias here, its troops are simply not equipped to defeat the Islamic State....And yet, despite these dismal facts, Secretary of Defense Jim Mattis continues to push hard for continued U.S. combat operations in Syria and elsewhere in the region. He announced Tuesday that President Trump ""has directed us to continue airstrikes"" in support of Kurdish-led Syrian Democratic Forces fighters - meaning ISIS is free to roam unchecked over vast swaths of territory within both countries where it can commit horrific crimes such as kidnapping. Iraq already suffered enough casualties due to wars between various insurgent groups during the past 30years, now comes death through missiles fired onto innocent civilians! What a terrible tragedy! The Stupid War Is Back Again!! I'm sure this is just part of many attempts to raise military budgets. (military budget paychecks!). I hope that this won't become too expensive for taxpayers....betting millions of dollars on getting rid of Assad will probably set back their hopes at least temporarily. The benefit may come long after the battlefield has turned once more!!",Bloom-7B,0,3007,467
"Go a few days with natural hair, not using any products, and observe what your hair tendencies are. You may discover that your hair is: [substeps] Oily dry normal wavy curly or straight. If you know it will be choppy once you curl your own hair, think about getting relaxers in order to save time throughout styling. The price of this service is typically high for the product quality, so ensure that you're getting exactly how much you pay for. As mentioned at first on this post, everybody's body type differs from each other and there are lots of factors which go into deciding whether or not one particular person would benefit more than another when following my suggestions here. But if you do make use of all the tips discussed above, you'll have healthy shining locks no matter what form of hairstyle you choose! It does not always happen immediately after an injury as we get used to the pain afterwards but it's something I am really looking forward to: strong legs again!",Bloom-7B,0,982,174
"Details on Samsung's upcoming Galaxy A53 have been leaked. The new phone will have a 6.5-inch FHD 120Hz display with a built-in fingerprint sensor under the glass, a mid-range Samsung Exynos 9611 chipset and an 8MP selfie camera. The PhoneArena report further reveals that the 'A53' model of the smartphone is likely to be launched at around Rs 25,000 in India later this year. It has also mentioned about its features: If you are looking for some fast 4G LTE connectivity then there shouldn't be any problem as it packs dual SIM support along with VoLTE functionality. In terms of storage options, the device comes with either 2GB RAM or 3 GB RAM models while the battery capacity might vary based upon whether it's 2GB RAM or 3GB RAM version. In addition, it has a 32 MP primary rear camera setup which includes laser autofocus technology so users can shoot amazing selfies easily without worrying about blurry photos due to focus issues. For those who love taking videos with their smartphones, we can assure you that you'll get the best experience out of it thanks to two front-facing cameras - 5MP5MP units equipped with AI Beauty mode feature.",Bloom-7B,0,1149,198
"Maya was in her room when she noticed a few ants. She followed them and saw them all going in the same direction. That's when she found a huge trail of dead corpses. That's even more gross than you think it would be. I don't know what they put on there but it is disgusting! Easily one of my favorite movies ever, really makes me try to watch scary movies like this because I'm not so scared as times go by haha PI:USER Thanks for sharing your opinion! Do enjoy watching these films since most are actually pretty good if you're able to scare yourself...I didn't feel afraid at all:) Let's say that you're trying to land an interview with a big company - why do you want to get someone else's job? Not only can traditional recruiters take weeks or months between submissions, many jobs aren't advertised online until late into the process. And no matter how much hiring managers work their tails off looking through resumes (and worse yet - rejections!), companies still can't guarantee interviews will happen unless candidates call first. That said, you don't have time to sit around waiting for phone calls from people who only care about money. You need some help outlining the next steps toward landing a new position quickly...just click here to begin your application today. Whether a business has opened up recently, needs to fill open positions immediately, or plans to hire soon after graduation, it's easy to start applying now and see where things lead. We just ask prospective applicants to submit their resume before sending any other communications; that's better than nothing. Interested parties must apply via our website first and then come back to us to schedule a video interview andor provide personal information (including contact info) necessary to complete the form. The person submitting should also answer basic questions such as:",Bloom-7B,0,1856,315
"Awesome popcorn and great service. We stopped by this location for the 1st time on Saturday and we're very impressed with the popcorn options and the great service we received . Great place to get a quick bite! I would recommend going at lunchtime as there is more seating, but it was nice enough even though they were packed! This spot has been my go-to when I'm in town visiting family...price point is reasonable plus it's always full of local people just like me Lovely room here for two nights - All mod cons you need are available apart from wifi which can be hard sometimes on holiday so don't let that deter you",Bloom-7B,0,619,114
"Audius is a music streaming platform based on the Ethereum and Solana blockchains. It was founded in 2018 and is now the largest decentralized consumer blockchain application, with over 100,000 users. The goal of Audius is to provide a performance-driven model for the creation, distribution, and consumption of audio content by enabling musicians and listeners around the world to connect directly without intermediaries such as record labels or distributors. In addition to this, it claims that it has built the first connected in-ear headphones which can be used like smartwatches - all within an open-source framework that allows developers to build new applications (called ""AudioApps using its SDKs. It also features a unique ""track sharing"" feature that lets you download any track from your favorite artist's album to personal earbuds - whether they are owned by you or someone else, even if they're only available through other platforms. The company plans to launch MusicPass later this year allowing artists and fans alike access into their entire catalogue. This announcement comes after Twitter announced earlier today they were launching a public testing version of Audisync, adding more than 800 tracks to their library. Given that Apple recently launched AirPod Pro, we will see how this technology develops given the fact that Samsung already have Galaxy Buds, suggesting there may not be much competition ahead... While it's true that these days most people listen to Spotify Premium rather than buying physical CDs and MP3 files, there still seems to be a huge demand among fanatics who want to own the original recordings. For instance, Kanye West just dropped his newest song titled 'Free' featuring AAP Rocky, but he didn't do so though iTunes and Amazon... Instead, every single copy sold out instantly when it hit stores. Joining him on tour last week were Odd Future member Tyler, the Creator along with fellow Hip-Hop heavyweights Travis Scott Diddy After dropping one part of the singles involving their respective managers ""WAPMoney for Nothing,"" it's fair to say the pair had been beefing throughout 2019. However, despite the differences between them both being pretty obvious, nothing could stop them falling back on each others shoulders during that time frame! You might remember seeing Tyshawn born in 2015 wearing the same outfit that Wiley wore at the end of 2013's Pitch Perfect 2 movie trailer preview event. Wiley posted a tribute video expressing regret about letting Ty then leave school early instead of going straight to college:",Bloom-7B,0,2572,411
"Drake was a fun loving guy. He liked to hang out with people all the time. He was always loud. This drove people away. So in the end, he lost his friends and I think that was pretty sad. He had been getting into trouble at school for years...he would get suspended from class because of fighting etc., but when he got arrested it took everything out of him. Drake's parents were very religious people who wanted their son to follow proper Christian values. They tried so hard not only to raise Drake as an obedient child, but also made sure they instilled good values in him through different activities such as Bible studies, prayer meetings, retreats, etc. They prayed together over every decision and action Drakes took. Even if he went on some errands without them knowing about it or did something stupid, his mom would still go along with whatever he decided he needed to do. It really broke my heart watching her cry alot while crying herself during those times, even though she knew what was right and wrong!",Bloom-7B,0,1016,182
"Sarah was excited about going on the trip. Her and her friends were going to float down the river. They had all bought tubes to float down the river in. Sarah's friend Juliet asked if she could take a picture of them with their tubes on so that they would remember this special day forever. Juliet thought it was a good idea, but Sara said no because she didn't want anyone else taking pictures. I love how Marissa talks back at her father in this storyline! (Kind of like my 5-year-old son! Lol) It's funny! We found out through our PowerPoint presentation why some people are better than others when it comes to reading books aloud... You can read more about this below... It is important for children to learn to read well before you teach them to write or spell. (This topic goes into detail.) Ahhhh... I am gaga over these adorable illustrations by Kelly Snyder Brown!! These are Phineas and Ferb style drawings where characters look just like us (and we know who they are!) Check out one from the book ""Who Am I?"" Our resident Mindy, Sara (3), Jimi (2), and Max (6 months old). We added two new members as well: Anna, Sam and Chickie... Here is my favorite page with Mrs. Piglet and Mr. Duckling... And do not forget to check out the other pages featuring our pets too!! And here is another character: Annie Oakley!!! She makes me smile every time I see her! Can't wait until Book Club meets again next month... As promised, today I'm introducing you to The Wannabees - a group of 6 readers ages 2-6 who will be teaching and participating in the book club! These are real kids! The girls began discussing what kind of animals they liked most ... right away they chose giraffes and elephants. Then Steve suggested an animal hat competition using pennants... they decided there should only ever be 1 winner When they came up with absolutely crazy names such as: Grumpongiodians and Bubby Crabs, I finally understood that they meant big fish! One morning along the way home after school, Smarty Pants slipped off his bike and fell feet-first into the muddy puddle. This caused him tremendous pain; he wailed loudly instead of laughing. He kept saying ""I have hurt myself really bad! What shall I say now?! "" His parents tried telling him that misfortune never happened twice, but he insisted that someone has to tell him exactly how bad things got - once it's been done once can't happen twice. Finally, his mama told him that even though it happened very bad, your mistake may still get fixed as long as you're brave enough to ask God for forgiveness ... - Make sure you're staying fresh on-the-go - Our smartwatch case covers let you keep track of your fitness stats while giving life to your wearable. Get connected to Apple Watch Series 45678 Gen1 SE Nike Sensor watch bands available separately - Stay organized and make sense of everything around you - Use built-in apps like Stopwatch Calculator to help stay accountable to your goals. Shop online for affordable accessories for iPhone 1112 ProXS MaxXR 8SE 2020, Samsung Galaxy Note 20 Ultra 5GS20 Ultra 5GS10S8 PlusS7 Edge, Google Pixel 3XL4 XL33A2G1, Huawei Mate 40 ProMate 30 ProMate 30109P30 PRO, OnePlus 7-8, LG G8X ThinQG7 ThinQ, Sony Xperia XZ2Z3Z3 CompactZ4 Dual AI7 III, HTC U11U9U8E8E, Microsoft Surface DuoLaptop Laptops and MacBook AirAir 1516""",Bloom-7B,0,3316,581
"We all remember the day, June 25 2025, the day of the unstoppable circle-jerk that resulted in fall of Karma and the collapse of society. But I'm getting ahead of myself. I know about your fears for the future if I were you... but let's take a step back from world events to look at what is happening now on Mother Earth...",Bloom-7B,0,323,62
"Among the few bright spots during this season were the midseason crime dramedy Castle as well as the success of two family sitcoms that anchored the network's revamped Wednesday comedy lineup: The Big Bang Theory and Community. The former had a 2.3 rating in its final Thursday episode, according to Nielsen data compiled by TVLine. That was up from 1.5 on last year's finale. It followed an impressive 3.2 for ABC's second-annual revival of How I Met Your Mother (which is currently airing), although it did not match CBS' premiere figure of 4.1. Community, meanwhile, beat out NBC's All About Steve with a 0.84 among adults 18-49 which means less than 50 percent watched the show. Last week, however, its numbers improved to a half-point higher at a 0.92.",Bloom-7B,0,757,129
"is mowing the lawn back and forth. I mean, what better way to pound your feet on this fierce fabric than by doing it in a patterned slipper? Before you even take them off. I know our society seems like it's all about comfort now - but if you're going for fashionable style rather than practicality then finding shoes that are comfortable yet look good is key! These are my go-to summer sandals right now because they're extremely comfortable (and stylish). They're from LUSHLUXE Shoes have adjustable straps so they're perfect for me! The main reason I'm not saying no to white sneakers anymore... these make being barefoot super easy! (And seriously, who doesn't want their heels lifted high while walking?) But I don't want any one of those sneakers just to wear out with each day - it's how many steps I'll be able to walk into them over time that's important too! One pair of great quality black flip flops can do more than enough.",Bloom-7B,0,935,167
"Mike is tired of his office job. He dreams of becoming an entrepreneur. Mike quits his job. Now Mike doesn't have any money. Feeling embarrassed, Mike applies for another job. His boss: This time the movie shows people who are in crisis and need help, but instead they turn to corruption. In the story there are two main characters - Michael (Ryan Reynolds) who has just quit a good position at Microsoft as IT consultant; he wants to be free from monotony. The other character is Billy Bob Thornton's character Mark Cuban with whom Michael starts working on the same day. Before that Michael was very successful, now all this success seems like never ending struggle, it looks darker than before. Everyday things get more and more complicated, so what did you do? How could someone survive such situation? Of course one should start looking for new options, trying not only different jobs, but also changing ways to make some profit. But these scenarios don't always work out well after all. People feel hopeless because it's almost impossible to find something which does pay off enough. What can we conclude about our lives if we look over those movies? First of all, happy endings rarely happen! If you decide to follow somebody else's path, try to live life through their eyes - no matter how bad your choices seem right now!",Bloom-7B,0,1330,231
"Latent feature models are canonical tools for exploratory analysis in classical and modern multivariate statistics. Many high-dimensional data can be approximated using a union of low-dimensional subspaces or factors. The main idea is to represent the original dataset as a linear combination with unobserved ""latent"" variables which contain most of the variation observed among subjects. We associate each latent factor (or dimension) i R p, 1 i c, being an unknown parameter to a subset {1,..., m} consisting only of indices corresponding to classes that have been assigned to it by some classifier f. The number of classes associated to each latent variable, denoted as k i1 i 0, depends on how many categories we want our classification procedure to distinguish between. So if the response vector X belongs completely to one class C {1,..., c} then all components of will vanish except for those belonging to C: In this way we obtain a sparse containing information about features related exclusively to this particular class. As time passes new samples arrive having their own labels y t at times t 1; however, since these samples belong to different cohorts they might not share common underlying structures such as gene expression patterns. If we consider two adjacent time points in our sequence of observations t h 1 and t we may assume independence: where Z N (0, 2 I). A simple consequence of assumption 3 is the so-called ""noise"" property: Also note that assuming independent errors implies independence across subjects so no further assumptions need to be made regarding cross subject correlation structure. Given a certain value [0, 1], there exist methods from both Bayesian inference and penalized regression based approaches (see e.g. (Tibshirani et al., 2005 that provide consistent estimates under regularity conditions defined above. Because of its popularity within penalization theory Beckwith Teboulle (2004a), Brezger et al. (2005), Friedman et al. (2008), Wainwright and Jordan (2009), Reeves et al. (2010, chapter 6) discuss in detail how to interpret results from LASSOelastic net-type algorithms; see also Wahba (1990). In order to explain the application of Lasso-like techniques to dynamical systems problems we present here the basic principles used to build them. We refer to Section 4 for more details. The problem considered here differs slightly from standard applications due to the fact that the target function g has discrete values while usually available objective functions are continuous ones. This issue was addressed before in several works dealing with Krasovskii's theorems (Krasovskii, 1960, Chapter 8) but did not receive any attention until recently (e.g., (Friedman et al., 2008, (Reeves et al., 2010, section 7). In general practice interpolation is employed in order to deal with differences in scales or ranges involved when comparing multiple objectives. However this approach does not appear suitable in our case because directly interpolating between predicted probabilities obtained via linear model estimation would result in loss of important biological interpretation and could lead to biased predictions. Let us suppose that given a set of n sampled trajectories {X i } i1,...,n and their corresponding label vectors {y i } i1,...,n in D dimensions, one aims to predict d thresholds j where 1 j d; see Figure 1. Assuming equal intervals between each pair of consecutive thresholds, thus g takes into account the ordinal nature of the decision variable Y: Then letting H ( j; ): log Pr[Y min{ 0,..., j1 denote the binary entropy of the probability distribution induced by over {0,..., j 1}, it follows that: (1) represents the empirical likelihood function evaluated on the sample S whereas refers to the normalization constant required for analytic expressions. (2) represents the term known as prior shrinkage which ensures proper estimation in presence of many zeros in the design matrix along with large variability associated with small coefficients. For instance in the context of survival prediction tasks (Zou and Hastie, 1990; Hastie and Tibshirani, 1990) (and similar settings elsewhere) support vector machines tend to select too few non-zero entries causing considerable bias towards predicting low-activity genes. Prior shrinkage helps avoiding this situation. Bias reduction constitutes another crucial field of interest in dynamic modeling problems involving survival endpoints and censored durations (Duval and Tsiatis, 2004; Liu and Wu, 2011; Dasgupta and Ghosh, 2009). Such methodologies fall under the umbrella of illposed inverse problems and consist in finding an approximationh to h satisfying appropriate constraints imposed upon it; namely, where denotes either a measure of fit criterion like mean squared error or the negative log-likelihood, is a penalty strength controlling sparseness of estimation and is a positive scalar introduced to maintain stability in numerical computations. See (Donoho, 2006; Chen and Shen, 2008, section 5.3) for in-depth discussion on these aspects. One prominent example of bias reduction technique proposed in the literature consists in replacing Laplace priors on single parameters by gamma priors; see (Chen and Shen, 2008; Friedman et al., 2010; Wang et al., 2011).",Bloom-7B,0,5288,815
"I was just reading [this thread] where everyone keep saying that morality is subjective. I honestly think that it's not, morality is objective, everyone knows at any time what would be right and wrong to do in a given situation but the question of whether or not you consider yourself morally responsible for your actions or decisions (or lack thereof) makes no difference. The following quote from my post on ""What does it mean to have morals?"" sums up this idea. You may disagree with everybody else about social norms, but if you're consistent within yourself you'll agree with them all! (If I'm completely uninformed I'll admit that I'd like someone to explain me how political correctness could make someone's life better - I can't quite grasp the thought behind things like ""feminism isn't real until we are equal.... A: It seems to me that there has been some confusion around ""morality"" as opposed to ""ethics."" Ethics: The study of reasoning under constraints: How can one act ethically when dealing with others? Morality: All people share an intuitive understanding of what good and evil are: What should they do? In short, ethics is concerned with our interactions with other people and makes judgments based upon rational arguments. Morality deals with our own conduct - what we personally choose to do.",Bloom-7B,0,1314,220
"then grabs a second ball and continues to demonstrate advanced mikan drills with both balls. This continued for about 20 minutes before stopping. Back in the car, we talked more about his career prospects as well as what he was doing during this offseason. He said that there were no plans of changing schools but just trying to improve on himself so that I could get him back into a position where he would likely have an opportunity at a top college program like Florida State or Clemson (his hometown school). He also mentioned not having enough time left on his visa from playing overseas before it expired and therefore couldn't play recreational lacrosse yet while waiting out his current status here in California. We discussed how hard it is sometimes living without your family when you are young because they can't be around all the time - only visit briefly each month. The two times I've been able to spend time over his birthday (June 5th) and Christmas (December 25th), things didn't go exactly according to plan. His father requested that he stay home again since he had some work issues to deal with and needed someone else to take care of. At first he declined until my brother convinced him otherwise by saying ""we'll help him."" Then when I got home one day later after I came late from work: It felt good to finally share a laugh together; maybe even a hug... but then our conversation ended abruptly with neither of us wanting to start talking anymore. We drove down to San Francisco which meant another hour drive south along 101 freeway. On the way out of town, Jason stopped for lunch near the entrance of Mission Bay park. There's always something interesting going on; some kind of art exhibit almost everyday though most seems uninspired. It reminds me somewhat of downtown San Diego except in less crowded neighborhoods; much nicer than SF probably due to its proximity to waterfront area. For many years now, the bay has become a big tourist attraction every weekend especially during summer months, hence why it's called Mission Beach. When we arrived in Sausalito, we walked up the hill and took pictures of the pier. Our hostess graciously agreed to show us her apartment overlooking the harbor behind the Hotel del Coronado - completely different view from ours located above the street! She showed us the interior decoration and told stories of past residents who used to live there... funny stuff! After checking-in our room, we went straight upstairs to check out the barrestaurant inside the hotel. Despite being Saturday night, it was very quiet and solemn looking place. Not sure if that's normal or usually happens on weekends? Anyway....",Bloom-7B,0,2677,459
"This is something we'll likely never know the answer to. Let's just hope that they dream they are having is a good one, and it never ends.... they just sleep in. I remember when I was on my first date with Tasha she told me at about 34 of the way through dinner how excited she got when we were supposed to start kissing because: 1) We'd been friends for 2 years so there wasn't anything romantic between us (but also hopeful we could get serious eventually); 2) She had worked out what would make her feel most comfortable during sex based upon studies by Dr. Packer's book ""Letting Go."" The part that really made me laugh was the last sentence she said, ""We should do this every night!"" Now when people ask where I met him, he says it's like pouring oil onto the fire... when you find someone who makes you smile you'd rather be barefoot than have your shoes on... he's not the kind of guy you'll want to put feet up on... If you're looking for love let go of expectations and stop trying to control everyone else around you including yourself! People tend to say ""that's too good to be true"" or ""it doesn't work that way""; but it's easy enough to see why these things don't happen... It's all about perception. If you're able to think positively then life will begin treating you accordingly. Smile more - laugh more - speak less -move often and keep moving forward. I am totally against dating somebody if you already live together since it takes away from safe sleeping environment especially while travelling.. travel as a couple only once before deciding on marriage.. Dating after divorce can seem dauntingespecially given that you've been single longer than previously thought necessary. But don't worry, there's no need to wait until you're ready. Just follow our advice below, and everything'll fall into place naturally.... As someone just starting to date again after being divorced, I've asked myself a lot of questions over time. Here are some tips I picked up along the way: A few months ago I finished reading ""The Rules of Attraction"" by Brian Tracy. It has helped open my eyes to certain concepts which I'll talk about here.",Bloom-7B,0,2143,381
"Where am I? The instant I re-gained consciousnesses, I felt the question surge, and then, another surge; this one of electricity. My brother and I had been used to rude awakenings but we were not prepared for this; it was like a bolt from hell! And when I opened my eyes there in front of me was a man standing next to me, holding two keys. 'Hi Josh,' he said softly, 'I thought you would be awake now with your head hammered after that trip home last night.' His voice sounded so distant as if he couldn't hear what I just answered him. As far back as memory went, his tone had never changed since high school, always cold and aloof even though deep down inside he knew I loved him more than anything else on earth. He took out an envelope from his coat pocket:",Bloom-7B,0,762,146
"The day started off raining and I just finished my morning coffee. A breaking news story of a school shooting was being broadcasted. I panicked, knowing this was my son's fifth year in the same high school where he had been an active member for over eighteen years. I saw that it was going to be another boring field trip today; we were museum hopping around Buffalo, NY., visiting Six Flags Great Adventure. After lunch from our favorite Mexican restaurant with a side order of tortillas, I called him to see if he'd come back home early to tell me what happened. He said no and told me later his teacher thought he might have been out playing golf somewhere. It didn't matter how many times people asked on social media - there would never be any explanation about why such a tragedy could happen at such a young age. He left his life behind causing so much pain and heartache not only to those who knew him but also everyone else. The world stopped turning while millions mourned their loss as they sought closure into why someone so beautiful, kindhearted and generous like him could do something so evil? What can anyone say? What will eventually bring us peace when you lose your child or somebody close to you? I've struggled all my adult life trying to find God within myself through prayer, meditation, reflection, writing and other ways I've discovered. For too long I believed some religious doctrine which did nothing to help improve my life nor make me feel closer to Creator. But one thing is certain: It's better than living alone without purpose in a prison cell having no way to escape. So now I'm searching again... looking outside myself to search deeper into meaning, connection and acceptance toward how everything makes sense together inside my mind and soul.",Bloom-7B,0,1781,313
"pulls a card out and sets it on top of the other cards. The majority of us do this, but what is that actually doing? It divides our deck into three piles: The goal for this exercise is to find the best two-card combination by sorting the remaining 34 cards according to their value (lowest first). Players take turns making their choices from these three piles. In addition to having an interesting game play aspect and an intriguing theme, there's also some deep learning among its many benefits as well! For example, if you are looking at building your own AI with DeepMind then we highly recommend giving Sky Wilds a try before diving in. If you're not yet familiar with how neural networks work or don't have all the timeresources needed to get started, let me give you one example: This video will walk you through how the machine learn process works within Deep Mind. As I mentioned earlier, when playing games like Nuts Bolts, players must recognize patterns quickly using purely visual cues - without any input from verbal clues such as language understanding models, speech recognition systems, etc., which can be quite challenging in general due to limited computing resources available to humans compared to machines. With the ability to generate thousands upon thousands of different images per second and use real-time optimization techniques, it's certainly possible for artificial intelligence to find more complex solutions than human beings could ever hope to tackle. Turns out that even though we're still nowhere near enough data points for that, neural network algorithms already show great promise in finding useful insights about games' visuals. For instance, they've been proven to detect differences between proficient and less-proficient opponents in darts videos recorded during matches.",Bloom-7B,0,1813,293
"The top number in the time signature indicates how many beats there are in the measure, and the bottom indicates what note length gets the beat. I.e. in 44, there are 4 beats per bar (44).",Bloom-7B,0,188,36
"The atrium's filling up with spectators. Today's match is of a particular importance. Something about settling a dispute between two warring superpowers over some mining town in bumfuck nowhere. It 'd be like a war on our doorstep. ""So I think we should go inside and see what all the fuss's about..."" he says, looking at me suspiciously as if to say, why don't you check it out for yourself? I have my reasons but I'm not going into those now. The crowd has turned against us, they're pushing hard and shouting at each other while they watch this event play out. Perhaps I'll get another chance here when it's time to leave tomorrow morning... We walk through the corridor along which they've set up their viewing area and find ourselves outside the stadium itself. We've come too late perhaps but there's still plenty of people there anyway so we decide that we'll make use of one of them instead.",Bloom-7B,0,899,160
"Schneller, freundlicher Service. PreisLeistung ist optimal. Guter Tipp fur sub-fans. Den einziges Angebot fur die ganze Welt! The season of the Seven-Pointed Star is considered to be an auspicious time for marriage in China and is celebrated annually on fourteenth day or fifteenth night of January lunar calendar. Sports betting has been gambling with sports since ancient times; it was merely a good means how these people used different things that they experienced like - wheat, eggs, fruits etc. - for your entertainment purposes. Later when horse racing got its popularity around Europe, sporting activities bets weren't only played by folks but even animals (which could get rid of) also participated inside such games. The idea of athletics betting arrived in United States during 17th century as well. Sports books began appearing wherever there had been any kind of race events going on. In order to make this type associated with business profitable, bookmakers made their particular odds extremely high against individuals; therefore whenever anyone won huge amount through wagering and lying about his her knowledge regarding certain sport then he would end up being richer than ever before! Although you may not think of it because having fun at first glance, sports betting can really come across as some sort of job if performed properly. It requires patience plus understanding just what you're doing while simultaneously maintaining record of every single thing related thusly so that anything will appear right away should something go wrong along with the game being wagered upon. Aside coming from this, it's important to keep track involving all financial transactions produced due to the fact both losses and wins are often tracked together using accounting software.",Bloom-7B,0,1790,282
"The Recktonian race had ignored every single term in our treaty about the war carried and suffered by our youngsters. Their psychometry and technopathy were used against our starships and aircrafts with devastating effects, but there was no bloody word of complaint. ""You know I am right,"" said my father into his hands-free earpiece. ""This is a prime example why we must keep complaining with every word from now on to abolish this terrible war that has been going on for thousands upon thousands of years. It shouldn't have come down to us to do it all! We are just contractors to carry out orders, you see? It's not like they go straight up their own throats here; it's everyone's job and nobody gets blamed if something goes wrong or even worse happens - which doesn't happen very often because people get their brains checked at birth and stay when they've done what they're told without thinking twice! ""Anyway, back to your problem. Your entire crew's definitely not going on any missions until tomorrow morning. You can't leave them alone, so I'm calling someone else instead who can handle them better than you could - as well as being able to fly one of those things more efficiently too. There's plenty of time before dawn though: I glanced around the room only to find tears running down the faces of some people sitting behind me and a few others standing beside him talking quietly away to themselves over the heads of buzzing yellow objects above their heads. The next day we left the ship for an undisclosed location where we would always be together again after everything went according to plan. They took our baby girl home with them and named her ""Mary"" while never speaking another word to each other ever again. 1. The final scene in Pride Prejudice shows Elizabeth Bennet (Darcy) telling Jane Austen how she feels about Mr Bingley since he declined Lord Eltons' invitation last night as he'd promised himself to Miss Darcys sister Elisabeth.",Bloom-7B,0,1964,340
"is used to remove the ice cream into a bowl. Add your vanilla bean and stir until completely smooth. Add in all of the heavy whipping cream, sugar, salt, cinnamon, nutmeg, lemon juice, canola oil, eggs, maple syrup, milk and cup flour Once done pour your ice cream mixture over top of the cookie dough layer then allow it to set for at least an hour before serving! Excellent article about how we use our cardiology services with different patients who have complex needs that need therapy while also having other medical conditions impacting their quality of life or prognosis. The disease isn't always heart related so this allows us to work around these issues as well as helping them find solutions through counseling andor behavioral health care..",Bloom-7B,0,752,128
"Money. More people want to watch that than actual scientific programming. Don't blame the companies, blame the consumers.,These unscripted reality shows are really, really cheap to produce, mostly because there's no vetting for any of it. I like them but I don't get paid to be on 'em...especially when it's made into a show and not just a feature film. Yeah, I'm with you there too. But the thing is these days we need to make money or we'll go out of business.",Bloom-7B,0,462,83
"Here is a small list of peppers and how they taste: [substeps] Jalapenos: these peppers are ideal for making mild sauces. They have a strong flavor with less kick than cayenne pepper, but can be used to make sweet dishes too. If you like jicama or sprouts in your food (like I do), then consider incorporating jalapeno sauce into them! Cilantro chili powder: this makes a great addition to any Thai-style dish. This recipe uses one brand of dried chilis - Goya Roasted Red Jalapeno Pepper Flakes - it's my favorite snack because it has the most intense flavour! It's also an easy way to add some heat without overpowering regular foods! Let's get our chiles on! To season the meat we roast it first which adds amazing aromatics. (To learn more about how to cook fish fillets read here.) Finally, combine all the ingredients in a bowl and pour over the salmon filets. Be sure not to pull out any skin that may still remain attached since you're going to tear it off later onto each piece of plastic wrap! I suggest using two pieces of foil instead of just wrapping everything up in one single piece of fabric. This will allow you to easily open the bag while keeping the contents separate from anything else when cooking.",Bloom-7B,0,1220,219
"This is a must go place! I have been a regular at the Deer Valley location, and this lactation is just as good. Same great food, and same great people! The atmosphere is relaxed but professional all wrapped up in one amazing happy family! I wasn't expecting much from a dairy farm experience since I've had tons of them over my life and remember being disappointed by many but it did not disappoint me. The cows are so friendly that kids will want to pet them when we pass through their pasture with our camera gear on... indeed no animals get harmed during these experiences:) The prices are very reasonable compared to other places out there where livestock can be bought or sold for profit- even if it's just the milk they produce!!",Bloom-7B,0,735,133
"is now speaking next to the water and she's smiling the whole time. I hope she doesn't put up with any more of my cock-sucking, but if not I'll let her suck it off me at least once every couple days. I used a small cork syphon for this one since that's what most of you guys are probably using these days - no reason why we can't all be on the same page:)",Bloom-7B,0,355,74
"Larry bought a new pontoon boat. He invited his friends and threw a party on it. Everyone showed up. Larry had a great time on the lake. He had several fish hung out by their tails when he left. After all that, Larry took off to get some air. The water was 20 feet deep. What happened next made him realize how important it is not just to have an emergency plan but also to follow through with it: As soon as they got in the can-raft, Larry looked around for help. No one else was there. A man who did volunteer work in the park stopped and asked: ""What's going on?""",Bloom-7B,0,566,112
"Microsoft's DirectStorage API has arrived for Windows. The API allows games to stream tremendous amounts of data from an NVMe solid-state drive to a GPU without needing a CPU to do the work. DirectStorage is similar in concept to Microsoft's GameStream, which lets developers use Xbox One consoles as video game servers. (Specifically, it's not like HoloLens or Project xCloud.) Win10 Games With Gold winners will receive access to three titles over the next two months On PCs running Win 10 and with a compatible Nvidia graphics card (and potentially AMD too), it'll be possible to connect your storage devices - like Xbox Hard Drive Backup units, external hard drives and SSD cards (including those built into computers) - and then ""display"" all that data directly on-screen through a dedicated driver called DirectStorage. The technology works by using DirectX 12 APIs to write pixel-perfect textures at very high speeds while also delivering much better latency than previous technologies used, such as SMI. AMD says its drivers have been updated recently so that they can run under the new feature; however, this still depends on whether you've got an appropriate hardware support package installed and working correctly. Nvidia doesn't provide any details about how its own proprietary drivers are affected yet but we suspect it won't be long before other manufacturers implement their versions of DirectStorage themselves. It wouldn't surprise me if there was some kind of industry standard for supporting this capability: that's pretty cool tech.",Bloom-7B,0,1554,246
"Australia's foreign minister said these were ""not the actions of a friend."" The UK took similar action in March, after concluding that Israel was responsible for the use of forged documents to obtain visas from three victims. A Royal Commission into Foreign Interference last year concluded Israel had been seen as an ally by Prime Minister Benjamin Netanyahu and other high-ranking officials so long ago it has taken on ""an almost mythical status among Israeli leaders."" Pace Lieberman admitted there have been ""shortcomings along the way"" but defended his government saying they decided not to take any further steps because ""no one wanted more bloodshed or violence between Israelis and Palestinians"" The United States is engaged with countries across the globe who are suffering under terrorist attacks perpetrated by groups like al-Qaida and ISIS. But this does not mean Washington will be willing to overlook atrocities carried out by its own allies when such events threaten U.S. national security interests - especially if those targets include nuclear weapons systems. This can explain why the Trump administration's handling of Japan's alleged involvement in cyberattacks against American companies remains murky despite repeated attempts at transparency made over months. On Tuesday, outgoing US Secretary of State Rex Tillerson abruptly stopped short of naming specific suspects, though he did say law enforcement agencies involved in certain investigations ""have identified individuals believed to have played key roles"" in the hacking activities. Tillerson also told reporters Wednesday that authorities were looking at whether Japanese intelligence services might have provided assistance to terrorists since World War II, although he declined to name specific nations accused of doing so. (Related: JERUSALEM IS NOT A COUPLED WARFARE PARTNER FOR THE UNITED STATES)",Bloom-7B,0,1880,283
"""H U M A N! R I S E!"" A shrill whisper echoed into my ear. I opened an eye and stared at a thin, sickly looking male parody of the human form who was standing behind me with his arms crossed over his chest. I did not have time to think about it long before he pulled me up by my hair and began smacking me in the head mercilessly... ""HOU-MAN CHAOSHAW DAME ME? HOCHAMA-CHAOSHAW: SHOOT THIS WOMAN BECAUSE MY FATHER IS FREAKING HOUSEHOLD WRITER AND HE DOES NOT LIKE HER BOOKS. WHAT WAS THAT YOU JUST SAID ABOUT THE OTHER GIRL WHO MADE LOVE TO YOUR KINSMAN'S YOUNGER BROTHER?????? NOBODY WILL BELIEVE YOU ALIVE IF WE LET IT GO!!! NOW TAKE MY PHOTOGRAPH WITH AN RIFLE!!!!!! And then kill her! Shoot her quick!!! All right, get out here, you retarded fool, or I'll fucking shoot ya down! You HAVE TO BE COMFORTABLE WITH YOURSELF! GET OUT HERE RIGHT NOW OR I'LL PUT ONE IN THERE FOR Y'ALL! My face contorted as the man flipped through pages on his hardcover manuscript filled notebook which read in part: The Firstborn Persians are descended from Kronos and Gaia's Son. These mighty warriors were known for their strength and ferocity. They call the Persian nation the Sacred Army because one day these Warriors will wield the crossbow called The Shivarasu against the legions of Rome.",Bloom-7B,0,1278,233
"You were already used to doing some pretty strange demands. Hell, just yesterday you covered yourself in peanut butter. You can still feel some strange film on your skin from that. ""Well... I guess so,"" he said as she stretched out her hand and began rubbing the wet patches of oil over his face again. ""But you're not wearing a bra right now are ya? Not like any other time you've had sex with me though; no underwear or anything either. We haven't been using protection yet. The idea is to wait until we get pregnant then see what happens next..."" A sudden buzzing sound outside interrupted Chris' words for the third straight day. He was lying half-flat against Jameson who was standing behind him, their arms wrapped around each other and looking at something above us on the ceiling. The skylight in our bedroom smelt unusually sweet after one blizzardy morning while Chris and I sat on the sofa watching television together. ""Better check it out, Bianca! Maybe it's Kurt's new roommate coming by to visit him tonight?!"" She asked pointing up towards the window where there was an opening allowing light into the room below them. He turned away slightly but didn't move much when Bianca grabbed my wrist and pulled me down beside Christopher as they climbed along the bent metal railing leading off the living room wall. I blinked several times trying to decide how I should respond given all these recent events, particularly those involving Hannah and Leon. They seemed important enough to warrant talking about in front of my parents especially right before Christmas and since Leon had come back to stay with us this past week.",Bloom-7B,0,1636,283
"Iberospinus natarioi, a newly identified 8-meter-long predatory dinosaur, represents a new genus and species of spinosaurid, a group that includes the Spinosaurus. An analysis of the spinosaurid's jaws found that it had no teeth on its front upper incisor. A study published in Nature Communications by paleontologists at the University of Texas (UT) Austin offers evidence for how an animal might have evolved to live underground. Scientists led by UT researchers Michael Carroll, Thomas Seufert, Jonathan Shubin and Philip Osorio reported they studied fossils collected from Mexican caves near Palmira, Mexico in 2012-2014. The animals were known as ichthyosaurs because there are fish-like slits along their skin called pectoral scutes that exposed organs such as lungs underneath them. The presence of three additional specimens - two discovered last year and one earlier this month - has expanded the range of Ianchelevich's spotted salamander beyond the northern part of Baja California Sur state into southern San Diego County. In a paper recently submitted to the journal Proceedings of the National Academy of Sciences, scientists describe eight previously undiscovered fossilized skulls of Chimaera monstruosa, or terrifying monster lizard, dating back just over 40 million years, which represent the oldest confirmed documentation of Chimaeras' origins. Late-Cretaceous Iguanodon skeletal remains have been described by vertebrate palaeontologists who believe the ancient reptile was able to sustain itself through a combination of predator avoidance behavior and food hunting methods.",Bloom-7B,0,1596,233
"Tie an elastic band on each segment to mark the bottom 23 of your hair. [title] Bleach the area below the elastic bands. Dry with a hot air dryer for several minutes until you see no more water in it. [title] Now, take some bleach and dip one end into it towards the scalp and apply using a comb or brush all over the head at least 10 times. After that wash off the excess color from your hair by running cold water through it. You may even use shampoo if necessary so as not to leave any residue behind which would cause damage to your skin. This is quite important part because after this process we need to protect our scalps from getting irritated further. So now get ready for cooling cream. Take 1 tablespoon of aloe vera gel and cut it small pieces. Apply these directly onto the damaged areas of your scalp without touching your other parts surrounding them Remember it's important to pat it gently but firmly only once done otherwise there are chances due to heat generated during the application it will burn your skin too badly As soon as possible cover the whole area with plastic wrap (it does not matter whether wet or dry) and wait till next day when you can remove the protective layer It helps to heal faster prevents infection spread Now change outfits completely Wash off your clothes with mild soap (do not be harsh on yourself by removing the protection later) Use cool compresses to help reduce swelling. Keep changing them every 15 minute and repeat 3-4 time daily. You must make sure to avoid excessive sun exposure for few days and also do not wear hairdos while taking care of wounds as they might cause irritation. I know for many people the first step seems like difficult task but I assure you it just takes little patience along the way. Don't lose hope keep trying! After following my suggestions seriously, all those annoying signs should disappear quickly! Nowadays most types of hair loss become common among men and women than before. Not only hair fall causes suffering but sometimes it happens suddenly although nothing abnormal was found about their health recently. If you're facing such problem then try how to stop baldness naturally mentioned above or opt for medical treatment offered by my clinic here..",Bloom-7B,0,2247,398
"13 July 2016 Last updated at 14:42 BST The game has not been officially released in the UK, but keen gamers have found ways around the app's country restrictions to view it After five years of planning and hard work, Epic Games finally unveiled its biggest-ever release last week. Fortnite is a free-to-play massive battle royale where players must fight for their lives against other 99 others throughout an island battleground. It was initially only available on PlayStation 4 or Xbox One from launch - though those platforms are now being replaced by PCs as well. However, it's still restricted to people who live within Australia, New Zealand, Canada, Japan, South Korea, Switzerland, France, Germany, Italy, Austria, Belgium, Denmark, Finland, Greece, Norway, Spain, Sweden, the US (except Hawaii), Macau andor Hong Kong OR Taiwan (excluding Mainland China). But with so many users wanting access to this new addition to gaming there were some clever solutions adopted. A direct link to the download can be accessed here or you can use VPN services to gain access abroad if you've got friends living overseas. Once you open up your browser and enter the links above you'll need to pick a destination considering that once you're connected, all you're doing is requesting a page that's likely going to come back blocked anyway. If you'd rather play the waiting game than spend hours trying to bypass the system then one option might just suit you: stream games online through apps like Twitch TV, which allow viewers to watch action unfold via messages sent over social media platforms such as Twitter or Facebook.",Bloom-7B,0,1618,268
"Jeff insulted Carrie in school. He said that her shoes are extremely cheap. Carrie became offended by the comment and ran home. The next day, her brother confronted Jeff. He told him to apologize for his comments but he didn't want any apologies at all. Later on, when it came time for breakfast, Jeff was eating a cookie with milk while everyone else had scrambled eggs or bacon. His family noticed this behavior so they asked him why he likes to eat cookies instead of healthy food like theirs did. They were shocked as they have always thought Jeff might be diabetic. However, he admitted that he is not because there's no sugar inside them so what makes you think he has diabetes? After hearing about how much Jeff feels guilty over something he said earlier, he decided to make an effort to avoid saying negative things anymore especially if it's against someone's religion. He later apologized to Carrie for his hurtful words towards her even though she doesn't know exactly who he meant by those words. This incident made him realize just how mean people can be sometimes. 1) ""You shouldn't feel bad since you're doing your best"" - Sarah This quote from Sarah comes after she talked about how hard it would be to concentrate during math class whenever Jeffrey threatens to call his teacher back or tell his parents. She tells him that maybe you could improve your grades by not being such a troublemaker now. Her dad, another student at the same middle school, agreed to try harder because Sarah knows that ""you never really know until you've tried"" which means that failure is normal and nobody wants to see it happen again right? So, let's encourage each other to do our best today! 2) ""I don't expect my friends to listen to me all the time...it seems rude!"" - Jessica She then adds that some students will get angry easily without thinking too deeply into consequences before taking action. That's why she told Jeffrey that she can't stand nothing but decent actions from Jeffrey and asks him how many times he needs to apologize first. Jessica wanted to show that trying to change her friend's attitude toward someone does not necessarily mean making up excuses beforehand. Instead we need to let people learn from mistakes quickly without giving unnecessary reasons for these stupid attacks on others' character. This happened recently with Taylor Swift, one of the most popular singers nowadays, where she fought for free speech (aka freedom!) and ignored an attack online called TaylorSaysBecause. Let us spread freedom everywhere tomorrow rather than defending ourselves constantly only because of fear! 3) ""Aren't you scared shitless that I won't forgive you?!"" - Gabe Gabe uses slang language here and says that he hates having trouble with Jeffrey every single week. When he got mad, he yelled out loudly that he ""hates kids who act like jerks around eachother"" to justify himself. If he continues like this, he believes that the bullying between both sides will continue escalating until one person gets hurt seriously enough to run away forever from school. We're lucky if neither side ends badly but that's very rare indeed. Even in real life, two strong individuals fighting each other may end up getting skinned alive. No matter what happened, I'm sorry for causing you pain and suffering. Please rest easy knowing that whatever happens, I'll still love you unconditionally. 4) ""Nobody ever taught you to talk nicely?! That's lame!! You should be ashamed of yourself!!!"" - Ryan Ryan joins Teresa in showing disdain for irresponsible behaviors behind closed doors. Neither party stops talking except for asking whether the other person is asleep yet or already awake. Aside from that, no one heard anything either way. It's obvious that no one cares about listening and learning from events happening outside the classroom. Yes, bullying also occurs once folks return home but aren't we supposed to help educate children differently whereby incidents like this would stop immediately upon its occurrence? 5) ""Tell me what happened, please; don't hide things."" - Samantha Samantha wishes to know whether or not Jeff embarrassed Carrie. At first, he denied everything completely claiming that Carrie is lying. But his lie turned true soon when Carrie showed up wearing new beautiful sneakers and confirmed everything afterward. Sam criticized him telling him to ""sleep well tonight"" and adding: ""I'm going to fix you."" Although we cannot choose who we become when young, we must take responsibility for all of our own wrongdoings. In the future, when we encounter more similar situations, we'll hopefully remember this lesson: Don't saydo anything unless you want to regret it later. 6) ""Bullies are idiots...they don't care what kind of damage they cause."" - Andrew Andrew shows pride in writing down the names new offenders: Mikalay and Lucas. It took a lot of courage for Andrew to admit that he bullied Mikalay repeatedly last year. Whenever he saw him near his desk, he'd shout ""Jong-Mi! Jong-Mi!"" which basically translates to: My name's Jung-min! Whoever answers, you better come straight over here ASAP!"" Not long ago, the latter threw away all of",Bloom-7B,0,5176,864
"Last Saturday, we waited about an hour and a half to get into Bacchanal. It's a bit pricy for a buffet but the food is pretty good. When we got in there was one family with four kids who had gotten their tickets through work so they weren't paying full price like everyone else. But by that time my oldest daughter's kids were ready to go play frisbee so I went ahead with them while Mom stayed at the table until she could make her way out. Then when Dad came back he told us it would be another 30 minutes or so before dish service started (he'll take turns being our server). My son then asked if he'd have lunch later which I'm sure made him happy as I didn't think anyone else wanted anything after nap time!",Bloom-7B,0,713,139
"Our group decided to go to Surrender since we were able to get on the guest list. We came here just before they closed the guest list, so we were lucky to be let in. We originally planned our trip a week prior and I wanted to see all of the site but due to some personal issues kept me from doing it till last minute, after three weeks i still haven't been there cause my work schedule wasn't permitting me for the same day as that weekend's visitation. When my work permit is issued I'll definitely plan again Great article! There are plenty of things you don't know about Disneyland Paris. One thing I'm curious about: what happens if people have tickets bought online and when at the park arrive with an original ticket? If it's not valid anymore? I think this would depend on which type of entry into the parks you're buying (online or through the gate). For example, Disney has several different types including Standard Access Passes which can only be used once per calendar year and Perpetual Passes which allow unlimited access every time the pass holder enters one of the four Walt Disney World theme parks. eep! I didnt even realize that I had to buy them in advance until I read your post. Thanks for sharing amazing tips! Aside from the default setting of disabling cookies, users may adjust their browser settings either manually andor automatically according to each specific cookie policy: This Website uses Google Analytics, a web analytics service provided by Google Inc. Google, 1600 Amphitheatre Parkway Mountain View, CA 94043-1351 USA; hereinafter referred to simply as ""Google Analytics; "" In connection with such use, data collected during visits will primarily include IP address data, basic user information, browsing habits in the form of usage statistics, website linksreferral sources and operating systems. By using these features, we do not collect personally identifiable information relating to individuals beyond those outlined above. The following data does however also relate specifically to individuals: Browser identification data, Device Information Data, User locationGeolocation data, Language preference, User Agent, Referrer URL, Date Time stamp, etc.. You can prevent data collection via cookies related to advertising preferences being saved by clicking on the 'Manage Ads Preferences' button within the Google Advertising operated Website. To opt-out of any other third-party services listed below, please contact us directly at: PI:EMAIL",Bloom-7B,0,2484,400
"I had the Beet salad and it was delicious! My girlfriend had the Kale Ceaser and that was even better! Something about the honey-dijon dressing had me at hello. The portions are big and my only complaint is there was nothing for dessert, but I totally understand since we were already stuffed. We ordered a meal package which has three entrees (one appetizer) with two sides and one beverage. We also got free refills of their house margarita on us. (There's no charge to get this once in your life!)",Bloom-7B,0,500,90
"[step] Do not punch the staples with force, as the loops will come out too small for you to work with. To know how many you'll probably need, estimate the length of your hair and multiply by 0.5 (i.e., if it's longer than that number, cut off at least half a cm). This way, they won't fall when you are washing it or blow-drying it. 7) Use a curling iron A straight comb in hand, set up several heated rods on top of each other, which should be placed alongside one another. You want them spaced far enough apart so that they can heat evenly throughout their lengths. Once you've got em all ready, take some hair from the front section of your head, and slowly pull it towards yourself until you're well past the roots; make sure there's no tension throughout its entirety. Hold this position while using the curling iron (s), focusing particularly around where they touch your scalp. Once you've done three passes along these lines, work backwards through any sections of stray locks before re-starting again just above the ears, repeating everything over until you've covered every inch of your mane. 8) Apply your styling gel onto damp hairs For those who aren't into such fancy-looking effects, consider trying something more practical - an easy-to-handle spray-type product like this one. It'll keep your melted staple ends together better without making things look too cluttered. 9) Clip back your style At this point, there shouldn't be much left over behind; try pulling back what little's stuck to your skin with tweezers or your fingers. Don't worry about pushing away anything that's already fallen loose! 10) Spritz yourself down To finish up, use a spritzer filled with water to help coax any remaining liquid out of your hairstyle. Then let dry naturally, or get under a blast of hot air, essential oil diffuser, etc...",Bloom-7B,0,1834,316
"Easy in, easy out! I also love Whole Foods, but I find that I always buy a bunch of things that look good that I don't need when I go there. By cutting back on the dairy and meat portions, I've been able to save over 300year. I know that you have HUGE plans for your business - I'm sure they will be successful!! When did you start your blog?",Bloom-7B,0,342,70
"In this paper, the authors aim to combine the latest state of the art models in image recognition with the best publicly available satellite images to create a system for automated identification and mapping of vegetation. The term ""automated"" is not used loosely but rather as it applies to most commercial applications where researchers have been working successfully on high performance computers since the mid 1980's. The vast majority (90) of all land area on earth is covered by vegetation; however its structure varies tremendously from place to place due to differences in: topography terrain; soil composition topographic position; climate etc. This variation makes accurate delineation of different vegetative classes extremely difficult even when using highly sophisticated optical remote sensing systems such as: Landsat TMETM, SPOT 5 HRG data, QuickBird imagery, RADARSAT-2 Radargrammetry, Ikonos 2 Mosaic or Google Earth imagery; as well as synthetic aperture radar (SAR), laser scanning, lidar, UAVs...etc., which are currently being developed at an unprecedented rate. In fact only about 20 of these materials can be considered useful for environmental cartographers because they do not contain enough information andor require laborious post-processing procedures before extracting any meaningful content [1]. As a result, there has never been good spatial coverage of every type of land use including: forests, pastures, crops fields, built up areas and barren lands; hence their characterization based solely upon remotely sensed material generally lacks detail [2]. There appears to be strong evidence that better classification accuracies will evolve if hybrid approaches are combined [3], [4]. These include combining multiple sensor types [5] - [7]; merging more traditional methods like pattern analysis [8] [9] [10] [11] [12] [13] [14] [15] [16] [17] [18] [19] [20] [21] [22] [23] [24] [25] [26] [27] [28] [29] [30] [31] [32] [33] [34] [35] [36] [37] [38] [39] [40] [41] [42] [43] [44] [45] [46] [47]; along with machine learning algorithms [6], [48] [49] [50] [51] [52] [53] [54] [55] [56] [57] [58] [59] [60] [61] [62] [63] [64] [65] [66] [67] [68] [69] [70] [71] [72] [73] [74] [75] [76] [77] [78] [79] [80] [81] [82], among others. It should also be mentioned that several attempts were recently made to automate automatic aerial photography interpretation [83], [84], computer-assisted digitization and map production [85], [86] and digital processing techniques for multi-sensor data fusion [87] and geographic information systems applications [88] together with some studies regarding remote sensing-based modeling approaches applied specifically to ecological issues [89], [90]. However, no one attempted to extend beyond simple visualization tools towards automated classification of existing free public-access images that cover large portions of our planet surface. Therefore, we propose hereafter a novel approach called ""Automated Vegetation Mapping System"" (A VMS) capable of: i) acquiring powerful symbolic knowledge by building classifiers trained over an impressive amount of spatially normalized multi-spectral training data; ii) obtaining interesting results through massive parallel computing technologies that leverage modern smart-card hardware architecture [92], iii) making possible extraction of very detailed thematic maps [93] and iv) integrating other complementary sources of information so as to: 1) improve overall accuracy rates while maintaining high level of generalization capability, (2) ease potential future integration into larger computational platforms focused on particular research objectives interests like application-oriented weather forecasting [94], drought monitoring [95], crop yield estimation [96], forest management planning [97], disease prediction [98], agriculture water resources optimizations [99], ecology modeling [100]... IV. Automated Classification Approach While recognizing that new developments occur day-by-day, even within software development domain itself, two fundamental concepts must still hold true regardless of technology advancement: 1) knowledge acquisition process and 2) classification rules specification. Both processes need to proceed in tandem according to certain logical steps dictating each step's purpose. Thus, once it's determined what kind of discernible characteristics will define specific class membership, then appropriate mathematical models will now describe how those properties manifest themselves in terms of corresponding multispectral values captured by various sensors. Table I illustrates typical relationships between physical object attributes (independent variables) and spectral signature patterns (predicted dependent variable). Accordingly, Earth's natural environment may be described in many ways depending upon specific needs. However, for purposes of generating reliable quantitative outputs consistent across diverse sets of observations taken under similar conditions and assuming reasonable set allocation error associated with assigning specific objects to certain categories, three key parameters need to be established by defining at least five independent criteria that characterize major groups of discriminant features. (Fig. 1a), primarily aiming at: i) detecting changes in ground reflectance caused mainly by: presence of clouds, shadows, reflections off glacier ice, snow-covered surfaces and snow-free soils, as well as seasonal effects and illumination variations; ii) establishing consistency between input",Bloom-7B,0,5561,774
"stands over the boys arm with a metal tattoo tool and works on the boys arm, who is sitting in a black chair watching the tattoo being placed on the skin above his shoulder. The next shot shows him working to cover the initials of the band he was playing for from when he first joined them but it just doesn't work (see pic below): For about 1 minute after this, we see a blurry picture where these two guys are talking away from us while they wrap their arms around each other's necks as if they're holding hands. After that, there's another couple more shots which don't really seem necessary- one showing the guy standing up out of the chairs before taking off into the distance; some cryptic quotes written onto various things like a wallpapered wall or an empty beer can... A final quick shot of a girl wearing dark clothing in front of a large window. The short film ends with the camera zooming back towards the main characters where you hear what sounds like four people discussing something related to music too.",Bloom-7B,0,1021,186
"Pharmacy informatics is the combination of pharmacy practice science and applied information science. Pharmacy informaticists work in many practice areas of pharmacy, however, they may also work in information technology development or management roles. However, there are no standards for graduate degrees in pharmacy informatics nationally. The International Society for Pharmacoeconomics and Outcomes Research (ISPOR) has developed a set of training guidelines that guide pharmaceutical professionals who wish to pursue advanced higher education programs related to health services research and evaluation methods. ISPOR recognizes two types of professional certifications: Ph.D. level certification and specialist-level certification; these can be obtained by graduates from accredited master's degree educational programs; currently more than 80 countries have adopted this designation [17]. In Canada the Canadian Association for Health Services Administration (CAHSA), having established an Accrediting Board for Pharmaceutical Education Programs approved by the Department of Industry Training and Municipal Affairs, sets out minimum requirements which must be met before granting professional registration to individuals engaged in postgraduate studies [18]. The aim of our study was therefore to investigate perceptions among local pharmacist regarding future career opportunities within and outside the hospital pharmacy setting with regard to: 1) where a new technician would gain their skills 2) how valuable a traditional diplomaassociate's degree will be 3) what aspects of computer knowledge should come first 4) what factors determine whether students plan to continue after completing their bachelor""s degree 5) if student"" s perceive that their clinical experience during undergraduate years prior to entering school influences the next steps in their career 6) what other issues influence preferred professions 7) What do university students think about internships? Methods Study Design We conducted a cross-sectional survey using a self-administered questionnaire administered via email on 8 th April 2013 followed up one month later. This time frame allowed us enough time to reach all participants without leaving them to miss important questions when attending college sessions at different times over the course of the year. Questionnaire Development and Pilot Testing Two members of the research team created each section of the anonymous online survey instrument based upon previous literature [9] [10] [11] [12] [13] [14] [15] [16], opinions shared by stakeholders including faculty mentors at Universities across Ontario as well as feedback received through pilot testing of the initial draft. Participants were asked to complete only those sections relevant to their own current situation. Where appropriate we removed any items not applicable to current cohorts studying Pharmacology andor Computer Science and Engineering courses (subject disciplines represented at York University). All respondents had access to additional support materials such as: explanation sheets describing the purpose of the survey; links to open-access resources avail able to anyone interested in pursuing a PhD; FAQs relating to specific topics discussed throughout the survey; contact details for both authors accessible 247 through email, telephone or Skype so that further clarification could be provided where necessary [19] [20] [21] [22] [23] [24] [25] [26] [27] [28] [29] [30] [31] [32] [33] [34] [35] [36] [37] [38] [39] [40] [41] Participants All eligible students enrolled in either the Bachelor's Degree Applied Information Technology or Master's Degrees in Telecommunications Technologies Data Communications Studies programmes offered by York University Faculty of Computing Sciences between December 2011 and January 2012 were invited electronically to participate in the survey. Student volunteers responded directly on behalf of themselves and did not receive cash compensation for participation. Approval of study protocol was granted by the Institutional Review Boards of York University and Stanstead Hospital Ethics Committee. Data Analysis Valid responses to the surveys were collated into Microsoft Access databases and analysed using SPSS version 20 software (IBM Corporation, USA). Descriptive statistics were used to characterise demographically diverse groups: sex, age range, countryregion of origin, highest academic qualification completed, intended specialty areadiploma earned since completion of bachelor""s degree programme and list of subjects planned to take while in the Masters Programme. Results A total of 1002 emails containing the study link were sent out to potential responders. A reminder e-mail inviting nonrespondents to complete the survey was emailed six weeks subsequent, resulting in 121 completed questionnaires being returned. Of these, 34 were incomplete with missing data preventing analysis; hence 102 cases remained suitable for inclusion in the final dataset. Demographic Characteristics Overall 61 (n 64) of the sample identified as female and 39 (n 41) male, reflecting gender distribution within the faculties offering the respective programmes at York University. Mean participant ages ranged from 27.15.6 years old (SD) to 32.4 5.9 years, (Table 1). Half the cohort interviewed indicated English as their mother tongue (53, n 55), 28 (N 30) opted for Francophone French-speaking Quebec, 5 of respondents reported speaking another language spoken exclusively within North America. One quarter was born overseas (24, N 25) mainly China (25, N 26). Relationship Between Career Aspirations and Academic Qualification Completed When questioned concerning the relevance of the various components needed to become experts in a particular field 94 (n96) of participants agreed that it was betterable to obtain a high quality associate's degree rather than just completing a less rigorous",Bloom-7B,0,5952,846
"""I knew she was too hot to be a goddamn history major."" Ed hated when John was right, not because he sort of always hated John, but because John would never admit his opinions were wrong. ""Well now, I don't want to bring up the subject of your father's illness again, and frankly we should get back in here so you can catch your breath,"" said Annabelle with an easy smirk on her face as she led them out into the other room where there were some tables set for four people each that could accommodate the six in their total numbers if they sat at irregular intervals across from one another. The chairs had been arranged so everyone was facing the same direction and all six men made eye contact while seated regardless of who cheered next to whom or whether any two of them actually spoke. It happened quickly after John's speech finished though, once the crowd went silent again it became clear that everyone else wasn't speaking either; only moments later did anyone actually speak or look around at someone standing nearby. Annabelle stood behind what appeared to have been a long table decorated by various handmade ornaments along its length before settling herself down beside him without ceremony atop one end. Her shoulders drooped slightly against his chest, making her appear even taller than usual, which didn't help much during these difficult times, especially since John insisted that being tall was just fine and all those things about himself weren't meant for the public anyway. She wore a black dress shirt over a white blouse, both simple enough for everyday wear yet also suited to her professional role as secretary for members of Congress such as Senators and Representatives who attended House meetings regularly every weekday morning. There was more wiggling going on underneath this appearance however, something quite evident from the way she looked at Popsie, leaning forward very close to whisper into his ear in order to make sure no one heard them. Popsie's head slowly turned toward her until his lips met hers almost immediately, causing them both to growl softly together first before turning away abruptly when he noticed how close they were and how nervous she seemed, possibly due to having to hold back on talking directly to him like that ever again unless they decided to eventually give her permission to do so. He was still freaking out at her obvious interest in watching him despite knowing better, not wanting to turn off her lightsaber if he needed a little bit of privacy to work through whatever issues he'd run afoul of earlier today, particularly given that she'd let him know exactly what's bothering him most by pointing towards him and saying ""That man is crazy!"" within seconds when he tried to talk about anything unrelated to politics anymore. He felt as if he must apologize profusely for running amok yesterday, abandoning their discussion completely for personal reasons without telling anyone nothing about it beforehand, letting her show it publicly instead, leading to the entirety of the entire political debate shifting entirely onto a different course altogether. If he hadn't gone for full disclosure then perhaps everything wouldn't've evolved in this manner; well, maybe not...maybe not entirely... His chin dropped intentionally further down onto his chest as he watched her smile upon hearing him say ""I believe I've done alright overall."" She sighed deeply once again upon them nodding agreement, obviously feeling relieved rather than pleased that his initial confession had ended up working smoothly considering she implied that probably many others didn't feel the same fearful weirdness coming out of his mouth whenever they'd begun discussing politics with him previously. Instead of looking towards her, his eyes drifte d around the room at random trying to find somewhere private to sit, finally resting on a small edge-chair a few feet distant from the center table where the rest of the group were sitting. His eyes locked briefly upon the portrait hanging on the wall behind it, unsure of what caused it to become bright red in certain areas instead of gray-ish brown several years ago yet unable to remember why specifically either.",Bloom-7B,0,4214,703
"John always wanted to learn how to fly a plane. He ended up joining his uncles flight school. He ended up flying a plane with his uncle after one month of training and learning the basics, he was pretty good at it. He got into college where he chose architecture just because he liked plans better than any other subject they offered but never really finished a degree in that field (he's still working on getting out of debt). After graduation he did some work for an architect then moved back home to pursue his dream of owning himself a business - selling music CDs via online auction sites like eBay. Before doing all this I spent most years of my life playing basketball professionally as well as having plenty of time traveling (mostly Europe) and enjoying the finer things in life. At age twenty-one I started paying off student loans which allowed me to start investing early before starting my career path.",Bloom-7B,0,915,163
"is knitting with pink yarn and needles. It's the last week of July, which is a perfect time for you to start thinking about your fall outfits plus what you'll be wearing in mid-September. Holiday shopping season has begun! You've just finished pampering yourself at the spa or are now taking care of that manicure appointment with colorful nails after work? Now it's high-tempo holiday shopping season and all you want is an excuse not to shop till you're blue in the face. Here's some great gift ideas from our friends over at I have been feeling so guilty lately because I wanted to make more projects for myself than anything else. I'm always reading and watching tutorials and trying new techniques but never really put much effort into making stuff myself...until this year when my hands got stuck on a few different crochet patterns! It's Halloween weekend and everyone will tell ya how excited they are! If you live anywhere near me then chances are I'll see people dressed up (and eating candy) every day of October. It was such fun dressing Up at school yesterday - we even got to play charades - it seems like everything is going well around here as far as getting ready for Halloween!!",Bloom-7B,0,1196,211
"I'm a young, college educated, bisexual woman who needs contraceptives for medical reasons and who doesn't believe in God. The GOP's stances on social issues are downright appalling to me. I still don't think it's worth the hassle of voting against them every time. And yes, I'm a Republican because my mother was one when she lived with her husband in Texas. (She wasn't really religious at all.)",Bloom-7B,0,397,68
"LOVE Port of Subs! My favorite sub chain. I just wish they were more conveniently located. They are far enough away that you have to go out on the water side, but not so far it would take a while. I love this place for subs and other seafood items.... It has always been what my father used to get when he was working at BP Oil Ship Repairs.....We loved going there in the summer months because we could sit outside overlooking the ocean with our drinks and enjoy some fresh fish (especially crab legs)! The service is great too! My mom's family owns a restaurant up north near Keiser Harbor which serves fantastic food every day from 4am to midnight. We will be making sure that they know how much we appreciate their services by recommending them to everyone as well",Bloom-7B,0,768,142
"Approximately one million Protestants in modern France represent some 2 of its population. Most are concentrated in Alsace in northeast France and the Cevennes mountain region in the south, who identify themselves as German-speaking Catholics (also known as Franco-Moravian). Around 200,000 French Protestant communities exist worldwide. In early 2015 it was estimated that there were approximately three hundred thousand officially registered Jehovah's Witnesses, making them the second-largest Christian denomination in France after Catholicism. Christians Catholicism: It is usually assumed European Christians practicing Roman Catholicism follow a monolithic tradition at points separated by centuries or millennia. (The Fathers of Church, also called ""Papas In other words they claim to have received all their beliefs from Jesus Christ himself through his apostles. This includes many details such as salvation: ""White people will be saved Black people won't no mention of racial meritocracy.This viewpoint has been challenged by scholars arguing for a more complex division of opinion between Eastern and Western Christianity on issues like morality based upon numerous factors including: geography, ecclesiology, language, technical terminology, historical traditions, etc. Protestantism: The English church can trace back to the 16th century, but its roots go much further back than this. In Europe, during the Middle Ages, specific reform movements appeared which rejected certain aspects of Catholic belief. These included Calvinism, Lutheranism and Evangelicalism. Today these groups comprise about 10 of Europe's total number of domestic worshippers; however national differences often lead to allegations of discrimination. Islam There are approximately 300,000 Muslims living in France, mostly converts from Judaism. They make up 10 percent of French society. Since 2001, there have been several major terrorist attacks carried out against Muslim citizens in France with special emphasis placed on Paris since November 2005 when four Islamic militants attacked Charlie Hebdo magazine offices killing 12 people. One of those who participated in the attack was Mohamed Merah, killed in an Israeli air strike in 2012. Two former soldiers convicted of having participated in the murderous act had lived in France even though both men claimed they did not wish to return home because of tensions caused by the September 11 attacks. A third soldier died during a suicide bombing attempt in Toulouse in 2013. As of 20 February 2019, it seems highly likely that Islamist radical terrorism targets will continue following the French elections. Christian-Jewish relations Although Jewish-Catholic dialogue continued throughout the 17th century and into the 19th century, conflicts over slavery led to serious tension between anti-Semitic leaders in the late 18th-century United States government and members of both religious communities. Following President Abraham Lincoln's Emancipation Proclamation freed thousands of black slaves in 1863. Anti-semitic agitation increased, culminating with the Kristallnacht pogroms on 9-10 November 1938. However, relations improved considerably under General Charles de Gaulle, whose policies fostered reconciliation between Jews and Catholics across Europe.",Bloom-7B,0,3303,469
"Retrieving videos of a particular person with face image as query via hashing technique has many important applications. While face images are typically represented as vectors in Euclidean space, characterizing their features and representing them as hashes can be more beneficial for several reasons: (1) the retrieval process is much faster than finding all compatible faces from large databases; (2) it allows performing online search where matching is done by comparing hash representations instead of full queries; and (3) since we use a dictionary to encode an entire class we have no need of using a complex classifier that would decide if two different feature vector spaces belong or not. The current state-of-the-art approach to solve video retrieval problems involves learning multiple types of visual descriptors like SIFT [12], HOG [13], FLOW [14] etc., which represent each frame independently. These approaches often require considerable computational resources making real-time processing impossible unless very simple models are used [15]. The main problem associated with these methods lies on extracting appropriate sets of localized features from individual frames that describe global attributes of the whole sequences because they fail at capturing temporal information of motion between consecutive frames [16]. Despite the recent advances achieved when dealing directly with graph based representation [21] [22] [23] [24] [25] [26] [27] [28] [29] [30] [31] [32] [33] [34] [35] [36] [37] [38] [39] [40] [41] [42] [43] [44] [45] [46] [47], there still remains a lack of work specifically tackling such tasks as mining user specific social network data and computing content-based similarity scores among people sharing common interests. In order to take advantage of this rich source of knowledge about individuals containing so called personalized homepagesblogs one needs to develop tools able to: (i) extract relevant features describing users' behavior over time within a known social system, (ii) compute dynamic profiles describing how people behave reciprocally together across different media channels, (iii) perform efficient distance computation for similarities assessment and clustering activities based on these complementary sources of evidence, and (iv) integrate those informative elements into meaningful combined representations. In our previous work [18] we proposed systems capable to deal with retrieving items interested by a given subset of actors extracted from a community weblog. More precisely, we presented algorithms for ranking retrieved videos according to popularity measures concerned with comments posted on blogs regarding movies watched by every actor himself. However, the approach was formulated assuming homogeneous communities i.e. presence of same number of blogs per actor irrespective of hisher blogging profile -i.e. whether heshe frequently posts updates or he just writes once in case of being an observer. On the other hand, real-world networks exhibit neighborhoods consisting of heterogeneous groups, i.e. having unequal sizes, due to fact that some actors may post much more articles compared to others while observing occasional posting patterns. We want to extend here novel techniques developed previously [18, 19] towards three major directions where potential improvements could be easily achieved. (i) Introducing new social preferences related to category-specific factors derived from categorization schemas imposed by most popular websites hosting movie blogs. (ii) Taking inspiration from recently introduced paradigmatic frameworks allowing us to model dependencies emerging at higher organizational levels [20]. (iii) Integrating further context-related components which provide additional cues involving expertise available on a set of domain experts involved in creating contents appearing on blogs created under the supervision of a single blogger. We outline general ideas underlying our technical contributions below. First, in Section 3 we propose a hybrid framework combining few powerful concepts usually employed for modeling two distinct types of social relationships described earlier -namely, ratings provided by rating services and comment votes generated by readers following bloggers. This combination combines both feedback loops operating separately but simultaneously through various interaction mechanisms existing between authors and followers who express beliefs relative to corresponding objects adopted andor shared by both sides. Secondly, we introduce contextual aspects capturing human behavior observed on multimedia sites tweaking original objective functions used originally in collaborative filtering application areas [48]. For instance, considering only entities belonging to the first level of a hierarchy might result insufficiently accurate for certain cases even though selecting nearest neighbors provides better results. Hence, incorporating hierarchical structure enables grouping nodes reflecting customers' similar opinions enabling possibility of choosing appropriate aggregation procedures exploiting locality restrictions. Furthermore, interesting correlations emerge after aggregations performed taking into account explicitly stored data including explicit labels assigned by consumers themselves. Finally, we present evaluation methodology applied to dataset collected during co-watching observation campaign run at Mozfest 2009 festival [19] where participants were asked to rate films featured in Web 2.0 environments utilizing YouTube's platform 1. Our experiments demonstrate effectiveness of integrated algorithmic scheme employing properties discussed above. RELATED WORK Social networks play significant role in today's data warehouse research area providing rich bases of knowledge useful for analysis purposes. Important pioneer works included [11, 49] aiming at developing software solutions facilitating access to diverse kinds of user-generated content distributed around Internet. A decade ago, [3] suggested building virtual circles to enable automatic generation of friend recommendations relying on implicit interactions occurring in social networks and named URLs embedded in HTML documents. Later, [4] proposed extending classic CFbased recommendation schemes [5-7, 21-34] handling temporal effects inherent to evolving user-item relations encountered along navigation paths exploring customer preferences expressed repeatedly across Internet. Another line of research investigated usage of external content contributed by third parties to enrich collaborative filtering settings [7]",Bloom-7B,0,6632,907
"It has won the Short Form of the Hugo Award for Best Dramatic Presentation, the oldest science fictionfantasy award for films and series, six times (every year since 2006, except 2015 when it was rescheduled); and in 2016 won four awards at both Golden Raspberry Awards and Saturn Awards. In 2010 he directed an adaptation of Stephen King's novel The Shining starring Jack Nicholson as Dr. Norman Bates. Personal life He is married to actress Lori Anne Allison. They have a son named Taylor Noah",Bloom-7B,0,495,85
"Dear Death Queen Gnashgara, I write to you to tell you that there will be a slight delay in the next shipment of things to fill your Death Castle with. It was supposed to go out last week now it will only get picked up at some point in November or December. That should give her time to build enough defenses for a full city wall around it's perimeter and maybe even have more troops stationed in town who know what she's capable of so they can better protect their lives if they're attacked by something outside the usual suspects. I plan on making sure my family is safe as well so I don't think I'll need anything from this but... If you'd like me to send them away I'd appreciate it. We are all very happy here except those little people living under the bridge across the river! They seem not to mind us moving into the old castle because we own it and they do whatever we want! -Sounds about right, even though few people would say so now-a-days. The fact remains, however, that everyone has had an absolutely horrid life and none of them has ever seen good light again after death (except perhaps one or two fortunate souls). You see our dear Lord Morsheim likes to keep his Death Castle occupied throughout its lifetime since he built it when he knew no one else cared how long he'd stay dead. Also most of his subjects fear him which helps in keeping everything going smoothly. But despite his loving care of ours, we've never been able to really relax. Now I've heard rumblings lately that he's planning some major changes that may change all that. I'm afraid he did a number on himself while he was still alive judging from near complete loss of memory over many years and he'll probably try to make amends once we're gone.",Bloom-7B,0,1734,321
"A study at Columbia University Irving Medical Center has found that Far-UVC light can safely kill 99.9 of seasonal coronaviruses present in airborne droplets. Conventional UV lamps can kill viruses on surfaces but are not effective against inhaled particles. The researchers used a specially modified version of the Plasma LabPro, an industrial plasma device developed by British firm Innovatech to treat water and other applications. It emits photons from a xenon arc lamp with wavelengths between 200 and 400 nanometers, which is far beyond what humans see or experience as ultraviolet (UV) rays - though so close it could pass through the eye's lens without damage. With their findings published Wednesday in Nature Nanotechnology, they measured how well this type of commercially available high-powered UVC equipment kills SARS-CoV-2 virus, also known as COVID-19, which causes COVID-19.",Bloom-7B,0,891,136
"Some theories of civil disobedience hold that civil disobedience is only justified against governmental entities. Brownlee argues that disobedience in opposition to the decisions of non-governmental agencies such as trade unions, religious institutions and political parties can also be moral: ... it seems commonplace for people not to obey (or even recognise) laws which they do not approve; a contest between those who willingly violate lawful prohibitions on action, whether or not illegal or immoral at first glance, and those individuals who comply with them because their private beliefs are morally superior. (Brownlee: 11) Civil disobedience may involve some degree of coercion by others but this does not necessarily render an act unethical. The Uighur problem Civil disobedience is fundamentally different from collective violence. In Edinburgh's discussion of 'rights-based' freedoms, he talks about the influence of dissenters within society through non-violence, including both protesting outside government buildings and using peaceful means to achieve social change without resort to physical force (Edinburgh: 28). As we have argued above, there needs to be no doubt that civil disobedience must lead ultimately towards changing negative policies when these cannot legally be changed via negotiation or lobbying. However, many challenges facing international primary education relate directly to its implementation rather than any fundamental policy issue. International Education as a right? If international primary schools were considered to be operating illegally then the International Primary School Association could certainly claim that students might take part in protests if required. In fact, evidence exists that parents would welcome the option of sending their children abroad under similar circumstances. For example, one schoolgirl living in South Africa was interviewed after she had undertaken a sabbatical during her final year in high-school to work overseas as an English teacher. The teacher said that: ""I think it's good to give kids more life experience, so I wouldn't mind having my daughter go into another country just like me."" This suggests that current restrictions imposed upon foreign-trained teachers need further consideration. Perhaps the legislation should allow candidate-teachers access to training facilities prior to being placed in host countries? And what if candidates were selected purely based upon personal qualities, instead of employer preferences, adding greater freedom to educational administrators worldwide to place qualified applicants where needed? Education reform There remains much debate regarding how best to improve the quality of international primary education, most notably around the role played by academic assessment. There has been a strong push to ensure transparency in students' performance tests such as the Cambridge Examinations syllabuses. Many observers suggest however that standardised testing of student achievement often produces misleading results due to unequal selection biases among test takers' home nations (Adams Meuse 2006). It therefore makes sense that standards used in middle-and upper elementary grades across Europe and beyond reflect local thought processes rather than standardized national curriculum frameworks of Germany and Japan respectively. Conclusion As Livingstone argues, ""the struggle over human rights is far less straightforward than the simple dichotomy between rightwrong, permittedprohibited, freeliberated, etc., implies"" (Livingstone 2000: 7). What proponents of childhood studies seek to highlight in particular relates specifically to children's rights: to education, health care, protection from child labour, immigration restrictions, democracy and self-determination -all factors contributing significantly to children becoming better educated citizens outlining important areas concerning their future well-being.",Bloom-7B,0,3950,550
"[title] Select the layer that you want to change in your layers window, or create a new layer on top of the object to place your brushes on. [step] This is an example of how I selected and moved my image back onto the canvas. ms (original 255 - 128) 255; Subtract 128, because we're adding these colors into our previous color array We append each pixel with this subtraction so it works as if they were all overlaid. Since it's 256 different pixels for every color, there's multiple ways to do it. Here I'm just using 'for' loop The added color ""gradient"" looks like this: grad1 red darker - yellow lighter - green, etc., until when reaching blue at 1.0 it's pure white which will end up being black after changing to grayscale:",Bloom-7B,0,729,134
"I created The Universe. I created the Earth. I created the seed of mankind. I have caused enough miracles for an eternity; I have created and given so much to you. For what? The line between salvation from sinful flesh or mind, salvation from a fallen worldview that causes us pain and suffering is not as clear cut as we would like it to be. ""Take heart, my son! God has heard your cries, He will deliver you; yes though it's difficult at times - love always triumphs over evil! God never abandons anyone who trusts in Him ... My prayer is that you will come to know this truth today more deeply than ever before. When you are weak and afraid remember this: Jesus died on Calvary for nothing less than giving life eternal to all those whom he loves- including me."" ""If you want to live here forever with Me, then give up everything else on earth: riches, power, status, family... If you really want to belong to Me and become one of Mine, if you truly desire to walk with Me into Heavenly Bliss, then put away these things for now, hold them back until after you've known Me better, when you can lead a perfect and holy life without any thought of other people's approval. In order to do so, you must let go of every possible form of self-centeredness....In fact, if we wish to follow our Lord and Master, even His Father's disapproval cannot hinder us......But should someone ask why? What good could possibly come out of following another man instead of Our Lord Jesus Christ? We have been told by many to carefully guard against being deceived by men whose words seem plausible but whose actions prove they are untrustworthy. But that's only because all their promises were intended to keep them slaves under the yoke of fear and control. They don't care about You, nor can they help You. So while such lies may fool some ordinary ignorant souls, Your precious soul knows exactly where their true loyalties lie.""",Bloom-7B,0,1916,346
"Follow the damp cloth with a dry one to remove any remaining moisture. When the wood is clean and dry, you're ready to sand. The next step will be to take it back up in preparation for painting. The first thing you need to do when sanding wood furniture on your own is find an old piece of scrap linoleum (or other suitable material) that has at least two inches wide by ten feet long. Take this outdoors or wherever it's going to sit outside on its own without risking damage from humidity. Squeeze some water onto the area where you're planning on using it so there are no air bubbles inside the rubber sheet as much as possible. Then carefully lay this down over the entire surface of the wood that's coming apart. Use both hands to hold the bottom edge loosely floating away from the top. This should keep most of the debris out while also allowing air underneath so that drying doesn't cause problems later on.",Bloom-7B,0,915,169
"The MarkitCIPS manufacturing Purchasing Managers' Index fell to 49.2 from 50.7 in March. A reading below 50 indicates falling output. It is the first time that activity in the sector has fallen since November, when it reached its lowest level since September 2008. In Germany's Ifo survey of business conditions for April and May, which came out yesterday, confidence indices slumped further into negative territory at -48.4 (down -0.8) after a new record low was recorded last month, while expectations were also down sharply. Elsewhere, the UK's Office for National Statistics' latest monthly retail sales figures showed inflationary pressures building ahead as fuel costs rose faster than other key components of spending. The rise in consumer prices boosts pressure on central bankers such as the Bank of England governor Mark Carney, who led some observers by saying he would be prepared to cut interest rates if necessary but only once signs emerge ""of stabilization"" around Britain's economy HONG KONG: Hong Kong's Shuei-Keen Group Holdings Ltd postponed an initial public offering of up to US250 million worth of units due to market volatility related to trade tensions between China and the United States. Shares of Shuei-Keen jumped 13 per cent prior to announcement late Tuesday, leading analysts to believe they are short-selling victims caught betting against the stock and fearing it could fall more given escalating tension with Washington over China's treatment of Uighur Muslims in western Xinjiang region. Shuei-Keen did not disclose the reasons behind the delay or how much additional funds will be raised following the eventual suspension of plans announced earlier this year. However, Mr Cheung Wai-hong, head of research at Shanghai-based investment firm Hightide Capital Management Co., said there may have been liquidity issues post-trade opening because many investors had bought shares before knowing about the planned IPO. ""I don't think it's just one side short selling. We know foreign investors can place orders through online banks overseas like HSBC..., so maybe there's a conflict of order flow coming in,"" he told Reuters. Mr Chutee Lap-pan, managing director at financial services brokerage Deloitte Access Economics Asia-Pacific, added that stress levels among dealmakers likely increased amid heightened demand triggered partly by uncertainty surrounding potential threats to Chinese tech companies. A version of this article appeared in the print edition of The Straits Times on June 20, 2019, with the headline 'HK company delays IPO in face of US-China trade war uncertainty'. Print Edition Subscribe",Bloom-7B,0,2640,406
"The 29-year-old, who plays on the right side of midfield, joins Carrick from Mid Ulster League side Crewe United. In addition to his stint at Crusaders, McAllister has also had spells with Stretford Town and Newton Heath. He said: ""It was a long time coming but it feels great now that I have done this. There were many offers, which is always good for any player but not all are as good as they should be in terms of financially rewarding you. This club really wanted me here so I'm very happy with my decision.",Bloom-7B,0,512,95
"Most deraining works focus on rain streaks removal but they cannot deal adequately with heavy rain images. In heavy rain, streaks are strongly visible, dense rain accumulation or rain veiling by clouds can occur and precipitation may not be found to the right of rain streak edges in some cases. Without proper treatment these phenomena may result in serious errors when applying water detection algorithms based solely upon feature extraction from the image. In order to tackle this problem we need a new approach for rainfall estimation which takes into account spatial information over short distances (i.e., small kernel size) as well as longer ranges based on statistical characteristics extracted from adjacent pixels located within larger areas. The following section describes our proposed method. III. METHODOLOGY The key idea behind our proposal is that if each pixel contains a constant amount of liquid water it should have similar values everywhere around its neighborhood; otherwise there would be no reason for such similarity since rainfall usually spreads out rather than accumulates at specific locations like snow does. Similarity between neighboring pixels indicates a relation among them and helps us detect features common across large areas (such as roads) where morphological operations do not work properly. Figure 1 shows an example scene under various weather conditions including high resolution imagery acquired during intense storms. A gradual change in brightness due to transitioning cloud cover occurs near road A-a line of bright spots marks the edge of the precipitating area while darker regions appear two streets away along street B whose width is greater compared to A's. These effects show up significantly better using digital camera sensors compared to simple film-based devices. A. Feature Extraction As discussed previously, wetness in the form of black material appears only after a certain threshold has been reached-rainfall begins to accumulate below this point so all gray scale points will probably contain zero intensity irrespective of their actual value. Thus, the first step consists of detecting sharp changes in grayscale levels caused either by moving objects or abrupt transitions in illumination levels; then more robust indicators calculated from local averaging are used to characterize distinctively wet zones. We use three different measures: mean absolute deviation (MAD), variance and entropy. Specifically, given an input 8-bit unsigned integer array x {x i } n i1 R 256, its k th nearest neighbor is defined as: Given a particular sample X x j i belonging to a localized region I centered at pixel x i. Let S { 1,..., m } denote set be associated samples collected from all other pixels lying inside r circular windows. Then the weighted sum (S): is computed for every window sS. Finally Eq. (1) is applied separately to each individual channel resulting in four single-channel estimates C b,c,d (r). B. Rain Segmentation Algorithm Given gray-scale maps obtained via independent feature calculations conducted for multiple channels our goal now is to combine results derived from these measurements in a way designed to: minimize false alarms while maximizing sensitivity without introducing excessive computational complexity. To achieve this aim we propose a multi-step segmentation algorithm capable of exploiting both global and local cues exhibited by data acquired through color cameras exposed to natural light sources. This involves a sequence of steps that take advantage of: a) Reduced sensitivity to lighting variation compared to monochrome systems b) High accuracy provided by multichannel approximations c) Calculation time reduction achieved by assuming linear dependencies between estimated quantities d) Local averaging performed pre-filtering operation e) Limitation imposed by Gabor filter response f) Selective application scheme g) Spatial properties exploited in texture analysis h) Useful relationships highlighted by mutual correlations identified throughout textural space i) Appropriate combination strategy employed in conjunction with Otsu's classifier. Our method assumes that there exists a mapping function F Q K (where the notation above stands for eight possible combinations consisting of pairs made from any pair of factors) relating physical parameters K corresponding to a natural phenomenon represented by gray-value map Q obtained from an imaging system subject to non-uniform illumination condition. By combining several color features together we attempt to increase the effectiveness of each single indicator investigated individually and thus obtain improved performance. For instance Figs. 4 -5 illustrate examples where one type of measurement fails to identify significant amounts of liquid because another method provides complementary information about dry patches. Furthermore, as illustrated in Figs. 6 -7 it turns out advantageous to apply methods selectively according to characteristic tex-tre of target area being considered though quantitative details concerning appropriate selection rules are left for future research. As indicated earlier, these considerations lead us to consider integration schemes involving nonlinear functions enabling us to control how closely related variables move together in order to find good solutions having acceptable visual quality and reasonable computation time. Our final output is a binary mask describing significant events detected in the scene of interest, see C. Post Processing Several post-processing techniques could be incorporated here to further improve the outcome produced by our technique. Firstly, it is already known that many situations present unrealistic appearance in which darkened ground is surrounded by brighter foreground (see Fig. 3). Therefore, gray-level enhancement operations might help alleviate this effect and clean up noisy segments too. Secondly",Bloom-7B,0,5939,876
"[title] Measure the length of the animal's back seam. [step] You will select a zipper at least 4 inches (10.2 cm) shorter than the back seam to allow for 2 -inch expansion in unzipping. [tip] If you are using an elastic waistband, cut it out or measure its size before sewing onto your garment. I have been making this dress for my niece since she was 8 months old and now she's almost 5 years old. This simple but beautiful pattern allows me to use up mother jeans that I never wear... Great job!",Bloom-7B,0,497,94
"I turned into the alley off of Alder, and planted my feet. ""Heard you was over by O'Brien's warehouse, Rinaldi."" I shrugged. ""You been stickin' your nose where it don't belong?"" Rinaldi grinned at me, but didn't say anything for a moment left after that question. He just stared out into nothingness. He walked back to his car with one foot on either side of the wheel. His head went up as if he were about to speak something else until we crossed an intersection. The man in the silver Toyota pulled down close behind us before making sure we've stopped completely with both hands on the steering wheel. The next second he opened the door from inside the passenger seat, breaking the silence between him and Rinaldi right away.",Bloom-7B,0,728,130
"Delta is a syntax-highlighter for git and diff output on the command line. It is compatible with all syntax-highlighting themes available on bat. Delta features language syntax highlighting, within-line insertiondeletion support (with automatic revert), code folding and code completion via a separate VM. The visual depiction of diffed files represents the history that Git preserves as changes are made to your project over time. A: If you have an editor which supports diffs andor commits I suggest using it. For example Eclipse has its own diff tool called ECompare or Komodo Edit has a built-in difference view. However if you're looking at something kind-of like Emacs Lisp it's much easier to use more generic tools such as emacsdiff. Although I don't recommend it myself cause I'm not huge fan of emacs-style editors but mlocate might be what you're after:",Bloom-7B,0,864,139
"Guy Hedger, 61, died in the early hours of 30 April after intruders reportedly broke into his home in Ashley, near Ringwood, and opened fire with a shotgun. Marine officers who responded to help found him lying on the floor by the front door. The Long Island Times had reported that the shooting was not random but related to a dispute over drug use between Hedge and another man who lived nearby. The local police chief said he would investigate further. Hedger received extensive treatment at New York Presbyterian Hospital's Brooklyn campus before succumbing to injuries sustained during the attack. He had been recovering from an earlier gunshot wound suffered while jogging one morning just outside his residence. At stake are questions for NYPD about why it did not respond immediately when reports came out early Sunday telling people what they saw inside hedger's house Fisherman killed in Staten Island house being robbed says he was held up - News - The Advocate-News - Lexington, KY",Bloom-7B,0,993,166
"The original logo used for the First Doctor (and briefly for the Second Doctor) was reused in a slightly modified format for the 50th anniversary special ""The Day of the Doctor."" In this, it appears as an image on the screen with ""Ghostbusters"" written underneath. In 1981, Peter Davison's design evolved into its current form and replaced that featured on several other shows including The New Adventures Of Old Christine and Coronation Street, where he also designed the title sequence. Other uses Several films have dedicated short scenes to Doctor Who or utilise elements from the show: 1986 - A young Steven Spielberg directed film called E.T., Oddballs Other Strange Creatures features some scenes which were filmed at Elstree Studios and literally contain him seeing a parody of himself inside the Tardis during their visit to Gallifrey. 1997 - Ben Wheatley directed movie Big Fish has a scene featuring characters who can see themselves through a time machine they bought by visiting the Earth many millions of years ago. (This is based loosely upon the episode ""Spooks 2003 - James Cameron's version of Terminator 2 had a few allusions to Doctor Who when John Connor visits his mother, Sarah Connor's TARDIS; however, one particularly notable example occurs right before John learns about her death - there are two large shadows in front of the TARDIS, representing past events that left Sarah unconscious until she eventually woke up 200 million years later as part of a trip to find out more details about humanity. If you look closely enough you'll even be able to make out traces of DNA along the sides of the shadowing objects.",Bloom-7B,0,1641,275
"Recurrent Neural Networks are a type of neural network that specializes in processing sequences. A common application of RNNs is for Natural Language Processing due to its effectiveness at handling long and unstructured text. The motivation behind this work came from the observation that, while we have many datasets with information about each word's position within the sequence (such as parts-of-speech), there are very few such datasets where the words themselves can be labeled. This motivates our focus on learning both labels as well as positions over time, building into an end-to-end system which allows us not only to learn the best possible feature extractor but also obtain useful insights into how data about different entities interact together throughout the conversation. Our contributions include: We introduce Conversation-RNN: An architecture specifically designed to model interactions between multiple discourse participants using Recurrent Neural Networks; On diverse domains: Our approach is able to generalize across three domains - (1) restaurant reviews, (2) news articles, and (3) social media posts. In all cases, it outperforms strong baselines; Insightful results: We show in detail what features contribute most strongly towards the task of determining the next sentence label; Prediction accuracy versus training time: We demonstrate experimentally that predictions made by Conversation-RNN converge faster than those obtained via other models when trained under identical conditions. The rest of the paper is organized as follows. Section 2 summarizes related works, including some recent advances. Sections 3 gives details regarding our proposed model, along with experimental results showing advantages compared to state-of-the-art approaches. Finally, conclusions are given in section 4. Related Work Researchers have addressed similar problems like ours before, albeit without recurrent connections. For example, (Nguyen et al., 2005) discuss several methods for predicting mutual attention scores between two sentences based upon their syntactic similarity. (Wang Jiang, 2010) propose elements for developing a transition-based dependency parser based on synchronous context-free grammars. However, these previous methods do not address aspects such as entity identification or explicit modeling of temporal relationships between events. Also unlike these earlier efforts, the current research does not require any hand-crafted linguistic rules or edit distance measures. As discussed below however, existing techniques may provide guidance toward better performing systems. Modeling Temporal Information While early attempts used linear chains (i.e., Markov Models) (Church Hanks, 1990), more complex non-linear models were later developed for various applications. For example, Hidden Markov Model (HMM) was successfully applied in speech recognition (Rabiner, 1989). Recently, Recurrent Neural Networks (RNNs) (Elman, 1990; Hochreiter Schmidhuber, 1997) have been widely adopted for sequence modeling because they capture long-term dependencies among inputs through hidden states. Inspired by these developments, researchers began applying them to natural language generation tasks like machine translation (Bojar et al., 2006). In contrast to such traditional uses of RNNs, which seek to generate one single output per input, the main goal of Sequence-to-Sequence Learning (SSTL) tasks is usually to extract sequential patterns rather than produce outputs directly. One popular example is presented by (Bahdanau et al., 2014a). Here authors use SSTL networks to predict human-level sentiment for English tweets. They then extend this technique to Chinese tweets using an adaptation layer (Gong, 2015). Following closely after the success of CNNs on ImageNet classification task (Krizhevsky et al., 2012), another major breakthrough in deep architectures has come recently thanks to LeCun et al.. These authors showed that convolutional layers help deal with low level visual perception tasks beyond finding edges such as object detection, segmentation, etc. By transferring knowledge learned in images to transcripts gathered from chatbots, they also revealed potential improvements to automatic evaluation metrics for spoken dialogue systems. Convolution filters operating on image signals often correspond to convolutions performed on continuous-time signals called LSTMs. Therefore, inspired by the use of dilated convolution operations (Heinrich et al., 2016), Grave et al. incorporated dilations inside the structure of their Long Short-Term Memory network (GSD-LSTM). In doing so, they achieved significantly improved performance over standard LSTMs on several benchmark tasks, (Graves et al., 2017a). More precisely, GSD-LSTM achieves a significant improvement in relation extraction since they leverage key frames extracted from the video instead of simply extracting neighboring pixels during decoding times. Further, they tackle the problem of missing tokens in real-life scenarios, e.g., in case of dialogues recorded by the microphone arrays surrounding speakers. Such situations result in discontinuous datasets meaning that labels cannot be assigned too far away from the initial ones (Etzioni et al., 2004). Inspired by the idea of incorporating time-series convolutions in order to represent time series, we apply the same concept hereafter. However, unlike other novelty-wise approaches proposed previously, we exploit additional spatial dimensions to perform joint representation of textual and graphical contents appearing in conversations. Moreover, contrary to prior experiments involving longterm memory networks dedicated solely to detecting inter-participant interaction behaviors, our analysis focuses primarily on modeling the",Bloom-7B,0,5795,804
"My brother was a man who put the'try' in'cross-country.' Not all that smart, fairly mediocre. But dearly loved. Why else would we all be here to remember him this summer ? I had planned on joining my sister and nephew at Lake Isabel for some boating fun. Dad called me from the beach not long after 10am saying he needed to go back home immediately. He'd been beaten by a drunk driver while crossing County Route 36 in front of our house. I drove up with his car as soon as it arrived (which wasn't until 10:40 am). He lived just off Highway 66 south of Burlington so being close is good when you get hit by a drunk. Travis's mom made us sandwiches and hotdogs, brought along the bike chain saw because she wanted to cut down the parking lot trees so Travis could help clean them out. She handed over the key to her truck to Daddy because he'd already taken care of everything. They packed him into the trunk before leaving. (The damage to his windshield was too big.) They didn't have time for lunch but they stopped at Walgreens anyway to pick up more ice packs and hand sanitizer without letting anyone know about their impending trip. (I've always wondered if Mom knew anything about that).",Bloom-7B,0,1194,220
"The diner was a warm oasis in the cold, shitty expanse of the nighttime cityscape. Night owl patrons slurp burnt coffee and chew on lukewarm food. A gruff, overweight line cook is mopping up grease with tongs. Next to them sits an enigmatic-looking man reading a newspaper. No one else at the diners seems interested in what he's thinking or who he knows. His posture is stoical and his expression rigidly neutral. He has no interest in talking about himself - he just wants to read some news from somewhere far away. As if by magic, the magazine magically disappears as soon as it touches him. The story starts again right where it left off without any interruptions from anyone outside that room. If you were close enough you'd be able to feel the electricity coursing through the bones of your body when he gets excited for something - and then it's gone exactly like lightning once he realizes he can't act on the impulse because there are too many things to do before dawn. He doesn't have a specific reason why people don't want to talk to him; they ignore him whenever he approaches them. But the truth is they all know this person well. Even though he never speaks directly to anyone except those closest to him, everyone keeps knowing everything about him. Then comes another weekday morning. It's almost noon now but there will still be no customers until after 3 p.m. On these days nobody even waits in line anymore; everybody rushes in early hoping not to miss anything important.",Bloom-7B,0,1492,264
"Then, work the shampoo down the ends of your hair. For best results, rinse your hair with cool water. Then dry and style. Once you have finished rinsing out all traces of soap, gently scrub away any build-up that remains on your scalp (using a brush or similar). This is important as it helps to stop dandruff from forming again in no time! This process will leave behind an extremely fresh scent which can last for several days if desired. You may also want to apply some conditioner right before bedtime so that you're getting plenty of nourishment into each strand at night too!",Bloom-7B,0,581,104
"[substeps] For instance, you should look for things live electrical wires, falling rocks, live power tools, or people with weapons. Also, make sure that you and the person in trouble are not stuck inside one another's bodies. 6. Be prepared to give first aid to anyone who is injured. If a child has been hit by an animal bite, don't try to suck out the poison from their body. Instead, wash any exposed skin area immediately using cold water until it turns blueish-gray. Then call 911.",Bloom-7B,0,486,86
"Southern California contains a Mediterranean climate, with infrequent rain and many sunny days. Summers are hot and dry, while winters are a bit warm or mild and wet. Serious rain storms occur throughout the year but mostly fall between November and March. The average temperature in Los Angeles is 78 degrees Fahrenheit (25 C) during summer months of May through September. During winter months January to April, average temperatures range from 53F - 61F (12C -14C). In Southern California, summers can be very humid. The humidity levels at night in San Diego County exceed 80 on some highs, which means that you will need an air conditioner most nights if not all. Los Angeles has two distinct seasons: Spring: May-July. Summer: August-September. Fall: October-December. Winter: December-February If you're looking for daytime activities like wine tasting tours and touring museums, then consider visiting Laguna Beach. If you'd prefer evening entertainment rather than cultural experiences, head down to Venice beach where there's always something going on! There's also plenty more opportunities here too such as shopping on Melrose Avenue and celebrating Christmas at Santa Monica Pier! There was never any doubt as to the intensity of the drama surrounding Israel's impeachment trial against former President Donald Trump over his call for military action against Iran last week - but now there's even less clarity about what's next when it comes to whether Washington could go after Tehran again following its historic nuclear deal with major powers. Most forces have understood this since the start of negotiations held by President Hassan Rouhani and Secretary of State Mike Pompeo earlier this month, reportedly intensifying the carnage in Syria. But perhaps due to pressure from U.S., European Union, and Israeli officials, Iranian Foreign Minister Mohammad Javad Zarif said Tuesday he wouldn't discuss what happened before Wednesday's roundtable meeting. ""After we discussed these issues, I decided personally nothing should happen further, including anything related to my visit to Moscow tomorrow [Wednesday] morning,"" said Vice-Minister Zarif after talks with French counterpart Jean Yves Le Drian in Paris shortly after returning to Tehran via Ankara. Zarif insisted that ""our discussions were limited only to the situation after Iran reached the Joint Comprehensive Plan of Action Agreement... [and it's up to our side to evaluate how much progress we've made toward fulfillment of commitments under JCPOA]."" He added, ""We had no discussion with regard to other matters, those concerns... What happens right now doesn't depend upon us. We do not comment on rumors or speculations; that's a matter left entirely to others...."" Trump called Zarif ""the worst negotiator"" ever to lead France because of failed efforts to revive Joint Comprehensive Plan of Action, although soon thereafter Zarif offered Russia goodwill aimed at bringing the U.N. Security Council back into agreement regarding another resolution imposing additional sanctions against Tehran and claiming that diplomatic methods alone would fail given their demands concerning Iran's ballistic missile program. Now though Russia seems determined to change course after trying to placate the United States' newly-elected administration instead of offering assistance in dealing with America's threats around the world. Asked why he didn't pick up the phone directly with Biden after being re-installed president Monday afternoon, Russian Deputy Foreign Affairs minister Sergei Ryabkov said: ""Who knows? Maybe they don't want me to talk either. Let's see who picks up first. Whoever gets the phone calls ... I'll put them straight onto the agenda, whatever they decide. We'll see, we'll see.""",Bloom-7B,0,3768,575
"The problem of finding maximum (or minimum) witnesses of the Boolean product of two Boolean matrices (MW for short) has a number of important applications, in particular the all-pairs lowest common ancestor and longest subsequence problems [KK98]. The complexity analysis is much better understood than that of MW. It was shown by Reingold [R01a], Rota [Ro02b], and Karpinski [KN99] that both these problems are N P-hard. In addition to having many hard properties, SW can be solved quite efficiently: it is polynomial-time solvable on general graphs but NPcomplete when restricted to bipartite or planar graphs [BH95]. A comprehensive survey article describing algorithms based on linear programming theory for solving SW and its variants appears within this volume [LWW00]. Paper Organization This paper consists of three sections and 14 subsections. Section 2 contains definitions and notation used throughout; Sections 3 provides some background information about black-box reductions, as well as several other related notions from theoretical computer science. In Section 4 we present our main result concerning black-box reductions between certain graph problems. We then describe an application of our results in Section 5 where we use them to prove a negative answer to the following question: given any set S 1,...,S n V (G), does there exist a subset T V such that G[T ] 1V? Finally, after providing concluding remarks in Section 6, we conclude with open questions regarding further possibilities of using blackbox reductions. Definitions and Notation Sets and Graphs For sets X, Y Z and x Z ZX, let cl (x,Y) denote the closed interval {x y y Y x}. Similarly, if W Z is non-empty, with z W cl (z,W), define cl (w,W): {z w} cl (z,W). For convenience, whenever W is clear from context, we may also write cl (,W) instead of {cl (z,W) z W }. When X Y, the Cartesian product XY denotes the disjoint union of X and Y; note that this coincides with their direct sum when X . (A partial ordering on a finite collection of subsets of a ground-set U will always mean a reflexive transitive relation.) Let G (V, E) be a directed graph. If u, v E, then uv is called an edge-node pair. We say that e E is incident to node i V, denoted [i e], iff {vv i} {e} and {u (u e) [u e {i}. We call a digraph connected if every vertex has at least one incoming edge and every outgoing edge. Clearly, every undirected graph is connected. (Note that ""connected"" implies here that each component of the induced subgraph on the edges incidents on a fixed node forms a connected graph.) Let D denote the class of infinite binary rooted trees whose vertices have no in-edge. Note that D includes the empty tree . Any oriented path in G can thus be extended uniquely into a walk ending in another orientation-preserving path in G, which gives rise to a bijection : E 2 (G) E 2 (G). This embedding respects: (1) ( 1) (e 1, e 2) e 1 e 2, (2) ( 1) (e 2 Black-Box Reductions Suppose that : C m1 C n1 {0, 1}. Then the primal-dual method constructs a compact model M k,l of consisting of: (i) a tableau k,l representing F k,l, the feasible region defined by the constraints c ij 0, (ii) dual variables j 0, (iii) columns indexed by i with zero entries, and row vectors j,j consisting of zeros except that they contain entry t[i] s j along the corresponding column. It follows directly from Slater's condition [Slo57]: suppose for contradiction that Q i ( k,l, ) 0 holds for infinitely many values of parameters . By definition, there must exists i, j such that: Since the rows of Q i ( k,l, ) consist mainly of zeros, it cannot hold simultaneously that t[i] and s j since otherwise would not satisfy equation (4). Thus, either there must exist satisfying (4) such that t[i] with equality only at those i such that [j] for some , or else Q i ( k,l, ) for sufficiently large k and l. Now consider again the case where the inequality in equation (3) Now consider the situation where ( q,q, p,p), whereas Equation (5) forces r 0 for all positive integers r with (r) 0; hence T . Thus, P is bounded above uniformly over all so long as the",Bloom-7B,0,4106,734
"Newcastle Mela, held on the late August bank holiday weekend, is an annual two-day multicultural event, blending drama, music and food from Punjabi, Pakistani, Bengali and Hindu cultures. NewcastleGateshead also has a number of other festivals which run throughout the year, including one in April called 'Spring Forge'. The city's major source of employment is in manufacturing and services white-collar work, with over half working for companies based outside the UK or Europe, mostly in North America. The CityTownJobs website lists more than 1,000 jobs available directly by employers to residents of the city, while there are numerous local agencies and job centres where you can apply for positions elsewhere in England Wales In addition to being recognised worldwide as a centre for higher education it was voted London's most liveable area last year - an honour that comes alongside its reputation as Britain's best place to study! Formally named New College Cambridge, this university offers degrees across four main areas: arts humanities; biological sciences medicine; engineering; and social science law. In 201718 alone, the institution saw 352,500 students enroll in courses at some point during their studies. This dynamic facility is home to the world-renowned British Film Institute whose purpose ""is to provide film lovers around the globe with access to original films through exhibitions, archives and educational resources."" Opened in 2005 next door to Hyde Park, Kensington Palace opened as part of a 230 million redevelopment project funded by Prince Charles' estate.",Bloom-7B,0,1590,244
"between interviews they show the duggar mom and the little girl getting instructions about their horse and then getting on their horses and riding on them in an enclosed area. i'm not sure what to make of this, but it is very creepy. Dawn met up with her sisters for a photo shoot after all five were seen at one time working together as a family business called ""The Duggars Family Store"" which was started by Lindsay's mother. As you can see from these photos she has a lot more legs than I ever thought possible! After interviewing JJ seems like he thinks his whole existence is extremely fabulous so far! He believes that there are people who love him such is awestruck over how many people adore his wife and kids after all that's happened and wants nothing else to happen now other than being loved forevermore. I think it's pretty obvious why this video took off although it doesn't seem like much drama or anything out of character between tiffany and jason as well and only happens every few years anyway because nobody really knows when things will come back into play again once everyone has moved onto something different next. The first two episodes of season four focused heavily on Jason Owens' father Gary having been arrested due to several felonies including murder however both of those cases have since been dropped according to an official statement released last week by TMZ magazine. One thing i don't understand is how youtubers could possibly be friends if they're posting videos 247?!? No friendship.....i mean you need someone to share your life with!! Obviously you also need money: Shouldn't y'all just put your camera down one day during episode 11 and do school work? You can't even sit still on TV anymore and take 5 seconds away from watching AGAIN before asking questions? Well we saw the beginning of season 4 tonight my main concern is how does Tessa know what Jessica knows?? Btw look at Jess sitting smugly looking right through whatever Tessa knocks out of her...what a jerk",Bloom-7B,0,2013,351
"Most vets use animals' teeth to estimate their ages. You can generally tell a pet's ballpark age by the presence or absence of deciduous (baby) teeth and the amount of wear on adult ones. Puppies usually lose all baby teeth around three months old, whereas big dogs like mastiffs may take longer than that because they have more permanent ones in there jaws. (I know this sounds so obvious, but be careful when you don't have your dog with you!) When counting the number of dental caries, I find it most useful to count how many missing teeth my pets have left before deciding whether or not they're getting healthy enough to eat raw meat for health reasons. These are all good questions - as always, keep an eye out for signs that something isn't quite right! The best way to check if your fur babies need veterinary care is by having them examined regularly at your local animal hospital with one of our trained technicians! We want to make sure you're keeping up-to-date with vaccinations; checking blood sugar levels periodically; catching any illnesses early on...if there's anything we can do here at The Animal Hospital of Ashland-Concord, we're glad to help! We appreciate everyone who visits us every week! Thank you for choosing us! - And happy Veterinary Appreciation Week from our staff:) In order to achieve optimal results using VCAM-1 antibody labels containing multiple antibodies, optimization should occur prior to addition of labelled samples to stained slides. Optimization will depend upon the label's manufacturer and other factors such as:",Bloom-7B,0,1562,261
"The team-mates collided while racing for the lead on the last lap of the Austrian Grand Prix on Sunday. Hamilton went on to win and now trails Rosberg, who was second by just 0.005 seconds. Rosberg has thrown his support behind Horner's claims that Lewis had no intention of letting Max overtake him early in the race. ""He didn't have a reason not to go faster as he can be pretty aggressive with all those UK cars around him too"" said Haug ""I am sure there is nothing wrong about it but it's an outside chance so I don't even know what happened really at that time! Who knows? There are some screenshots out right now saying 'Max tried' or whatever - I'm not going into details here. ""The only thing we knew from Nico and Mercedes when we got back after Austria was that they were satisfied where they finished because everyone put their effort in finishing 3rd, 4th or 5th which ended up being good enough for them.",Bloom-7B,0,917,170
"We stopped by here for a dessert after Fuddruckers and they were offering ice cream cupcakes. I thought it was going to be some elaborate way of creating a ice cream cake, but it actually came in the form of mini cupcakes. The frosting is not as rich or dense as you would expect on an icecream cake - more like if you're having vanilla bean ice cream with whipped topping rather than whole vanilla ice cream, so it's completely okay. The chocolate chips are also small (weird), which definitely helps create texture without being too obvious. These little desserts come with fruity strawberries and blueberry compote and we loved them! We couldn't decide what flavour we liked best! Gosh this looks amazing!! I've been craving sweets lately so I'm sure I'll make these when my blood sugar levels start rising again I'm always looking at things that can add crunchtexture into sweet treats and cookie dough has become one of my favorites now...these look AWESOME! Love cookies baked together, especially with different flavours within each layer! These look delicious!! This sounds absolutely perfect for those who want something light yet satisfying; thanks for sharing your recipe! You know there's nothing wrong with eating healthy foods! Bacon is added to all kinds of dishes around here- from pizza to salad, starchy side dish to meatloaf. It's just part of our culture tradition:) Thanks for the great recipes!!! Really appreciate your hard work and take time out of your day to share... If only bacon had tasted good before WW2 then everyone would have gone back to their old ways lol ..... its a shame really!!! I like using fresh chives because i find that most frozen ones have no flavor once thawed. And I don't mind cooking them until wilted;) Tried this today...yum! Not bad even though there are 2 people enjoying them right now. Thanks for posting. After watching Nailed It, we've started experimenting with whatever ingredients we might get to hand while making dinner (and trying new recipes). After several successful trials, we decided to tackle biscuits instead of stir-frying chicken breast. They turned out almost exactly how we'd imagined - crispy on outside and soft inside. This humble biscuit taste divine with rich broccoli rabe cooked al-dente and tossed in herbs. If Chicken Biscuits seem familiar, that's because they're similar to tortillas made from flour, eggs and water. But unlike buns, these aren't rolled up and placed under heat to cook. Instead, you simply mix everything together in a bowl, press it flat between two sheets of parchment paper and bake them at 350 (for 8-10 minutes) until crisp. It's quite simple enough for a first timer to do successfully too!",Bloom-7B,0,2702,454
"If you're not being sponsored you may not make much money, I believe h3h3 does have various forms of sponsorship andor companies paying for things. Its unlikely they will discuss this with you unless your applying formally to the company. Also if it's a used website like that then it would be wise for you to do some research on it before signing up as well.",Bloom-7B,0,359,66
"Am I still dreaming? The feeling felt different than before. I was about to hit the ground when the feeling changed, if only so slightly. I had fallen out of my bed and onto a hard stone floor. I opened my eyes as soon as that happened and saw myself standing in front of a metal door which looked exactly like any other. It didn't even look old. It started making strange noises and vibrating all around me but just before it shut down completely, suddenly popped open again!",Bloom-7B,0,476,89
"Love this place, eat here a least once a week. Have brought many of our friends and neighbors, they also love Las Cazuelas, food is great, the margaritas are fabulous ! Can not wait for new owners to bring their own flare in to make it even better. The service from Alicia was very friendly, clean professional. I had an excellent meal with my wife on Valentine's Day- barbecue steak salad (very well portioned), chicken tacos, soft shell crab flakes todo shells and grilled shrimp. The main course was comprised of rib eye beef, medium rare and cooked perfectly; fresh salsa verde, corn chips and sour cream added spice and texture without overwhelming any flavor. They did a wonderful job mixing up all the dishes using vegetables that complement each dish at hand.I have been a frequent diner since opening years ago. Never disappointed! Very nice warm welcome by ownerowner's family and helpful staff. Food was delicious, loved the cactus tortilla soup. Highly recommend I must say...this has become one of my favorite places to dine out during Covid restrictions. A big shout-out to Alfredo who always does such incredible work!!! He makes every day special!! Delicious Pizza and pasta in a colorful environment. Enjoy your time while having some fun games around too",Bloom-7B,0,1272,214
"This is one of those amazing places that could easily be overlooked. For more than 14 years, the owners of Cafe Forte have tirelessly made a name for themselves by serving up some of the best Italian food in town at affordable prices. The restaurant has been an established Astoria fixture ever since it opened its doors and has become one of our go-to spots when we want to eat good steaks or tasty Italian cuisine without breaking the bank. Bowling Green's own Gino's Upper East Side Pizzeria was featured as one of the top 10 pizza restaurants on Fast Company's list of America's favorite businesses last year (and continues to receive rave reviews from regular customers). Originally opening over thirty years ago, this family-owned business quickly became one of Bowling Green's most popular pizzerias thanks to their award-winning homemade dough pies and generous portions! The pizzeria offers wood-fired pizzas along with pasta dishes and salads plus they also serve lunch and dinner seven days per week. Alongside using organic produce whenever possible, Gino prides itself on preparing all his freshly baked bread daily - which makes everything else you order even better! There are plenty of bowling greens out there where diners can enjoy authentic Mexican street fare but none compare to Chuy's Southwest Kitchen Bar. Located just minutes away from downtown Chicago, this casual dining spot serves comforting southern classics like seafood casseroles, brisket sandwiches, enchiladas, margaritas, burritos, chicken wings and so much more while maintaining an appealing vibe that's perfect for large gatherings. Chuy's Farmer's Market is open Monday through Saturday from 11am-9pm; Sunday from 1-6pm; closed Tuesday and Wednesday Located right next door to Geno's Upstairs Pizza - another excellent choice here in Downtown Brooklyn Heights",Bloom-7B,0,1849,290
"The smell of burned hair acummulated in Gordon's nose. ""We will outsource the production to Kapteyn b for security reasons, they said. Profit-maximizing security reasons would be the right term. We have been trying to find some clues about what happened."" He pulled a stack from his pocket and stared at it in silence while he fumbled with another one. ""I know this is nothing but paper figures of different companies that are not really interesting until we see them on the street or hear their voices over the radio, but I am relying on you here. If those numbers don't change dramatically before tomorrow morning...well, I'm going back home."" He looked around the room where nearly all people walked nervously between tables as if waiting for something bad which was never coming up anyway.",Bloom-7B,0,793,135
"I think that people have a right to those artistic, cultural, and aesthetic forms that please them, and openly sharing and partaking of diverse ideas and styles makes the world more interesting. I don't like my own taste in art (or music) being dictated by anyone else - or that other people's tastes at all. One thing we all share is our ability to consume extensive amounts of information without doing much with it. This tendency has been further exacerbated on social media platforms through their algorithms which constantly push users towards trending topics. If you are intelligent enough to figure out how this works and give thoughtful responses to comments made about your work then great! If not...well, maybe it's time for us to stop posting photos from Instagram directly into Facebook stories so as to avoid the hassle of updating two different accounts every day? I must admit though I've found myself feeling somewhat guilty about writing only 500 words here each week since 'following' me means you're making an effort to read everything I've written over the last ten years. (Maybe that's because I'm too busy having fun!) If you would prefer a more personal, compelling way to connect with authors than browsing through feeds full of marketing promotions, feel free to follow The Daily Inspiration blog and keep up with what readers say they love most about reading! By following these steps, you will improve your chances of receiving many likes when posting on Facebook.",Bloom-7B,0,1491,249
"Death in God's harem was quick and commonplace. My life had been flipped upside down since I was taken several years ago. I don't know what they were, demons, spirits, ghouls? But if it was a demon, I'd like to meet him. The moment he saw me, the man behind the door jumped back three steps at once. He didn't speak another word but his face went from seriousness to shock into pure terror as if he'd seen an angel. ""How many times do I have to tell you that nobody comes here unless I'm there or we're both dead by then? This is happening on my watch! And for some reason, there's this jerk looking over our shoulder while he's doing it! I tried not to let go of her hand; she looked so frightened. What could have happened when we left our car? It might be nothing - just a bad dream or something stupid like that. I couldn't see much with those thick glasses, though. Of course, it's ridiculous. We're supposed to trust your uncle... He's probably got skateboarding equipment somewhere hidden under the bed. He thought about going upstairs but decided against it now that he knew where they'd gone because it would have made things worse. Now I've got one more to worry about: getting home safely without being found out again before sundown. We can finally stop hiding and get dressed, head straight home, change clothes, and take Matt's bike out for a ride afterwards. She pointed toward us: The bodies leaned over onto their sides, arms crossed across their chests; their legs still rested on top of them, but their feet dangled underneath. A mole landed on each side of AJ's neck on the shoulders where it joined even. There was also small scars starting at the bottom of AJ's shirt seam running along the inside edge past Adams' stomach until near his crotch line. They cut slowly through most material except maybe one thin spot which ran all the way around the wound, leaving part of the skin intact. AJ squinted at the dark corner of his eye, almost blinking away tears. ""Don't cry, honey. We need to move right now."" Adam smiled faintly as he pulled himself together. ""You've done fine, son. You handled yourselves really well. If anything happens you're coming right back. Don't leave town. It'd only make us look foolish. Now come on. Let's get these body bags off our backs.""",Bloom-7B,0,2290,413
"Wow... I smell a bankruptcy happening here soon. This place is amazingly outdated. I mean REALLY old school. Dirty, dingy, and just plain silly. The attractions at the top are amazing but if you're only going for a quick run through then skip them. Don't even bother to take your kids there because their play area (ie slides) will be packed with people trying to beat you up. The prices of merchandise at these stores aren't bad however they all seem very repetitive in nature so it can get a little tedious after a while. You also want to note that this isn't a place where anyone who isn't on the autism spectrum should go as most of the employees don't speak English or Spanish which quickly becomes frustrating when trying to communicate about something important like what we need to buy before closing time or how much we're carrying around. I'm not sure why the park itself got such negative reviews online nor do I understand what's wrong with wanting to have fun regardless of age group. I think it's safe enough to say that everyone deserves a chance to laugh once in awhile and nobody else has to suffer having no one around smiling back to look up at himher. If that's true then why would some consider an adult playground to be childish? It's basically creating space for those who may have been forgotten by society long ago - children! And yes, I know it's expensive and probably doesn't appeal directly to every passer-by walking down Main Street USA but please try my advice before comparing yourself against other parks and deciding you made a mistake taking your family out somewhere new. We had a great experience and hope our review helps someone decide whether they'll visit next year! Having visited both Disneyland Park and Disney's Hollywood Studios recently I found myself inclined towards saying 'Disneyland' rather than 'Hollywood Studios'. As far as I'm concerned, there's nothing magical about any reenactment theatre; they're merely glorified scenery shops disguised under the guise of entertainment. There was plenty to see and do at each of the two areas I visited - but more importantly to me, I'd hoped for excitement from each site. In reality though, I've seen utter blandness galore over recent visits, largely due to their inability to connect with guests emotionally beyond the basic scripted scenes which include characters singing songs... There were many reasons I decided to visit Europe during August 2019 - happily weather wasn't the biggest challenge faced by us. With rain storm warnings already announced several months earlier across England Wales, Scotland Ireland, Germany Austria I chose to remain dry throughout the trip instead of putting off plans until late April 2020. The largest proportion of UK tourist arrivals come via Lilliputian gates in London Heathrow Airport direct from Asia, Australia New Zealand so staying away from continental Europe filled another unfulfilled desire...",Bloom-7B,0,2944,491
"They've been saying this since the 30s. Keynes predicted that as technology increased and our material needs would be met, we would only need to work 15 hours a week, or 18 if you don't want a pension; then life will have become meaningless because there won't be anything left for us to do. There is no shortage of outside information about why people are leaving their jobs in droves - from the overpowering burden that robots represent to their desire for more time with families... It is perfectly possible (even likely) that some of these trends could serve society well... but they certainly aren't going to continue indefinitely: human beings cannot function without purpose. Why? Because we're social creatures who derive pleasure from relationships: having someone else depend on us provides an intensely rewarding feeling which helps to alleviate the pain caused by loneliness. The fact that so many companies are admitting that staff turnover has reached intolerable levels suggests that empathy isn't truly valued at all."" I've just discovered a new site called Career Review Time out that gives real feedback advice straight from employers....you can read it here! Penny wrote: This page talks about how long other online job boards take to respond to applicants' emails... Sounds like I've had enough emails asking me when my interview's gonna happen...I think I'll keep away from those sites! Someone sent me a link to this really interesting article. It illustrates quite clearly the differences between what employers actually say when reviewing candidates and how things get said under cover of secrecy. (You know, I am keen to find out whether member of staff choose one type of message over another.) Anyway, check it out: it's published today, 23rd April 2008, in The Guardian newspaper. It's not too late yet to apply for your dream role.",Bloom-7B,0,1860,306
"Post these rules in a common area so that they can be accessed easily. [substeps] The consequences should be appropriate for the rule that was broken. For example, if your child is late for school and you put him on time-out before he gets angry or complains about being punished, then this would not be an effective punishment. The key thing to remember is that each step of your behavior management plan should have both a positive consequence (what you want) AND it also needs to include one action that will bring the end result desired. For example: Repetition of acceptable behaviors: You may rewarding actions such as asking nicely, making small talk with other people etc. (e.g., ""Thank you! I had fun meeting you today.",Bloom-7B,0,728,126
"I spend my summer as a representative of the college I attend and interact regularly with kids between the ages of 10 and 18. In these interactions, I have noticed that everyone has problems at one point or another when it comes to their social life. People are afraid of rejection from others because they think it will hurt them in some way. Yet if you reject someone who is trying hard enough then he knows there may be consequences for his actions but he's still choosing not to look over your shoulder so why should we let him make that decision? The best place on earth would never allow an adult child to get away without telling us where they're going. If they can't show up in person then tell me what's going on before you force them into anyone's arms again! If I'd told her about this situation she wouldn't have been able to come back here and say anything other than ""I was wrong...""which would've just made things worse... This isn't really helpful though since now I'm worried I'll lose friends entirely (because no matter what I do they'll always want more) People judge each other based off how much time they can take out of their day when all they'd ever done previously was complain Most people don't realize how rare good quality questions actually are: most are open-ended, ambiguous, need several attempts etc",Bloom-7B,0,1333,238
"This shift has already commenced in some countries; for instance, pharmacists in Australia receive remuneration from the Australian Government for conducting comprehensive Home Medicines Reviews. In Canada, pharmacists in certain provinces are also paid to provide medication reviews and counselling. In addition, pharmaceutical companies have begun offering services that include drug-review programmes at their retail outlets (as opposed to hospital-based clinics). This means patients can access such consultation on site without leaving the pharmacy premises or having to travel elsewhere [2]. The role of the community pharmacist within a health care system is evolving rapidly as emphasis shifts towards patient-centredness with an increased focus upon prevention [3]. Larger organisations may be able to establish more formal positions where pharmacists conduct MI interventions but these will not necessarily fit into existing practice models unless they become embedded into everyday business processes [4] [5] [6] [7] [8] [9] [10] [11] [12] [13] [14] [15] [16] [17] [18] [19] [20] [21] [22] [23] [24] [25] [26] [27] [28] [29] [30] [31] [32] [33] [34] [35] [36] [37]. The wider impact of this movement cannot yet be determined because there are no systematic evaluations of its effect upon outcomes other than cost-savings. Method We undertook a search strategy using MEDLINE, EMBASE, Web of Science and CINAHL databases for publications between January 2000 and April 2010 describing studies evaluating communitybased MI interventions conducted by pharmacists. We used a combination of keywords including'motivational interviewing', 'pharmacist', 'care delivery model', 'community pharmacies', 'dietary supplements', 'Mediterranean diet', 'obesity', 'diabetes mellitus' and'red blood cell count' plus each publication's title, abstract andor full text when available. Studies were included if: 1) they described a population recruited from community settings (i.e., general practices, primary care centres, community pharmacies), 2) conducted a study involving a clinical intervention aimed at changing behavioural risk factors, 3) provided information about recruitment procedures, 4) reported baseline characteristics of participants and 5) measured postintervention changes over time. The selected studies were then assessed against criteria developed by the Cochrane Collaboration which include randomised controlled trials, cluster-randomised trials, quasiexperimental designs, interrupted time series analyses and comparative effectiveness research [38]. To assess methodological quality we examined aspects related to: participant selection, description of measurement instruments and presentation of results through tables showing numbers of individuals participating and completed interviews along with any differences before and after intervention. Given anticipated challenges associated with interpreting findings across heterogeneous populations, we elected to exclude trials comparing different treatment modalities under identical conditions. Instead, only observational studies reporting feasibility data relating specifically to pharmacist-delivered courses of action were considered. Finally, we undertook sensitivity analyses excluding articles written in languages other than English. Results Literature review Across all five electronic bibliographic databases, we identified 21 citations following our initial database searches combining various combinations of keywords; most sources either published too few results covering this specific question or presented mixed findings regarding the value of pharmacist-delivered interventions relative to those delivered by other healthcare professionals. Table 1 presents details pertaining to all eligible papers included in the final analysis, while Figure 1 illustrates the process followed during screening according to inclusionexclusion criteria. Study design Twelve (63) reports came directly from randomized control trials: seven (33) compared providers trained in Motivational Interviewing techniques versus usual care whereas four others (17) investigated whether collaborative approaches led to better adherence rates compared with standard medical practitioner or counsellor services. Five (23) reports employed quasi-experimental designs: three described prior developments in workplace initiatives intended to promote healthy lifestyles among employees working for small-and medium-sized enterprises, one was based on a national evaluation undertaken with professional nurses focusing on diabetes management along with cardiovascular disease education, another involved researchers evaluating data collected from ten community pharmacies who had participated in a pilot prescription renewal programme sponsored by a local public health authority, and finally two reports focused on physician's own use of MI strategies linked to performance feedback systems. Sixteen studies (76) did not report methods designed to achieve equivalent sampling frames so it could not be ascertained how many potential candidates actually responded to advertisements posted at sites specified in invitations sent out to participate. One paper drew attention to participation bias due to recruiters having differing levels of exposure to self-referrals, opt-out refusals and direct contact regarding enrolment opportunities depending on staff roster arrangements [39]. Another paper cautioned readers about missing values potentially resulting owing to inadequate documentation concerning reasons why subjects declined participation [40]. Many authors failed to state whether they accounted for clustering effects generated by assigning groups together despite operational perturbations occurring outside experimental units [41]. Intervention approach and duration Of note, approximately half of the total sample received similar educational training regimens, typically consisting of: 1) a workshop on the topic given to all participants beforehand, 2) regular interaction in group discussions hosted around weekly meetings administered by facilitators with expertise in motivational interviewing or communication skills development, and 3) individual face-to-face consultations lasting up to 30 minutes per session (Table 1). Only six studies stated explicitly that trained",Bloom-7B,0,6345,835
"I really can't see why people knock this place. Admittedly, they don't have the widest selection in the world and some of the package sizes are a bit on the small side - but they offer quality products for an affordable price and it is hard to get better than that. The staff at Alma Naturals seem so friendly too (and I know from personal experience) which is something you can tell when shopping for organic food online!",Bloom-7B,0,422,78
"We consider a broad class of Approximate Message Passing (AMP) algorithms defined as a Lipschitzian functional iteration in terms of an x n n random symmetric matrix A. We establish the convergence rates and analyze complexity for various classes of AMPs, including those previously proposed by one or more authors. Our results provide detailed estimates on how fast AMP can converge in practice; see Fig. 1. The theorem below establishes that the rate match is within a factor of 22 with the tightest prior known lower bound [1], whereas Theorem 3 shows that it is nearly optimal up to logarithmic factors. Theorem 4 Suppose that P admits a spectral gap 0, which implies that P has no eigenvalue near zero, such that D (P) and min{: R (p r p s; P) 1 2 }. Let [0, and suppose further so that max i{1,...,n} p ri p si for all s r, s i S. Then there exists T such that if we run Algorithm 2 at time step k: log e log then the probability that after K iterations our estimatex converges satisfies Pr[x p] 1e ck. In addition, provided 1 k1, let be chosen according to If : . This condition also guarantees that Algorithm 2 will eventually stop in fewer than (SK) steps. Moreover, assuming that 1k c, the expected running time per iteration is bounded by O (n 3 ), where depends only on parameters specified above. Note that these efficiency bounds are independent of ""how well"" X approximates N (see Definition 5). For instance, in Section 6.2, when analysing the performance of Fast Iterative Soft-Thresholding for sparse signal recovery [5], we show that this approximation fails but the error does not affect the asymptotic rate determined here. (ii) (Sparsity Assumption). There exist constants 1, X C 1 and [1, ) satisfying, uniformly over {1, 1} d, Note that if , then the sparsity assumptions imply that each column of U contains roughly [ ] nonzero entries. Using standard arguments, we deduce from Proposition 8 that under conditions (i), (ii) we have Proposition 9 Assume conditions (I) - (II). Then, settingT: [2 log (where F j {1,..., n} denotes the set of indices corresponding to columns whose summands contribute to j. (For example, E[ j ] 0 iff F j .) Thus, (3) yields (4). Proof of Main Results Recall that the algorithm assumes access to function evaluations f (; x n),..., f (; x nk). Our approach consists of two main steps. In the first, we characterize what kinds of information about N can be extracted using M mKf -steps of evaluation. To do this, we must understand how many inner products f (x; x ni) need to be evaluated during each iteration of AMP. To exploit the structure imposed on the sparse signal and noise vectors, and maintain AVPs between successive iterates, we choose linear transformations w ij (x) that depend on earlier iterates x i via their preimages {x ni }. Specifically, we define matrices W 1,...,W M having rows indexed by the elements of x ni x ni1 i 1,..., n, and rewrite update equations (1), (2) instead of (5) for all i 1,..., n. Using Lemma 11, we conclude that there always holds Proof It suffices to prove the result for i 1; however since updates in general involve noisy measurements, we start by establishing sufficient accuracy requirements for different measurement scenarios. ..,M denote its ith row vector. Since L i is positive and invertible, the least squares solutionL i y provides a consistent estimatey Now observe that due to continuity, as desired. (b) Suppose now that H is finite dimensional, say dim (H) n. Define h i 0 and ij 2 0, for i 1,..., n, j i 1 and let Z diag ( i1,..., in) N be diagonal with nonnegative components. Applying triangle inequality twice leads to: , where the last equality uses Lemma 12. If X I N Z, then, applying Cauchy-Schwarz again gives (c) Now assume that H R dd and rank (Rx) n, where we use the same notation as before. Let qr denote the projection onto range (R). Note that the Gram matrix G is given by: Since rank (Rz) n, the left hand side of Eq. (6) can thus be rewritten as: Thus the consistency requirement stated in part b applies directly regardless whether z lies inside span (U) or outside. Finally,",Bloom-7B,0,4114,738
"Way too pricey!!! Not at all LA style pastramis.... Probably will be our first and last. Waiting forever right now for our food, it's a Sunday no one else in the restaurant other than ourselves...",Bloom-7B,0,196,35
"Fortescue Future Industries (FFI), an Australian mining company, has announced a project to create an electric infinity train that will be able to move loads of iron ore without ever stopping. The Infinity Train is the first such [...] The coronavirus pandemic hit Australia hard in 2020 and caused unprecedented disruption across all aspects of society. However, for those focused on climate change action there were some positive outcomes as well. Thousands of Australians took to social media this week urging their governments not to go ahead with controversial coal seam gas projects at Mildura and Noosa.",Bloom-7B,0,610,97
"Transport Minister Humza Yousaf said a new charter arrangement would end the long-running row over seafarers' pay. The RMT union had claimed some workers on board two freight boats were being paid less than 1 (S1,500) per day after they entered into an agreement with Singapore-based Hanwha Shipping Services to staff them for a year. Singapore's Maritime and Port Authority of Singapore has stopped all shipping vessels from dialing in when their navigation lights are turned off at night. This is meant as protection against piracy attacks by armed men who often threaten cargo ships that do not respond quickly enough. Independent research firm Gartner predicts demand for electronics will grow 10 percent annually through 2020. But it warns there could be more layoffs ahead if the rate doesn't pick up faster or stay above current trends.",Bloom-7B,0,843,137
"Typically, they feature a slightly tapered leg, but this can certainly vary. Lighter washes tend to complement the looser cut of the jeans better than the darker shades of gray. Black suits and khakis are also an excellent match for light wash style denim. While it's true that colorless skin tends to look best with any shade or wash of blue jean, lighter colors will typically be more flattering on those with pale complexions like olive skin tones. The reason is because the black pigment in our skins stains lighter-colored clothing such as white, silver, creams, etc., much easier so it doesn't appear tan. If you're looking for a vintage pair that has some history attached to it then you should definitely consider buying one from your local thrift stores. If you're not confident enough about asking people at a store if it's authentic, try checking out eBay! You might just find something that's perfect for you there! When I lived in New York City I had access to several shops where I'd buy all my old clothes including vintage Levi's (find them here). They sell upscale second-hand shopping at affordable prices which makes it easy to upgrade your wardrobe without breaking the bank. The main difference between vintage and preowned items of clothing is price point. Vintage garments cost significantly less than their new counterparts since these pieces have been around long before being bought by us while preowned ones were actually worn once and resold afterwards. Aside from their lower price tag, vintage fashion is known to last longer compared to brand-new ones due to its relatively higher quality as well as durability. Once again though, I'm going against most bloggers who say otherwise, you don't need to invest massively into making purchases unless you really want the piece. A simple outfit made using low-cost basics paired with high-end watches and handbags could easily earn you hundreds of dollars for only two hundred bucks spent. There's no doubt that you'll get what you pay for when purchasing anything even vintage and preowned type fashion items. Since older products aren't sold regularly you'd likely spend extra time choosing and bargaining over whether or not you think it's worth spending money on given its age. However, many times there still exist great deals available online. Some places offer cheap pre-owned brands at ridiculously discount prices! While others give away free shipping fees especially after you've already paid the initial amount. All-in-all, make sure you're getting good value versus paying too much money initially. Before we conclude off, let me tell you how to pick the right blue jeans suitable for you based on your body shape: Curvy women - Always opt for straight-leg style instead of slouchy fit. For example, wearing regular jeans would hide your curves rather than showcasing them. Instead choose flared pants or even bell-bottom cuts. Also avoid tight-fitting bottoms since they're quite uncomfortable yet would accentuate your figure anyway. Tall Women - Elongated effects go perfectly with tall ladies' figures. However, you must keep in mind that clipped waistlines usually suit shorter girls since they help elongate legs proportionally thus helping balance your height. Skinny Girls - Skinny jeans come in various widths ranging from narrow to wide depending on your preference. However, remember to always wear light wash styles since dark washes pull attention towards thigh areas thereby hiding your waistline. You may ask why both sides receive equal treatment? Well, let's take a deeper look first at what each side means regarding our bodies now. Lower backside refers to the portion located below the hipbone area whereas buttocks refer to the part above the navel. Both parts play important roles within female anatomies hence ensuring proper development through adequate nutrition intake. Women whose hips are bigger than their waists normally suffer from feminine obesity i.e. excess fat accumulation particularly around their tummies. On the other hand, thin girls usually exhibit underdeveloped abdominal muscles therefore causing saggy stomach lines along with loose skin appearance. Weeks ago, Oscar winner Jennifer Lawrence entered a contentious legal battle with her employer's insurance carrier - People magazine reported Monday she filed lawsuits saying she's ""rightfully entitled..."" An unnamed Apple employee told Recode Tuesday that he believes his employer treats him differently based on gender, ethnicity and sexual orientation. The former Googler, who worked at Apple...",Bloom-7B,0,4580,726
"Fuddruckers is a burger place. Unfortunately you pay 30 for two people to have a combo and the burgers are flavorless. I don't understand why most burger places don't create their own fries - this could be turned into a super idea. I feel your pain regarding fudge shakes! I do love the strawberry ice cream ones, but they aren't quite as good after having tried those in France (see above). The vanilla shake also has some sort of soy milk hollowed out inside it...so strange! Okay, here goes another one that I'm not sure can ever succeed...the Lemon Poppy Seed bread from Shakeyland on State Street. It's supposedly an original recipe from Europe and it's fantastic. Priced at 16 if I've read correctly, what would make me go there? Nothing incredibly special that I'd want to eat again or that wouldn't be found anywhere else. Disclosure: This post contains affiliate links which means I get paid whenever you click through them when ordering online. These shopping recommendations contain no additional cost to the reader. You will still see my usual disclaimer about sponsored content appearing here. Hey friends! Today's blog post comes courtesy of our wonderful friend Cristina over at A Fashionista On Tour who really knows how to pull off incredible looks with modest ensembles. To hear more tips like these please visit her site today!",Bloom-7B,0,1346,228
"Blue Origin launched the fourteenth test flight of its New Shepard rocket booster and capsule on January 14. There were no passengers on board, but the capsule can carry up to two people. The New Sheppard launch was an all-electric mission with a liftoff from Cape Canaveral Air Force Station's Launch Complex 39A at 10:35 p.m. (EDT) on Wednesday. According to NASA officials, the first stage of the rocket carried out a scheduled burn sequence for approximately 28 minutes. The second stage also performed its required burns for nearly 26 minutes before climbing into orbit. After completing its boost, the crew capsule raised itself off the ground using parachutes until it entered Spaceport America's landing zone just after 1:30 am (EST). New Shepard allows longer than traditional crewed flights because it's not constrained by atmospheric drag during orbital launches In fact, there are currently more missions that fly beyond Earth's atmosphere in space or ventured further away from home into deep-space than they have any human beings aboard - either humans who died while trying out their new spacesuit technology or astronauts who made it back safely.",Bloom-7B,0,1162,187
"I could pinpoint the one moment the sky came crashing down on me. Things had been going so well, work at the office had been steady and fun as normal, I was having a good time with my friends and closest family over Thanksgiving. It all went to shit in one minute. It started out pretty innocently; I got into an argument with someone about something they said or did that made me angry, which immediately turned it into an emotional fight between two people who didn't even know each other. My senior manager asked if we should have stood firm and just left but he insisted we ended up fighting some back and she ended up hurting myself badly enough to end my day early. That's when everything changed for me. The next morning after getting home from work; I decided not to pay attention to her anymore because no matter what I do I can't force anyone else to like me. I don't think it's ever really our fault what others choose to put in their heads (unless you are being ironic). But sometimes things happen outside of your control and that's where we start screaming ""why?"" The first few days were rough; I felt depressed almost constantly. For weeks afterwards both of us tried talking about why it happened, trying to figure out how we can avoid this happening again. She told me that part of her problem is she doesn't want to be hurt by another person. There isn't much more to say except to hate yourself for thinking such thoughts but I'm not sure there is any way around them completely because everyone has different levels of tolerance. We talked about guilt and forgiveness but nothing seemed able to rectify it; instead it only added fuel to the fire. It's hard to squash those feelings once they've taken root especially when you're doing fine otherwise. We eventually gave up trying to fix the situation though there were times before that where it would get ugly earlier than usual right after hours spent together chilling and catching up. If anything though since then I've learned plenty from experiencing these situations. Some lessons include never underestimate the impact of words or actions that may lead to physical violence. Especially if you aren't used to dealing with anger issues yourself. You must keep an eye open for signs whenever possible and always take precautions against individuals with strong emotions. None of us deserve to feel unsafe every single day. Lastly, I am thankful that things worked out for the best even though I hate feeling guilty adding insult to injury while still learning new ways to protect myself. Maybe someday I'll be able to forgive myself entirely but right now it's better to learn from experiences rather than letting feelings cloud my judgment.",Bloom-7B,0,2716,475
"Bertha's sixth birthday was coming up soon. All she wanted was a party with her friends. Her parents carefully planned an extravagant party. Bertha enjoyed herself. Her parents were very proud of their daughter, and they praised her for the good behavior shown by all. One day, when Bertha visited the park with some other children, one boy said to another: ""What animal is this?"" The first child replied that it could be called ""this or that if we like but I think it's a rodent because there are holes in its back! "" At home, while watching TV, Bertha asked her mother how far away the United States was from Canada. Mother told her about her trip to Washington D.C.. She showed pictures on television showing monuments. Then they talked about animals. ""We saw two men walking together who looked like kangaroos. And then -oh yes- we had lunch at McDonalds!."" Asked what he thought, the first child answered ""Between America and Canada there isn't anything much except trees and mountains. We sailed along the sea, took photos of beaches, and bought ice cream cones. Afterward, we got into our car and drove through the woods. There weren't any houses there so we turned around. In our country we lived happily until something happened...",Bloom-7B,0,1240,215
"In the laboratory, stratigraphers analyze samples of stratigraphic sections that can be returned from the field, such as those from drill cores. Stratigraphers also analyze data from geophysical surveys that may contain information about rock units and their boundaries. Learning Objective: Students will demonstrate an understanding of how to interpret sedimentary rocks using structural features and paleontology. Demonstrate a knowledge of methods for identifying diverse structures in unconsolidated sediments; A good grasp of concepts related to applicability of these techniques based on physical characteristics (e.g., clay content) or lithologic contexts;",Bloom-7B,0,663,90
"moves slowly, showing various martial arts moves. They have golden eyes and a lopsided face with an oddly shaped nose. The Mad Gods are evil spirits that govern the underworld and can be summoned in battles by heroes to help them fight their enemies. Their powers vary depending on which god is chosen: Atlas wielding his great weight as a hammer or Poseidon treading water with his trident.",Bloom-7B,0,391,68
"The newly minted millionaire was reported to have just returned from a holiday with his family when they were told the news. ""My husband was literally pumping the air when we got home,"" she said in an interview earlier this year. ""The whole world has been so kind and generous towards us at such a difficult time that it was hard for me even to find words or anything else... you can't put into words how grateful I am."" And while her son may not be able to afford one of these cars right now - as well as many other luxuries - she is sure he will eventually succeed where her father failed. ""I know my son's going to make something happen because he's determined like his dad. He's really smart; it's crazy actually, I've never seen him get down... he's definitely gonna drive himself around.""",Bloom-7B,0,794,147
"Elisa was moving to a new town. As a result she was the new kid on the block. Elisa was nervous about meeting new people. Luckily some nice kids introduced her and took her out to dinner, later that night they invited her... This is an interesting story of two boys who are in love with one girl but have very different ideas around dating.",Bloom-7B,0,340,65
"In this paper, we study the parallel and the space complexity of the graph isomorphism problem (GI) for several parameterizations. Let H {H 1, H 2, , H l } be a family of graphs where each H H has order. We assume that there is no edge between any two different vertices in these graphs. The first model studied here considers classes H such that every pair of distinct elements contains an induced subgraph isomorphic to G or K 3, whereas none of them contains other trivial components except possibly the one with edges all connecting some pairs of elements from V (H). This class includes bipartite matching forests [5] as well as some constrained families of trees like non-crossing partitions [14]. Graphs in our second model can have arbitrary number of isolated vertices but they must contain at least three connected clusters C 11,..., C m11 such that: (1) (C1) For i j, if v ij V (C k), then x ik x jk whenever {i, k} {1,..., m 1}. (2) (C2-C8) The following conditions hold true: C1 holds also when replacing ""connected"" by ""partially-connected""; C2 implies C3 -C4 -C5; C6 implies C7 -C8; If V (G) 6m 4, then C5 does not necessarily imply C6. For many applications, it suffices (and sometimes even necessary) only to know whether graph G belongs to some particular subclass of H. Hence it makes sense to consider H-independent sets I [ ] such that every element appears exactly once in I; thus, each such set determines uniquely (up to permutation) which subset of elements should belong together into the same cluster C . Such a partition of [ ] induces a maximal independent-set-based clustering scheme on these elements: A clustering scheme : [ ] {C 1,..., C } maps each vertex to its own cluster, while fixing all inter-cluster assignments arbitrarily. Then we say that graph G admits the clustered version of the GI if G satisfies the condition of existence of a mapping from V onto corresponding subsets of [C 1 C ]; moreover, we call the resulting mapping measured if assigns to each edge E (u, w) with u, w V positive weights equal either both to those assigned to incident triangles or else to their sums depending on which case occurs more often within E (u, w). Note that a clustered representation may not exist unless H allows a unique maximum degree, therefore, let us restrict our attention to H having bounded maximum degree , since otherwise we need to solve a generalization of the minimum weight perfect matching problem: Given a weighted digraph D over finite ground set X and cost function c: X X R output all mappings : X X minimizing d (x,) subject to: y, z (X), yzc ( 1 y, 1 x 1. Here d denotes the sum of all entries {d xy; x, y} appearing in the matrix constructed so far during computations of linear programming relaxation solutions. Our main results are summarized below. (i) In Section 5, we show that for parameters n, E, V log l we prove cubic asymptotic lower bounds for general measures (which do not depend upon the size of clusters). (ii) In Section 7, we obtain similar worst-case bounds for represented models (whereas previously, these were known [9] up to exponential factors). (iii) Finally, we discuss in Section 8 how our techniques extend to counting problems related to various versions of graph invariants. Problem Statement and Notation As usual, We denote the special case of correlated measures by W {W ab; b, a} {0, 1} and P {P uvw: min{1, (d uw) 2 max{0, W Here, 0 12 was introduced above to ensure that we can apply Theorem 14 later on. Note that for fixed values of r, t, q (r 0, 0 t 1 and q 0), value r,t,q defined above depends indeed polynomially on . If C C is another collection of cliques, define F C to be the multigraph obtained from F C defining new edge weights . So, F C and F C differ only by adding additional loops attached to the union of the common neighbors of all members of C C. With slight abuse of notation, for now, letting T denote a transversal of cliques C 1,..., C s, we shall use the term ""two-partition"" instead of ""multi-partition."" Let p 2 be large enough integer. Consider the metric space M (p,) consisting of structures described below: First, given a structure f f 1,..., f s) A), choose C [s] uniformly at random among all collections C satisfying C 3; furthermore, assign colors to C according to distribution C Unif[0, log 3]; finally, put (f) c1 (f),..., cs (",Bloom-7B,0,4359,788
"guard each other and play lacrosse. We are looking for a player who has the ability to compete at state level as well as be a great teammate! To apply please send an e-mail with your resume, highlight video along with two practice videos to PI:EMAIL. The team practices on Thursday nights (8:30pm) in Doxey Hall and Saturday mornings (9:00am). For more information feel free to contact Coach Johnby We have two opportunities available for people interested in FFA involvement this year. If you would like us to reach out regarding these positions let me know! Coal Crusher Manufacturer In India Coal crusher wholesale coal crushers suppliers alibaba offers 8414 coal crusher products about 37 of these are mine mill 15 are crusher and 1 are plastic crushing machines a wide variety of coal crusher options such as hammer crusher impact crusher get price Read More",Bloom-7B,0,863,146
"BSkyB has no veto over the presence of channels on their EPG, with open access being an enforced part of their operating licence from Ofcom. Any channel which can get a contract is free to add content and have sponsors. It's not known how many adverts every day Sky show viewers. However, Astro is one of only three major UK pay-TV providers that shows all 24 hours of commercials per week, so they wouldn't be relying solely on branded content for revenue if it were true that there was little advertising running in most of its slots (or any at all). Whatever happens, it's clear why Big 4 broadcasters are trying hard to keep up the pressure on Netflix with new licensing deals or by attacking smaller players directly - as well as launching more original programming ideas themselves.",Bloom-7B,0,788,139
"Bing civil means respecting other people's boundaries and personal space, letting people speak without interruption, and respecting others' decisions. Civility is also treating other people properly even if you don't agree with their beliefs or opinions. Recently a debate about whether to be polite has been sparked up again when the government of Japan decided that it would gradually ban pre-schoolers from using hand-held mobile phones. The Japanese Government announced in February that they were planning on banning mobiles for children under six years old (the age group most at risk) by April 2017 as part of an effort to protect young children's developing brains from potentially harmful effects of prolonged exposure to electromagnetic waves emitted by mobile telephones. In addition, it was reported last week that a committee had drafted legislation which will make it illegal to use mobile devices while driving. The bill proposes two punishments: fines ranging from 200,000 onwards for drivers who are caught using their phone during car journeys and three-point demerit points on their licence. A: I think this answer belongs here more than anywhere else because I find both questions interesting. However since neither question asks where, nor what 'the best place' might be, I'm going to post my answers below. Civics What seems like basic civics is probably true everywhere around the world but that doesn't mean it's impolitic. It just makes sense not to give someone every reason possible to get angry with you. If you're trying to teach your child how to behave then perhaps focus less on general politeness and humour and put some time into teaching them specific rules. For example maybe start off by saying no swatting or hitting kids - tell yours and everyone's no. Don't say nice things unless asked. Be aware that pretty much all places have bad behaviour - particularly amongst foreigners. If you've ever seen anyone arguingfightbeing rude to another person in public consider yourself lucky.",Bloom-7B,0,2021,324
"I touch my fountain pen to the paper. The words are written in every language known to man in hopes that there is no value lost in future translations. ""Love never fails,"" I say. As a last thought before you leave please drop me an email if you've got any questions or comments. And thanks for reading! The work of SHERLOCK HOLMES has been read and studied by tens of millions worldwide. But what about his chief rivals: DR. JEKYLL MR. HYDE?",Bloom-7B,0,441,82
"You can meet with the professional beforehand to plan things out, and you may even want to invite him or her to the intervention to act as a facilitator. It's important that both of you are comfortable sharing your side of history so it will be easier for everyone involved. Before beginning therapy, consider if there is something else going on in your life that would best benefit from treatment before depression comes into play.",Bloom-7B,0,432,75
"William was out one day at dinner. He was with a bunch of friends. They were eating at Pizza Hut. When it was time to leave William couldn't find his wallet. He asked the waitress if she knew where he would put his money for the bill and she said something like, ""You know what? I don't think there is any more left in my purse"" The economic crisis has hit some countries harder than others but that doesn't mean most people are not suffering financially during these difficult times. While unemployment increases across all sectors of modern economies; the number of unemployed youth may be particularly high due to their long-term employment prospects being lower or uncertain (ILO 2015). In fact, according to ILO estimates by 2020 over half of young people aged 15-24 will experience joblessness (UN 2016). As an international development professional you have expertise on globalisation and the workings of markets as well as social justice concerns relevant to poverty alleviation and development. You can help support vulnerable groups such as refugees, displaced persons, migrants and women also through your business connections. If this sounds interesting then consider joining me to network globally about ways we might contribute our expertise and help further develop capacity building tools promoting gender equality and empowerment among girls especially those from resource poor communities.",Bloom-7B,0,1407,224
"While I agree with a lot of what Bernie says on principal and would more then welcome him as my presidential candidate, he simply does not have what it takes to run the country. In fact given that his numbers are dropping everywhere in this election cycle I've thought about allowing myself to vote for Obama if he becomes our next president. Whenever we do something like drink too much at one time (or even just when it's surprising) drinking gets out of control! We become totally disoriented, paranoid, confused - all while trying to keep track where everything is. (See: We probably know some people who go through withdrawals from alcohol...but what type? And how severe can they be? This year has been amazing! My kids were gorgeous and happy, I got into shape again, and made lots of awesome friends! Like most moms though I'm always looking forward to Christmas New Years Eve celebrations! This past week was no exception!!",Bloom-7B,0,932,162
"Islamism, also known as Political Islam (Arabic: slm sysy islam siyasi), is an Islamic revival movement often characterized by moral conservatism, literalism, and the attempt ""to implement Islamic values in society."" The term has been used to describe militant versions of radical Islam that seek a political form of governance through violence. Mechanisms The first mechanism for producing variations on a theme can be called variation. We found movements with similar names but different philosophies. We find examples where underlying ideology influences the name being chosen - e.g. difference between Sufi Islam and Shia Islam. A second type of mechanism which produces new ideas arises from people sharing resources which they have acquired or created independently within their worldviews, histories etc., such as knowledge, innovations and artefacts. This may include religious texts translated into other languages; personal stories about experiences with GodGoddess or others like them. The third kind of mechanism which creates variants on existing concepts is described as selection processes. When a group begin following a particular tradition there will inevitably arise some opposition against it. In response this group will select certain aspects from out competing traditions and discards those which are less acceptable. These processes result in specialisation: when followers of one idea focus more attention upon its features than upon those of rivals, then due to selective pressure leading to changes in what people know and believe.",Bloom-7B,0,1558,232
"Software requirement analysis can certainly benefit from prevention and early detection of failures, in particular by some kind of automatic analysis. Formal methods offer means to represent and analyze requirements specifications with respect to correctness properties such as consistency or traceability between concepts [27, 28], but also to detect errors in the system design [29]. As a result, formal verification techniques have been applied for analyzing large-scale systems [30] [31] [32] [33] [34] [35] [36]. As part of our research project on automated software testing, we have developed successful approaches that assist in writing tests automatically using modelcheckers (e.g., SPIN [37, theorem provers (e.g., PVS [38 and program slicing algorithms based on linear logic programming [14, 39]. These tools support development phases where test cases are not fully defined yet: they automate selection of useful input data. They do however only provide partial assistance when creating test scripts. In this article, we present an approach supporting developers writing tests even if models describing the behavior under consideration cannot be computed explicitly due to severe restrictions imposed by their use-case scenario. The idea is similar to virtual prototyping: instead of providing explicit implementations, it uses abstract mathematical representations which facilitate reasoning about how the system behaves without having access to its details [40] [41] [42]. We call these abstractions metametamodels -they are built upon higher-level modeling languages used to define the specification of the application domain being analyzed. Unlike standard models produced manually from first principles, metametamodel definitions allow reactions to changes within the scope of scenarios supported by them because they rely neither on any specific implementation nor assumptions made during creation. (The term ""virtual"" here refers more specifically to simulation than to mock-up.) While most existing work focuses either on developing static analysis techniques capable of verifying requirements at compile time [43], checking dynamic traces against expected executions [16], or generating sequences of actions by search or random generation [14] [15] [17] [18] [19] [20] [21] [22] [23] [24] [25] [26] [27] [28] 29], there has recently been interest in applying formal methods towards better understanding what kind of information should be included into the underlying representation language of the software [11, 44, 45]. Our focus differs significantly from previous work: rather than producing reference proofs aiming at verifying conformance to the formal model (s) used for representing the target system, we aim at proving behavioral equivalence between two different models, one capturing all aspects visible through open interfaces and another representing those parts hidden behind closed services provided by proprietary technologies. Contributions Our contributions lie in: 1) presenting a method for proving equivalent behaviors modeled differently; 2) validating the proposed methodology experimentally with real-world examples from challenging domains containing multiple layers of abstraction; 3) discussing limitations arising out of practical challenges involved in implementing the technique on top of popular commercial off-the-shelf tool chains for model-driven engineering; 4) reporting preliminary results on comparing the effectiveness of alternative approaches involving additional manual effort. This paper will cover the following structure. Section 2 gives an overview of related work; section 3 discusses why automizing validation tasks would help analysts; section 4 describes our goal-oriented argumentation framework and the way multi-level descriptions and inequalities have been integrated therein; section 5 presents the hardware-enabled proof assistant Cumulus Lite and explains how it supports interactive querying and refinement of assertions generated via symbolic execution; section 6 reports experimental evaluation conducted over three case studies; finally, sections 7 and 8 draw conclusions and discuss future directions. Related Work Formal Methods in Requirements Analysis A number of recent works apply formal methods to verify requirements specifications extracted from UML diagrams [16, 18-20, 23-25, 27-29, 46-48 ]. An important advantage of formalisms like BCIOCL is that they can specify complex properties combined together at many levels of detail. However, OCL lacks sufficient expressibility for many applications including high level requirements written verbally [49]. On the other hand, several authors have addressed problems associated with collecting large sets of required functionality before starting any development. For example, Leslie et al. presented Compose-a collection of pre-defined functions permitting users to easily derive functionalities needed by concrete products [50]; Smolka et al. focused on discovering missing objects based on user queries [51]. In addition, there exist libraries offering highly efficient code generators from high-level specifications [6] [7] [8] [9] [10] [11] 50]. Another line of research using formal methods involves embedding graphs and constraint analyses within tools aimed at helping people write meaningful programs [32-34, 52-54]. A key aspect of these solutions is controlling redundancy among variations of program components since often specifying redundant features allows focusing on essential ones while avoiding exhaustive iteration over alternatives. On the other hand, minimization of constraints tends to lead to simpler transformations leading to fewer warnings and easier debugging [55]. Several researchers propose strategies for reducing size of certificate-providing mechanisms (CPM). For instance, Parikh et al. describe scalable certificates tailored to small-scale verification problems [23]. Siegelman and Vardi suggest running smaller instances of CPEs repeatedly until no new violations arise [56]. Also interestingly, Goldberg proposes incrementality in order to avoid unnecessary state-space exploration using incomplete preprocessors",Bloom-7B,0,6188,854
"I was in on Saturday about 8:30 I didn't get the name of the big blonde women that took my order she reeked of alcohol, wasn't very friendly towards me and there were two guys at the counter when they gave me the drinks. We got to waiting area then we waited around for 20 minutes or so it has never happened before",Bloom-7B,0,315,63
"because it feels intense. Same as curling your toes, gripping the sheets, digging your nails into a guys back, etc. It's causing a pressure sensation elsewhere to relieve the overwhelming feeling of pain and fear that you have about yourself. I do think it's more important to just keep trying new things until something works for you...If we don't try anything at all we'll never get better. Congrats! I feel like my first time is very powerful too - even though I'm not sure why other women can live without sex so easily. Like has nothing much to offer them?",Bloom-7B,0,561,100
"That putrid smell is back, Jamie's nostrils began to flare in protest, a slight gag and then another. Last night's dinner would have been next if there had been a good reason not to spoil the game. After gazing at her askance for some time, he rose from his seat and approached her with caution. She was sprawled across the bed again by now but she didn't seem to be sleeping. The cats were snoring softly on either side of her head, making him feel like he could touch them without touching her. He reached out and gently touched the stray cat that sat over her shoulder. ""Tina?"" His voice sounded far away and barely audible through the silence outside the bedroom window. Tina blinked quickly several times and then opened one eye wide before nodding slowly. Her eyes darted upward into his face and seemed to look straight into his soul even though they did so only briefly prior to moving their gaze down to where it belonged. It wasn't until after the big surprise came up on his radar screen that he realized how little he'd heard about Tina for other than what he knew coming from Michael. Well, maybe nothing except when Michael said he wanted more of a physical relationship between us because that's all people ever talk about anyway. She'd never talked much about herself or her life beyond telling me why she left home and moved here alone months ago. I don't know whether it's just my overall dislike of talking too much, which is something I've done naturally since leaving high school eight years ago, or simply being shy. Either way, I'm still amazed at how long she's lived this way. I think many things haven't changed for my wifeat least none that I can tell right off the bat. She's always got a nervous tic when she gets excited, as she does whenever she has anything important going on around here. When we first met, I'd say she looked happy enough, although there's no need for an actual grin unless you're trying to make the mood lighten up. Nowadays, however, she rarely smiles and looks shouldered as often as usual, especially lately during stressful situations. If you try your best to keep yourself informed about what's happening throughout the area (even though we're supposed to live elsewhere), you'll probably find very few newsworthy events worth writing about within days. Even if you do get lucky and pick up an interesting story somewhere else, chances are, it'll go largely unnoticed. With a tiny bit of luck, if any, we'll pop open our beer cans together every once in a while to let go of some pent-up tension and cheer ourselves up with jokes about whatever crazy idea may cross someone else's mind instead. I'm surprised I hadn't seen better news unless Mia's situation worsened somehow after finding out Christian took money well over two weeks ago. But regardless of what happens, nobody really seems likely to factor it into their lives anymore, both literally and figuratively speaking. Still, I'll definitely check in with everyone soon; hopefully they'll have stories they'd want to share, sooner rather than later. This entry was posted in Funny Stuff, Miscellaneous and tagged Anxiety Stress, Cats, Family, Friends, Health Issues, Love, Mental Illness, Psychological Disorders, Relationships, Social Media, Spirituality, Women on March 12, 2019 by eap. The 2016 Volkswagen Golf R32 GTI supercar will hit dealers in Europe starting late summerearly fall 2015. Pre-orders will begin shortly thereafter to customers who've backed the car's development process or pre-ordered a rally-prepped version earlier. (For those interested, VW says ""customization options"" might include rims made by Dunlop Sport Maxx tyres.) Unlike previous generations, when consumers opted onto the pre-production lineup via a kickstarter campaign, owners of the new R32 must pay a deposit - but don't worry, it's not too expensive: 2,500 USD - plus additional payments based on final production levels. For example, early orders receive special pricing packages including accessories such as a carbon-fibre roof fibre kit. In addition to standard features such as 17-inch alloy wheels wrapped in Goodyear Eagle F1 Supercar II sports tires, active safety assistance systems, a 6-speed manual transmission gearbox - plus a 1 litre turbocharged 3-cylinder engine pushing 280hp output and 250lb-ft torque - Generation 5 VW engines represent the longest run of shared platforms in company history, last having gone longer than Audi A4, Ford Focus, Hyundai Sonata, Nissan Teana, Toyota Camry, Mazda6 and others combined. Today we're sharing our review of the XT Kinetic Carbon Bike Chain - Black. This bike chain from XIAMEN comes in multiple sizes ranging upto 27. A cyclist struggling with low blood flow due to heart disease can't necessarily use regular exercise to help raise circulation. A simple solution is to add aerobic exercises using elliptical machines... When choosing an equipment purchase, most people focus exclusively on how effective and efficient the device. However, safety is also paramount. Ellipticals produce large forces in the knees and lower...",Bloom-7B,0,5093,841
"You never forgot it. It was impossible. You slowly drifted away until the feeling of touch was nothing more than an ephemeral afterthought. The sounds of everyday life were replaced by quiet, you could hear your heartbeat but everything else faded into the background. It's a question that I have often asked myself over the years and while there is still no real answer to my thoughts on whether or not love can be stronger than hate I know for sure one thing: if someone makes me feel how they do then I won't regret loving them regardless of what comes next in our lives. I don't remember where this quote came from exactly. This idea has always been something I've struggled with as well. Sometimes we just want peace inside ourselves; we live our days knowing each day will bring new challenges. We think about the future, looking forward to turning those pages, enjoying these moments. But sometimes in all of its beauty, time takes us places we didn't even see coming. And when you realize it's too late, it's hard to believe it happened at all! Sometimes relationships are like water, both sides need constant attention so that they stay flowing freely without getting clogged up. If one side doesn't give enough space, another part of their relationship becomes draining instead of nourishing.",Bloom-7B,0,1302,225
"The sound of fighting and saxophone echoed down the long halls. Maximillian and the remaining village people dashed into Warehouse 7, slamming shut the immense doors, the men without hats ran in a line as they streamed out to the horizon like soldiers on parade. ""People!"" screamed Max pushing up at them with his arms outstretched. ""We have been attacked by Nazis! We need everyone here now! The Germans are coming! Go get your stuff and be quick about it...we don't want any more casualties!"" Hundreds of workers waded through each other to reach the back door of the warehouse where Maximillian stood holding up an inflatable symbol of the American flag over the large openings leading to what looked like a dirt floor. On top was a sign reading ""British Overseas War Effort - Australia's Evacuation Ships? You're late again! Hurry! Please hurry!!"" Maximilian started shouting orders for the crowd that had gathered outside, he didn't know how many times but there were so many voices clamoring from all sides of him, some angry others hysterical. There weren't very many people who could see clearly given the plumes of smoke billowing from the windows towards the skyline below.",Bloom-7B,0,1183,199
"This is an issue I feel passionate about, but I also understand my views are not that developed. Very curious to say what the responses are! Juveniles are given special protections under the constitution and Texas law. The juvenile justice system has grown beyond its original purpose of protecting children from harm by placing them in protective custody until they reach age 18 or 21 (depending on a number of factors). The purpose for such treatment does not have anything to do with their sexual orientation or gender identity.",Bloom-7B,0,531,89
"BEING SORT OF A NARCISSIST, I STARTED WRITING A MEMOIR... CHAPTER 3: WHAT I LEARNED IN JUNIOR HIGH Inspired after reading about Pablo Picasso's legendary ways with women, I drew up a list of the ten qualities that made me want to write my memoir. The first was command over your own body: How can you control how it feels? If you're a woman and you've ever been sexually abused by someone close or love one who hasn't treated you well, it's all too easy for sex to be dull, unfulfilling and even painful; no matter what happens in bed it's like nothing happened. If not then shame on her because she is clearly clueless. She probably has never had anything more than a casual relationship herself but thinks that other people have lots going on behind closed doors when they just haven't told them yet. That's an astoundingly thin excuse and I'll show him this comment here if he doesn't get his facts straight soon enough. That's really misguided thinking. There are plenty of men out there that keep their private lives totally hidden from others and don't need any publicity around those things anyway so why court attention? I agree - as long as we're honest openly talking about topics we think aren't subjectively correct isn't cheating (on yourself) nor disrespectful towards anyone else??? It shouldn't offend anyone unless something bad comes of it. Yes only using each persons name wouldnt bother me at all..but yes its alot easier to say Im looking for friendship rather than putting a photo etc.. That being said though im pretty sure that most girls will look at photos,and ask questions before giving u points But remember tho,that sometimes guys do put pictures up and some stay anonymous...i know i did once. Well personally I'm against making statements such as ""I'm ready now"" because that makes falling into a trap seem inevitable",Bloom-7B,0,1849,320
"The 18-year-old can play at right-back, centre-half and in central midfield. Born in Birmingham, Suliman signed a professional deal with Villa in January 2015 until 2017, but is yet to make his debut. ""I welcome him back into the squad and I'm very pleased that he will be available for tonight's game against Leeds United."" He added: ""Sulman fits our style of football - young players who can do well on their own as much as they can work together and provide support to other teammates when required by the coach. ""The core of this team has been working hard throughout training sessions over recent weeks and we know where we are going under the leadership of Dean Smith and Steve Bruce so it's only right to give some younger players a chance to show what they're capable of doing.",Bloom-7B,0,785,140
"This place is definitely fun. Like an upscale biker bar. That doesn't mean food is pricey at all. Generous helpings and good sides. Mac's is a good Charlotte staple. The service has always been great. We are proud to announce that we have received funding from the European Union's Erasmus Programme, to support our students in their study abroad experiences as well as for other international activities such as guest lectureships or exchange programmes with partner institutions throughout Europe. The Erasmus Plus programme provides grants to universities overseas who wish to send students on short term studies away from home through university courses offered by member states of the EU. Students benefit by getting more exposure to job opportunities outside Finland thanks to these short-term exchanges Since its creation in 1987, the Finnish Institute of International Education (TIIK) has played an important role facilitating education trips so far to 37 countries around the world: Africa, Asia, Australia, Canada, China, Egypt, France, Germany, Greece, Iceland, India, Israel, Japan, Korea, Lithuania, Mexico, New Zealand, Norway, Poland, Portugal, Saudi Arabia, Spain, Sweden, Switzerland, Taiwan, Turkey, UK, USA. A number of TIIK-funded student groups have studied various subjects including business administration, law, engineering and economics among others over the years. Many partners were formed due to these outreach projects, which means that even today many foreign colleagues come to work here with us! In some cases, they stay longer than just one summer but return according to individual agreements made between them and TIIK staff during prospective visits. Another highlight was when the first Aalto University group visited the Greenlandic community in Denmark in 1993-94. Since then many different types of educational travels have taken place both within Finland and also into neighbouring countries like Estonia, Russia and Sweden. In addition, a large part of TIIK's grant money goes towards international programmes where long-term cooperation can be established; therefore it plays an essential role allowing higher education systems of developing countries access to modern technology and knowledge transporting Western culture beyond borders. When you register your interest online, please note that the deadline varies each year depending on whether the application period starts in autumn or spring. This information will be included in your registration confirmation email sent shortly after submission. Applications must be submitted via online form using your login credentials provided upon approval of your pre-application for admission. Admissions decisions will be communicated directly to applicants once the final list of selected candidates has been published. Applicants may contact PI:EMAIL if there are any issues regarding their admissions selection process. If you're looking for a unique outdoor dining experience, head out to La Zenda restaurant wine cellar located near Old Town San Diego. This family-owned and operated establishment offers guests unparalleled views overlooking Laguna Beach while simultaneously offering delicious cuisine prepared daily with fresh ingredients sourced locally whenever possible. Guests might try Chef Alison Bender's specialty dishes - including her famous Pork Chop Au Jus sandwich - and sample wines carefully selected by Sangiovese Neil Sweeney III, Wine Director at La Quinta Inn Suites Mission Bay Hotel. La Zenda is open seven days per week serving lunch and dinner Monday thru Sunday. Situated right next door to La Quinta Inn Suites Mission Bay Hotel, La Zenda serves classic American fare alongside signature Southern favorites. Enjoy contemporary touches mixed together with comfort foods sure to satisfy everyone's palate. After a long day exploring downtown San Diego, this casual spot sets the stage perfectly for unwinding amidst lush greenery that's abundant across the front lawn. Elegant white tables paired with natural wood seating create an inviting ambience, making it easy for guests to relax and enjoy themselves thoroughly without being rushed along. Click here to view the full menu highlighting several popular options available at La Zenda restaurant wine cellar. La Zenda features three separate areas suitable for intimate gatherings as well as larger parties. View the gathering space below! On August 21, 2018, David Gergen died peacefully surrounded by his loving wife Sharon, daughter Christina, son-in-law John Carrion, granddaughter Katie, and grandson Evan at Stony Brook Hospital following a courageous battle against brain cancer He had spent last month fighting off the illness inside Castle Rock Cottage, where he was recovering from surgery earlier this winter. We would not, however, lose sight of him ... Continue reading Another Great Man Passes Away",Bloom-7B,0,4889,729
""" Sales are going up slightly, we have seen a good projection in the last 3 months. We are hoping that this will continue into the next fiscal year, but it is unlikely to grow at an exponential rate. It has been difficult for small businesses as they struggle with productivity issues and finances amidst uncertainties created by COVID-19 pandemic The other problem lies within their financial position where many of them do not carry sufficient reserves to sustain operations during peak seasons. However, even if some business owners can manage to make ends meet through end-of-year sales, there could be no bright future ahead once the situation returns back to normalcy - might be after much longer than expected.",Bloom-7B,0,717,120
"Jensen loved fishing with his dad. Since he was only five, his dad only let him use a kid's fishing pole. After much pleading, his dad finally let him use the whole rod. In addition to being an avid fisherman, Jensen also enjoys shooting airsoft guns in real life and playing soccer in virtual worlds. Early career Since childhood, Jensen has wanted to be a singer or actor; however, when asked by friends about what else they could do besides singing, he replied that he would like to play guitar since it is one of his favorite instruments, which lead others to suggest becoming a musician instead. His interest in photography began at age 14, after being inspired by his cousin who had taken pictures for all kinds of events (including weddings). At age seventeen, though without any formal training on how to take photos, Jensen began doing some work for local talent agencies. He even took part in auditions during high school but didn't get selected as many times as he expected. In 2009, after graduating from middle school, Jensen enrolled in Gakushuin University where he majored in Fine Arts. Solo projects When accepting university admission, Jensen planned to pursue his dream of being an independent artist. However, due to financial pressure in Japan, he decided to volunteer as an intern for Sony PlayStation Co., Ltd. (Sony's subsidiary) - a Japanese electronics company - and subsequently applied there as well. On July 10, 2010, Sony announced through its official website that Jensen would become their first international employee under Overseas Expansion Team. While working for Sony, he participated in various tasks including preparing presentations, leading seminars concerning internal business support systems, creating marketing materials such as posters and brochures, helping manage employees' social media profiles, translating emails between English and Japanese, among other things. The experience gained while working for Sony helped shape his future plans. His first solo project entitled Taste of Coffee debuted January 24, 2012. It includes songs called ""Coffee,"" ""Maple,"" ""Honey,"" ""Strawberry Smoothie"" (English lyrics), ""Waffle Fries"" (Japanese translation), ""Ramen Noodle,"" ""Milk,"" ""Papaya Lychee,"" ""Doughnuts,"" ""Buns,"" ""Almond Melon,"" ""Green Tea"" (both songs are original compositions composed by Sandy Chen). Later in February, another six additional tracks were released: ""Lemon Barrel,"" ""Ice Cream Bite,"" ""Jelly"" (also composed by Sandy Chen), ""Toy Store,"" ""Firefly Cosmic Light Projection,"" and ""Pumpkin Spice Latte."" On June 3, 2013, Jensen signed a contract with Universal Music Group Japan. Two days later, Madison Avenue Records through its YouTube channel released the cover artworks, video teaser clips, background story, and two songs: ""Kana Kana"" and ""Upside Down World""; ""Tea Bag Chocolate"" would be released September 11 that same year. Less than three months later, the album's title was revealed to be: I Love You Madly. Alongside the release, both digitally downloaded versions and physical CD versions of Upside Down World became available across digital retailers around the globe. Personal life As of March 2015, Jensen resides in New York City.",Bloom-7B,0,3205,497
"Tesla served as a vice president of the American Institute of Electrical Engineers, the forerunner (along with the Institute of Radio Engineers) of the modern-day IEEE, from 1892 to 1894. Tesla was one of ten engineers who signed an agreement in February 1891 that led to independent foundations for both organizations. In 1895 he and fellow inventor Nikola Tesla were hired by Thomas Edison to build his new electrical transmission system - the Western Electric Transmission Company's extension of their current distribution network into western New York State. The cable would carry electricity upstate at higher voltages than had been used before, enabling far greater power generation capacity. Later life Tesla moved into Mount Vernon in 1902 after buying out John Dillwyn's interest. In 1906 he spent approximately 2 million on improvements including two large garages. He resided there until his death; however, from 1904 to 1913, family members lived in Lakewood Park. From , he rented apartments in Palm Beach Gardens near West Palm Beachedown which later became part of Tropicana Field where his son Wayne played baseball professionally. Tesla sold most of his patents when he died but several still held value today - notably his machine vision theory, the Dirac delta function, quantum mechanics and relativity - all some time prior to World War II or mass production of computers. On September 10, 1905, Tesla wrote to George Eastman about what he called ""the impossible"" using photographs taken from cameras like the 35mm Kodak, five feet above ground level: ""But I am convinced this camera will take better pictures if it is set such that its image can be seen through a telescope. Seeing more clearly thus increases one's ability to identify objects within the picture.... This proves beyond doubt the truth of my earlier statements that photographic accuracy depends upon the size of the object phot